tanggal,produk_id,total_qty,total_penjualan,jumlah_transaksi
2025-09-01,1,10,950000,2
2025-09-01,2,5,475000,1
2025-09-01,3,16,1152000,2
2025-09-01,4,11,682000,1
2025-09-01,5,10,360000,1
2025-09-01,6,14,252000,1
2025-09-01,7,14,238000,1
2025-09-01,8,26,130000,1
2025-09-01,9,21,84000,1
2025-09-01,10,33,66000,2
2025-09-01,11,5,60000,1
2025-09-01,12,7,35000,1
2025-09-01,13,36,54000,2
2025-09-01,14,3,90000,3
2025-09-01,15,11,341000,2
2025-09-01,16,19,47500,2
2025-09-01,17,2,32000,1
2025-09-01,18,7,24500,2
2025-09-01,19,7,38500,2
2025-09-01,20,3,30000,2
2025-09-02,1,13,1235000,1
2025-09-02,2,5,475000,2
2025-09-02,3,14,1008000,2
2025-09-02,4,4,248000,1
2025-09-02,5,9,324000,3
2025-09-02,6,16,288000,3
2025-09-02,7,7,119000,1
2025-09-02,8,23,115000,2
2025-09-02,9,20,80000,1
2025-09-02,10,26,52000,2
2025-09-02,11,5,60000,1
2025-09-02,12,14,70000,1
2025-09-02,13,34,51000,1
2025-09-02,14,5,150000,3
2025-09-02,15,20,620000,2
2025-09-02,16,14,35000,1
2025-09-02,17,4,64000,2
2025-09-02,18,2,7000,1
2025-09-02,19,6,33000,2
2025-09-02,20,6,60000,2
2025-09-03,1,11,1045000,1
2025-09-03,2,6,570000,1
2025-09-03,3,13,936000,2
2025-09-03,4,7,434000,1
2025-09-03,5,7,252000,2
2025-09-03,6,12,216000,1
2025-09-03,7,9,153000,1
2025-09-03,8,28,140000,2
2025-09-03,9,27,108000,2
2025-09-03,10,13,26000,1
2025-09-03,11,7,84000,1
2025-09-03,12,8,40000,1
2025-09-03,13,28,42000,1
2025-09-03,14,11,330000,1
2025-09-03,15,20,620000,1
2025-09-03,16,29,72500,1
2025-09-03,17,3,48000,1
2025-09-03,18,6,21000,1
2025-09-03,19,12,66000,2
2025-09-03,20,7,70000,1
2025-09-04,1,7,665000,1
2025-09-04,2,5,475000,1
2025-09-04,3,9,648000,2
2025-09-04,4,5,310000,1
2025-09-04,5,13,468000,2
2025-09-04,6,22,396000,1
2025-09-04,7,10,170000,1
2025-09-04,8,27,135000,3
2025-09-04,9,28,112000,3
2025-09-04,10,23,46000,1
2025-09-04,11,7,84000,1
2025-09-04,12,13,65000,3
2025-09-04,13,34,51000,2
2025-09-04,14,14,420000,1
2025-09-04,15,8,248000,2
2025-09-04,16,28,70000,3
2025-09-04,17,4,64000,1
2025-09-04,18,6,21000,1
2025-09-04,19,11,60500,1
2025-09-04,20,2,20000,1
2025-09-05,1,8,760000,2
2025-09-05,2,6,570000,1
2025-09-05,3,18,1296000,1
2025-09-05,4,6,372000,2
2025-09-05,5,9,324000,3
2025-09-05,6,13,234000,1
2025-09-05,7,12,204000,1
2025-09-05,8,23,115000,1
2025-09-05,9,21,84000,1
2025-09-05,10,33,66000,1
2025-09-05,11,7,84000,1
2025-09-05,12,11,55000,1
2025-09-05,13,28,42000,1
2025-09-05,14,8,240000,1
2025-09-05,15,15,465000,2
2025-09-05,16,12,30000,2
2025-09-05,17,5,80000,1
2025-09-05,18,7,24500,3
2025-09-05,19,11,60500,1
2025-09-05,20,5,50000,3
2025-09-06,1,6,570000,1
2025-09-06,2,5,475000,3
2025-09-06,3,13,936000,1
2025-09-06,4,5,310000,2
2025-09-06,5,11,396000,1
2025-09-06,6,17,306000,2
2025-09-06,7,15,255000,3
2025-09-06,8,28,140000,1
2025-09-06,9,33,132000,2
2025-09-06,10,29,58000,1
2025-09-06,11,2,24000,2
2025-09-06,12,8,40000,1
2025-09-06,13,39,58500,2
2025-09-06,14,19,570000,1
2025-09-06,15,15,465000,3
2025-09-06,16,25,62500,1
2025-09-06,17,5,80000,2
2025-09-06,18,4,14000,1
2025-09-06,19,19,104500,2
2025-09-06,20,6,60000,1
2025-09-07,1,13,1235000,1
2025-09-07,2,4,380000,1
2025-09-07,3,19,1368000,1
2025-09-07,4,4,248000,2
2025-09-07,5,13,468000,3
2025-09-07,6,25,450000,1
2025-09-07,7,8,136000,1
2025-09-07,8,21,105000,1
2025-09-07,9,31,124000,2
2025-09-07,10,25,50000,2
2025-09-07,11,3,36000,1
2025-09-07,12,8,40000,2
2025-09-07,13,28,42000,1
2025-09-07,14,12,360000,1
2025-09-07,15,12,372000,2
2025-09-07,16,33,82500,2
2025-09-07,17,3,48000,2
2025-09-07,18,5,17500,1
2025-09-07,19,17,93500,2
2025-09-07,20,3,30000,1
2025-09-08,1,8,760000,1
2025-09-08,2,7,665000,1
2025-09-08,3,7,504000,2
2025-09-08,4,7,434000,2
2025-09-08,5,10,360000,1
2025-09-08,6,17,306000,1
2025-09-08,7,6,102000,2
2025-09-08,8,9,45000,1
2025-09-08,9,25,100000,2
2025-09-08,10,27,54000,2
2025-09-08,11,6,72000,2
2025-09-08,12,8,40000,2
2025-09-08,13,24,36000,1
2025-09-08,14,8,240000,2
2025-09-08,15,15,465000,2
2025-09-08,16,15,37500,1
2025-09-08,17,6,96000,1
2025-09-08,18,6,21000,1
2025-09-08,19,5,27500,3
2025-09-08,20,5,50000,1
2025-09-09,1,5,475000,1
2025-09-09,2,6,570000,1
2025-09-09,3,15,1080000,1
2025-09-09,4,5,310000,1
2025-09-09,5,12,432000,1
2025-09-09,6,15,270000,1
2025-09-09,7,10,170000,1
2025-09-09,8,29,145000,1
2025-09-09,9,20,80000,1
2025-09-09,10,19,38000,1
2025-09-09,11,4,48000,2
2025-09-09,12,6,30000,1
2025-09-09,13,29,43500,2
2025-09-09,14,8,240000,1
2025-09-09,15,15,465000,1
2025-09-09,16,24,60000,3
2025-09-09,17,4,64000,1
2025-09-09,18,8,28000,2
2025-09-09,19,9,49500,2
2025-09-09,20,9,90000,1
2025-09-10,1,9,855000,3
2025-09-10,2,3,285000,1
2025-09-10,3,8,576000,2
2025-09-10,4,8,496000,1
2025-09-10,5,9,324000,1
2025-09-10,6,16,288000,1
2025-09-10,7,10,170000,2
2025-09-10,8,17,85000,1
2025-09-10,9,16,64000,1
2025-09-10,10,13,26000,2
2025-09-10,11,5,60000,2
2025-09-10,12,10,50000,3
2025-09-10,13,31,46500,1
2025-09-10,14,4,120000,3
2025-09-10,15,15,465000,1
2025-09-10,16,22,55000,2
2025-09-10,17,2,32000,1
2025-09-10,18,6,21000,1
2025-09-10,19,10,55000,1
2025-09-10,20,3,30000,1
2025-09-11,1,8,760000,1
2025-09-11,2,5,475000,2
2025-09-11,3,15,1080000,1
2025-09-11,4,9,558000,1
2025-09-11,5,6,216000,1
2025-09-11,6,10,180000,1
2025-09-11,7,10,170000,1
2025-09-11,8,21,105000,1
2025-09-11,9,25,100000,1
2025-09-11,10,53,106000,1
2025-09-11,11,7,84000,2
2025-09-11,12,10,50000,2
2025-09-11,13,37,55500,1
2025-09-11,14,9,270000,1
2025-09-11,15,14,434000,1
2025-09-11,16,24,60000,3
2025-09-11,17,2,32000,1
2025-09-11,18,5,17500,1
2025-09-11,19,8,44000,1
2025-09-11,20,5,50000,3
2025-09-12,1,13,1235000,2
2025-09-12,2,3,285000,3
2025-09-12,3,14,1008000,2
2025-09-12,4,3,186000,3
2025-09-12,5,8,288000,1
2025-09-12,6,18,324000,2
2025-09-12,7,9,153000,1
2025-09-12,8,11,55000,1
2025-09-12,9,17,68000,1
2025-09-12,10,30,60000,1
2025-09-12,11,4,48000,2
2025-09-12,12,8,40000,1
2025-09-12,13,30,45000,1
2025-09-12,14,6,180000,1
2025-09-12,15,21,651000,1
2025-09-12,16,23,57500,1
2025-09-12,18,6,21000,1
2025-09-12,19,7,38500,1
2025-09-12,20,6,60000,3
2025-09-13,1,8,760000,1
2025-09-13,2,6,570000,1
2025-09-13,3,16,1152000,1
2025-09-13,4,9,558000,1
2025-09-13,5,8,288000,3
2025-09-13,6,13,234000,2
2025-09-13,7,9,153000,3
2025-09-13,8,20,100000,1
2025-09-13,9,47,188000,2
2025-09-13,10,33,66000,1
2025-09-13,11,3,36000,2
2025-09-13,12,11,55000,1
2025-09-13,13,59,88500,2
2025-09-13,14,14,420000,1
2025-09-13,15,10,310000,1
2025-09-13,16,19,47500,1
2025-09-13,17,7,112000,1
2025-09-13,18,4,14000,1
2025-09-13,19,16,88000,2
2025-09-13,20,6,60000,2
2025-09-14,1,8,760000,1
2025-09-14,2,6,570000,3
2025-09-14,3,2,144000,1
2025-09-14,4,5,310000,1
2025-09-14,5,10,360000,1
2025-09-14,6,9,162000,1
2025-09-14,7,15,255000,1
2025-09-14,8,13,65000,2
2025-09-14,9,26,104000,1
2025-09-14,10,31,62000,1
2025-09-14,11,10,120000,2
2025-09-14,12,5,25000,1
2025-09-14,13,50,75000,2
2025-09-14,14,10,300000,1
2025-09-14,15,12,372000,1
2025-09-14,16,26,65000,2
2025-09-14,17,5,80000,3
2025-09-14,18,5,17500,3
2025-09-14,19,14,77000,1
2025-09-14,20,4,40000,1
2025-09-15,1,8,760000,1
2025-09-15,2,6,570000,1
2025-09-15,3,16,1152000,1
2025-09-15,4,4,248000,2
2025-09-15,5,15,540000,1
2025-09-15,6,5,90000,2
2025-09-15,7,8,136000,1
2025-09-15,8,21,105000,3
2025-09-15,9,23,92000,2
2025-09-15,10,20,40000,1
2025-09-15,11,5,60000,1
2025-09-15,12,6,30000,1
2025-09-15,13,25,37500,1
2025-09-15,14,10,300000,1
2025-09-15,15,16,496000,2
2025-09-15,16,15,37500,3
2025-09-15,17,5,80000,1
2025-09-15,18,6,21000,3
2025-09-15,19,12,66000,2
2025-09-15,20,5,50000,2
2025-09-16,1,6,570000,1
2025-09-16,2,4,380000,1
2025-09-16,3,14,1008000,1
2025-09-16,4,8,496000,2
2025-09-16,5,9,324000,2
2025-09-16,6,14,252000,2
2025-09-16,7,11,187000,2
2025-09-16,8,14,70000,2
2025-09-16,9,25,100000,1
2025-09-16,10,23,46000,3
2025-09-16,11,5,60000,3
2025-09-16,12,10,50000,3
2025-09-16,13,36,54000,3
2025-09-16,14,10,300000,1
2025-09-16,15,18,558000,2
2025-09-16,16,20,50000,3
2025-09-16,17,5,80000,1
2025-09-16,18,5,17500,2
2025-09-16,19,11,60500,1
2025-09-16,20,4,40000,3
2025-09-17,1,8,760000,1
2025-09-17,2,6,570000,3
2025-09-17,3,9,648000,2
2025-09-17,4,11,682000,1
2025-09-17,5,7,252000,1
2025-09-17,6,8,144000,1
2025-09-17,7,11,187000,1
2025-09-17,8,22,110000,3
2025-09-17,9,26,104000,1
2025-09-17,10,29,58000,3
2025-09-17,11,5,60000,1
2025-09-17,12,5,25000,1
2025-09-17,13,30,45000,3
2025-09-17,14,6,180000,1
2025-09-17,15,17,527000,1
2025-09-17,16,19,47500,2
2025-09-17,17,2,32000,1
2025-09-17,18,5,17500,1
2025-09-17,19,11,60500,1
2025-09-17,20,4,40000,1
2025-09-18,1,6,570000,1
2025-09-18,2,5,475000,1
2025-09-18,3,12,864000,2
2025-09-18,4,5,310000,1
2025-09-18,5,8,288000,1
2025-09-18,6,14,252000,1
2025-09-18,7,5,85000,1
2025-09-18,8,9,45000,2
2025-09-18,9,17,68000,1
2025-09-18,10,23,46000,1
2025-09-18,11,6,72000,1
2025-09-18,12,11,55000,1
2025-09-18,13,36,54000,1
2025-09-18,14,7,210000,2
2025-09-18,15,14,434000,1
2025-09-18,16,13,32500,1
2025-09-18,17,3,48000,1
2025-09-18,18,5,17500,1
2025-09-18,19,11,60500,1
2025-09-18,20,3,30000,3
2025-09-19,1,9,855000,2
2025-09-19,2,7,665000,1
2025-09-19,3,11,792000,1
2025-09-19,4,7,434000,3
2025-09-19,5,11,396000,1
2025-09-19,6,12,216000,1
2025-09-19,7,9,153000,1
2025-09-19,8,18,90000,1
2025-09-19,9,22,88000,1
2025-09-19,10,19,38000,1
2025-09-19,11,6,72000,2
2025-09-19,12,9,45000,2
2025-09-19,13,40,60000,2
2025-09-19,14,10,300000,1
2025-09-19,15,21,651000,1
2025-09-19,16,15,37500,3
2025-09-19,17,5,80000,1
2025-09-19,18,6,21000,1
2025-09-19,19,17,93500,1
2025-09-19,20,3,30000,1
2025-09-20,1,8,760000,2
2025-09-20,2,5,475000,2
2025-09-20,3,6,432000,1
2025-09-20,4,6,372000,1
2025-09-20,5,9,324000,1
2025-09-20,6,16,288000,1
2025-09-20,7,11,187000,1
2025-09-20,8,44,220000,3
2025-09-20,9,39,156000,1
2025-09-20,10,24,48000,1
2025-09-20,11,4,48000,1
2025-09-20,12,10,50000,1
2025-09-20,13,26,39000,2
2025-09-20,14,17,510000,2
2025-09-20,15,19,589000,1
2025-09-20,16,19,47500,1
2025-09-20,17,2,32000,2
2025-09-20,18,8,28000,1
2025-09-20,19,13,71500,1
2025-09-20,20,7,70000,1
2025-09-21,1,5,475000,1
2025-09-21,2,5,475000,1
2025-09-21,3,14,1008000,1
2025-09-21,4,7,434000,1
2025-09-21,5,10,360000,1
2025-09-21,6,18,324000,2
2025-09-21,7,7,119000,1
2025-09-21,8,25,125000,2
2025-09-21,9,31,124000,1
2025-09-21,10,34,68000,2
2025-09-21,11,8,96000,2
2025-09-21,12,5,25000,1
2025-09-21,13,24,36000,1
2025-09-21,14,15,450000,1
2025-09-21,15,16,496000,1
2025-09-21,16,17,42500,1
2025-09-21,17,8,128000,2
2025-09-21,18,6,21000,2
2025-09-21,19,19,104500,3
2025-09-21,20,5,50000,2
2025-09-22,1,12,1140000,2
2025-09-22,2,8,760000,1
2025-09-22,3,11,792000,1
2025-09-22,4,9,558000,1
2025-09-22,5,11,396000,1
2025-09-22,6,19,342000,1
2025-09-22,7,6,102000,1
2025-09-22,8,22,110000,2
2025-09-22,9,28,112000,1
2025-09-22,10,11,22000,2
2025-09-22,11,3,36000,1
2025-09-22,12,3,15000,1
2025-09-22,13,27,40500,2
2025-09-22,14,10,300000,1
2025-09-22,15,19,589000,1
2025-09-22,16,20,50000,2
2025-09-22,17,6,96000,1
2025-09-22,18,3,10500,1
2025-09-22,19,4,22000,3
2025-09-22,20,4,40000,2
2025-09-23,1,8,760000,2
2025-09-23,2,4,380000,2
2025-09-23,3,5,360000,2
2025-09-23,4,6,372000,1
2025-09-23,5,6,216000,3
2025-09-23,6,16,288000,1
2025-09-23,7,9,153000,1
2025-09-23,8,12,60000,1
2025-09-23,9,18,72000,1
2025-09-23,10,17,34000,3
2025-09-23,11,5,60000,2
2025-09-23,12,10,50000,2
2025-09-23,13,22,33000,1
2025-09-23,14,9,270000,1
2025-09-23,15,13,403000,3
2025-09-23,16,15,37500,1
2025-09-23,17,3,48000,1
2025-09-23,18,4,14000,1
2025-09-23,19,8,44000,1
2025-09-23,20,3,30000,1
2025-09-24,1,12,1140000,1
2025-09-24,2,5,475000,1
2025-09-24,3,9,648000,2
2025-09-24,4,7,434000,1
2025-09-24,5,9,324000,2
2025-09-24,6,13,234000,1
2025-09-24,7,10,170000,1
2025-09-24,8,22,110000,1
2025-09-24,9,18,72000,3
2025-09-24,10,20,40000,1
2025-09-24,11,5,60000,1
2025-09-24,12,2,10000,1
2025-09-24,13,18,27000,3
2025-09-24,14,11,330000,1
2025-09-24,15,19,589000,2
2025-09-24,16,18,45000,1
2025-09-24,17,4,64000,2
2025-09-24,18,6,21000,2
2025-09-24,19,20,110000,3
2025-09-24,20,6,60000,3
2025-09-25,1,7,665000,1
2025-09-25,2,3,285000,1
2025-09-25,3,7,504000,1
2025-09-25,4,7,434000,2
2025-09-25,5,8,288000,2
2025-09-25,6,8,144000,1
2025-09-25,7,7,119000,1
2025-09-25,8,11,55000,3
2025-09-25,9,33,132000,1
2025-09-25,10,31,62000,1
2025-09-25,11,5,60000,1
2025-09-25,12,11,55000,1
2025-09-25,13,30,45000,1
2025-09-25,14,5,150000,1
2025-09-25,15,19,589000,1
2025-09-25,16,23,57500,2
2025-09-25,17,3,48000,3
2025-09-25,18,5,17500,2
2025-09-25,19,6,33000,2
2025-09-25,20,2,20000,2
2025-09-26,1,10,950000,2
2025-09-26,2,8,760000,1
2025-09-26,3,7,504000,1
2025-09-26,4,8,496000,1
2025-09-26,5,8,288000,2
2025-09-26,6,11,198000,1
2025-09-26,7,7,119000,2
2025-09-26,8,12,60000,3
2025-09-26,9,22,88000,2
2025-09-26,10,18,36000,2
2025-09-26,11,6,72000,1
2025-09-26,12,7,35000,2
2025-09-26,13,28,42000,1
2025-09-26,14,5,150000,2
2025-09-26,15,13,403000,1
2025-09-26,16,24,60000,2
2025-09-26,17,4,64000,1
2025-09-26,18,4,14000,2
2025-09-26,19,10,55000,1
2025-09-26,20,6,60000,2
2025-09-27,1,5,475000,1
2025-09-27,2,7,665000,1
2025-09-27,3,12,864000,2
2025-09-27,4,9,558000,1
2025-09-27,5,9,324000,1
2025-09-27,6,7,126000,1
2025-09-27,7,6,102000,1
2025-09-27,8,27,135000,1
2025-09-27,9,33,132000,1
2025-09-27,10,21,42000,1
2025-09-27,11,8,96000,1
2025-09-27,12,4,20000,1
2025-09-27,13,38,57000,1
2025-09-27,14,5,150000,3
2025-09-27,15,13,403000,2
2025-09-27,16,23,57500,1
2025-09-27,17,3,48000,1
2025-09-27,18,5,17500,1
2025-09-27,19,18,99000,1
2025-09-27,20,4,40000,1
2025-09-28,1,14,1330000,2
2025-09-28,2,3,285000,1
2025-09-28,3,16,1152000,1
2025-09-28,4,11,682000,2
2025-09-28,5,4,144000,1
2025-09-28,6,11,198000,1
2025-09-28,7,12,204000,1
2025-09-28,8,25,125000,1
2025-09-28,9,34,136000,2
2025-09-28,10,24,48000,1
2025-09-28,11,7,84000,1
2025-09-28,12,8,40000,1
2025-09-28,13,50,75000,1
2025-09-28,14,11,330000,1
2025-09-28,15,16,496000,1
2025-09-28,16,20,50000,1
2025-09-28,17,4,64000,1
2025-09-28,18,5,17500,2
2025-09-28,19,15,82500,1
2025-09-28,20,4,40000,1
2025-09-29,1,8,760000,1
2025-09-29,2,8,760000,1
2025-09-29,3,14,1008000,1
2025-09-29,4,6,372000,1
2025-09-29,5,13,468000,1
2025-09-29,6,12,216000,2
2025-09-29,7,4,68000,2
2025-09-29,8,11,55000,1
2025-09-29,9,9,36000,1
2025-09-29,10,22,44000,1
2025-09-29,11,6,72000,1
2025-09-29,12,12,60000,2
2025-09-29,13,32,48000,1
2025-09-29,14,7,210000,2
2025-09-29,15,17,527000,1
2025-09-29,16,6,15000,1
2025-09-29,17,4,64000,1
2025-09-29,18,7,24500,1
2025-09-29,19,4,22000,1
2025-09-29,20,6,60000,2
2025-09-30,1,8,760000,2
2025-09-30,2,4,380000,1
2025-09-30,3,13,936000,1
2025-09-30,4,11,682000,2
2025-09-30,5,10,360000,1
2025-09-30,6,15,270000,1
2025-09-30,7,7,119000,1
2025-09-30,8,12,60000,1
2025-09-30,9,27,108000,2
2025-09-30,10,18,36000,1
2025-09-30,11,6,72000,1
2025-09-30,12,6,30000,1
2025-09-30,13,33,49500,3
2025-09-30,14,8,240000,2
2025-09-30,15,18,558000,1
2025-09-30,16,16,40000,1
2025-09-30,17,3,48000,2
2025-09-30,18,4,14000,1
2025-09-30,19,8,44000,3
2025-09-30,20,5,50000,2
2025-10-01,1,11,1045000,1
2025-10-01,2,3,285000,3
2025-10-01,3,16,1152000,1
2025-10-01,4,11,682000,1
2025-10-01,5,12,432000,1
2025-10-01,6,25,450000,2
2025-10-01,7,8,136000,1
2025-10-01,8,11,55000,1
2025-10-01,9,11,44000,2
2025-10-01,10,41,82000,3
2025-10-01,11,8,96000,2
2025-10-01,12,9,45000,1
2025-10-01,13,36,54000,2
2025-10-01,14,5,150000,3
2025-10-01,15,25,775000,3
2025-10-01,16,23,57500,2
2025-10-01,17,4,64000,3
2025-10-01,18,8,28000,3
2025-10-01,19,13,71500,2
2025-10-01,20,6,60000,2
2025-10-02,1,7,665000,1
2025-10-02,2,6,570000,2
2025-10-02,3,20,1440000,2
2025-10-02,4,11,682000,1
2025-10-02,5,16,576000,1
2025-10-02,6,13,234000,3
2025-10-02,7,7,119000,2
2025-10-02,8,19,95000,1
2025-10-02,9,25,100000,3
2025-10-02,10,38,76000,2
2025-10-02,11,2,24000,2
2025-10-02,12,13,65000,1
2025-10-02,13,33,49500,2
2025-10-02,14,7,210000,1
2025-10-02,15,13,403000,1
2025-10-02,16,11,27500,1
2025-10-02,17,6,96000,1
2025-10-02,18,7,24500,3
2025-10-02,19,6,33000,2
2025-10-02,20,3,30000,1
2025-10-03,1,8,760000,1
2025-10-03,2,9,855000,1
2025-10-03,3,12,864000,2
2025-10-03,4,4,248000,2
2025-10-03,5,10,360000,1
2025-10-03,6,14,252000,1
2025-10-03,7,3,51000,2
2025-10-03,8,20,100000,2
2025-10-03,9,23,92000,2
2025-10-03,10,34,68000,2
2025-10-03,11,11,132000,1
2025-10-03,12,12,60000,1
2025-10-03,13,32,48000,2
2025-10-03,14,5,150000,2
2025-10-03,15,26,806000,1
2025-10-03,16,23,57500,1
2025-10-03,17,4,64000,2
2025-10-03,18,6,21000,2
2025-10-03,19,12,66000,1
2025-10-03,20,5,50000,2
2025-10-04,1,10,950000,1
2025-10-04,2,6,570000,2
2025-10-04,3,16,1152000,2
2025-10-04,4,7,434000,2
2025-10-04,5,10,360000,3
2025-10-04,6,18,324000,2
2025-10-04,7,11,187000,1
2025-10-04,8,47,235000,2
2025-10-04,9,7,28000,1
2025-10-04,10,45,90000,2
2025-10-04,11,11,132000,2
2025-10-04,12,3,15000,1
2025-10-04,13,41,61500,1
2025-10-04,14,10,300000,1
2025-10-04,15,13,403000,1
2025-10-04,16,20,50000,1
2025-10-04,17,3,48000,2
2025-10-04,18,11,38500,2
2025-10-04,19,21,115500,2
2025-10-04,20,8,80000,3
2025-10-05,1,15,1425000,3
2025-10-05,2,4,380000,1
2025-10-05,3,14,1008000,1
2025-10-05,4,10,620000,2
2025-10-05,5,9,324000,1
2025-10-05,6,21,378000,3
2025-10-05,7,11,187000,1
2025-10-05,8,26,130000,1
2025-10-05,9,42,168000,3
2025-10-05,10,39,78000,1
2025-10-05,11,6,72000,1
2025-10-05,12,13,65000,1
2025-10-05,13,32,48000,1
2025-10-05,14,14,420000,2
2025-10-05,15,20,620000,1
2025-10-05,16,23,57500,1
2025-10-05,17,6,96000,1
2025-10-05,18,4,14000,1
2025-10-05,19,21,115500,1
2025-10-05,20,5,50000,1
2025-10-06,1,6,570000,1
2025-10-06,2,6,570000,1
2025-10-06,3,9,648000,1
2025-10-06,4,4,248000,1
2025-10-06,5,6,216000,3
2025-10-06,6,16,288000,1
2025-10-06,7,6,102000,1
2025-10-06,8,29,145000,1
2025-10-06,9,8,32000,1
2025-10-06,10,37,74000,1
2025-10-06,11,6,72000,1
2025-10-06,12,7,35000,1
2025-10-06,13,25,37500,1
2025-10-06,14,9,270000,1
2025-10-06,15,14,434000,1
2025-10-06,16,26,65000,1
2025-10-06,17,4,64000,1
2025-10-06,18,6,21000,2
2025-10-06,19,8,44000,1
2025-10-06,20,4,40000,2
2025-10-07,1,8,760000,2
2025-10-07,2,3,285000,3
2025-10-07,3,7,504000,1
2025-10-07,4,8,496000,2
2025-10-07,5,10,360000,1
2025-10-07,6,13,234000,1
2025-10-07,7,9,153000,1
2025-10-07,8,20,100000,2
2025-10-07,9,18,72000,1
2025-10-07,10,19,38000,2
2025-10-07,11,6,72000,1
2025-10-07,12,5,25000,1
2025-10-07,13,33,49500,1
2025-10-07,14,3,90000,2
2025-10-07,15,18,558000,1
2025-10-07,16,22,55000,1
2025-10-07,17,4,64000,3
2025-10-07,18,7,24500,1
2025-10-07,19,15,82500,2
2025-10-07,20,6,60000,1
2025-10-08,1,3,285000,2
2025-10-08,2,2,190000,1
2025-10-08,3,10,720000,1
2025-10-08,4,7,434000,1
2025-10-08,5,11,396000,1
2025-10-08,6,10,180000,1
2025-10-08,7,9,153000,1
2025-10-08,8,13,65000,1
2025-10-08,9,17,68000,2
2025-10-08,10,14,28000,1
2025-10-08,11,4,48000,3
2025-10-08,12,4,20000,1
2025-10-08,13,22,33000,1
2025-10-08,14,10,300000,1
2025-10-08,15,12,372000,1
2025-10-08,16,35,87500,2
2025-10-08,17,4,64000,1
2025-10-08,18,6,21000,2
2025-10-08,19,6,33000,1
2025-10-08,20,6,60000,2
2025-10-09,1,6,570000,3
2025-10-09,2,5,475000,2
2025-10-09,3,19,1368000,1
2025-10-09,4,6,372000,1
2025-10-09,5,12,432000,1
2025-10-09,6,11,198000,1
2025-10-09,7,8,136000,1
2025-10-09,8,29,145000,3
2025-10-09,9,17,68000,2
2025-10-09,10,38,76000,1
2025-10-09,11,7,84000,1
2025-10-09,12,6,30000,1
2025-10-09,13,34,51000,1
2025-10-09,14,10,300000,1
2025-10-09,15,16,496000,2
2025-10-09,16,10,25000,2
2025-10-09,17,2,32000,1
2025-10-09,18,5,17500,2
2025-10-09,19,9,49500,3
2025-10-09,20,5,50000,1
2025-10-10,1,8,760000,2
2025-10-10,2,2,190000,1
2025-10-10,3,13,936000,2
2025-10-10,4,8,496000,3
2025-10-10,5,11,396000,3
2025-10-10,6,18,324000,1
2025-10-10,7,10,170000,1
2025-10-10,8,20,100000,1
2025-10-10,9,21,84000,2
2025-10-10,10,12,24000,1
2025-10-10,11,6,72000,3
2025-10-10,12,8,40000,3
2025-10-10,13,32,48000,1
2025-10-10,14,4,120000,2
2025-10-10,15,11,341000,2
2025-10-10,16,26,65000,2
2025-10-10,17,3,48000,1
2025-10-10,18,7,24500,1
2025-10-10,19,10,55000,2
2025-10-10,20,5,50000,2
2025-10-11,1,14,1330000,2
2025-10-11,2,5,475000,2
2025-10-11,3,14,1008000,1
2025-10-11,4,6,372000,1
2025-10-11,5,10,360000,1
2025-10-11,6,13,234000,1
2025-10-11,7,11,187000,1
2025-10-11,8,22,110000,3
2025-10-11,9,42,168000,2
2025-10-11,10,21,42000,1
2025-10-11,11,6,72000,1
2025-10-11,12,7,35000,2
2025-10-11,13,53,79500,2
2025-10-11,14,11,330000,2
2025-10-11,15,19,589000,1
2025-10-11,16,12,30000,1
2025-10-11,17,5,80000,2
2025-10-11,18,7,24500,1
2025-10-11,19,14,77000,2
2025-10-11,20,7,70000,1
2025-10-12,1,9,855000,2
2025-10-12,2,9,855000,1
2025-10-12,3,22,1584000,1
2025-10-12,4,6,372000,2
2025-10-12,5,10,360000,2
2025-10-12,6,22,396000,1
2025-10-12,7,15,255000,1
2025-10-12,8,22,110000,1
2025-10-12,9,26,104000,1
2025-10-12,10,27,54000,1
2025-10-12,11,3,36000,1
2025-10-12,12,6,30000,2
2025-10-12,13,29,43500,1
2025-10-12,14,7,210000,2
2025-10-12,15,15,465000,2
2025-10-12,16,24,60000,1
2025-10-12,17,8,128000,2
2025-10-12,18,4,14000,2
2025-10-12,19,18,99000,2
2025-10-12,20,5,50000,1
2025-10-13,1,7,665000,2
2025-10-13,2,6,570000,1
2025-10-13,3,8,576000,1
2025-10-13,4,7,434000,2
2025-10-13,5,10,360000,1
2025-10-13,6,16,288000,1
2025-10-13,7,9,153000,1
2025-10-13,8,33,165000,1
2025-10-13,9,17,68000,2
2025-10-13,10,21,42000,1
2025-10-13,11,4,48000,3
2025-10-13,12,6,30000,1
2025-10-13,13,25,37500,1
2025-10-13,14,11,330000,1
2025-10-13,15,19,589000,3
2025-10-13,16,16,40000,1
2025-10-13,17,2,32000,2
2025-10-13,18,6,21000,1
2025-10-13,19,8,44000,1
2025-10-13,20,5,50000,1
2025-10-14,1,8,760000,1
2025-10-14,2,2,190000,1
2025-10-14,3,16,1152000,2
2025-10-14,4,10,620000,1
2025-10-14,5,8,288000,2
2025-10-14,6,12,216000,1
2025-10-14,7,9,153000,2
2025-10-14,8,20,100000,2
2025-10-14,9,26,104000,1
2025-10-14,10,40,80000,2
2025-10-14,11,5,60000,1
2025-10-14,12,6,30000,2
2025-10-14,13,19,28500,1
2025-10-14,14,5,150000,2
2025-10-14,15,14,434000,1
2025-10-14,16,30,75000,1
2025-10-14,17,3,48000,1
2025-10-14,18,6,21000,2
2025-10-14,19,9,49500,1
2025-10-14,20,6,60000,1
2025-10-15,1,14,1330000,3
2025-10-15,2,4,380000,2
2025-10-15,3,10,720000,1
2025-10-15,4,9,558000,1
2025-10-15,5,11,396000,1
2025-10-15,6,21,378000,2
2025-10-15,7,10,170000,2
2025-10-15,8,15,75000,1
2025-10-15,9,25,100000,1
2025-10-15,10,33,66000,1
2025-10-15,11,7,84000,2
2025-10-15,12,9,45000,2
2025-10-15,13,38,57000,1
2025-10-15,14,11,330000,2
2025-10-15,15,19,589000,1
2025-10-15,16,23,57500,1
2025-10-15,17,3,48000,1
2025-10-15,18,6,21000,1
2025-10-15,19,14,77000,1
2025-10-15,20,3,30000,2
2025-10-16,1,8,760000,2
2025-10-16,2,4,380000,1
2025-10-16,3,12,864000,2
2025-10-16,4,9,558000,1
2025-10-16,5,10,360000,1
2025-10-16,6,14,252000,1
2025-10-16,7,5,85000,2
2025-10-16,8,22,110000,2
2025-10-16,9,26,104000,1
2025-10-16,10,41,82000,3
2025-10-16,11,5,60000,1
2025-10-16,12,8,40000,3
2025-10-16,13,31,46500,2
2025-10-16,14,12,360000,3
2025-10-16,15,14,434000,1
2025-10-16,16,21,52500,1
2025-10-16,17,4,64000,1
2025-10-16,18,6,21000,2
2025-10-16,19,8,44000,3
2025-10-16,20,5,50000,1
2025-10-17,1,10,950000,1
2025-10-17,2,3,285000,2
2025-10-17,3,12,864000,2
2025-10-17,4,5,310000,1
2025-10-17,5,12,432000,2
2025-10-17,6,7,126000,2
2025-10-17,7,7,119000,3
2025-10-17,8,20,100000,1
2025-10-17,9,32,128000,1
2025-10-17,10,24,48000,1
2025-10-17,11,4,48000,3
2025-10-17,12,12,60000,1
2025-10-17,13,19,28500,1
2025-10-17,14,1,30000,1
2025-10-17,15,16,496000,1
2025-10-17,16,16,40000,1
2025-10-17,17,2,32000,1
2025-10-17,18,7,24500,1
2025-10-17,19,10,55000,2
2025-10-17,20,4,40000,1
2025-10-18,1,6,570000,3
2025-10-18,2,8,760000,3
2025-10-18,3,16,1152000,2
2025-10-18,4,7,434000,2
2025-10-18,5,16,576000,1
2025-10-18,6,10,180000,1
2025-10-18,7,6,102000,3
2025-10-18,8,20,100000,1
2025-10-18,9,30,120000,2
2025-10-18,10,32,64000,1
2025-10-18,11,6,72000,2
2025-10-18,12,9,45000,1
2025-10-18,13,26,39000,3
2025-10-18,14,15,450000,2
2025-10-18,15,15,465000,1
2025-10-18,16,30,75000,1
2025-10-18,17,5,80000,1
2025-10-18,18,7,24500,1
2025-10-18,19,16,88000,1
2025-10-18,20,6,60000,2
2025-10-19,1,13,1235000,1
2025-10-19,2,9,855000,1
2025-10-19,3,15,1080000,1
2025-10-19,4,9,558000,1
2025-10-19,5,11,396000,1
2025-10-19,6,22,396000,1
2025-10-19,7,8,136000,3
2025-10-19,8,44,220000,2
2025-10-19,9,30,120000,3
2025-10-19,10,17,34000,1
2025-10-19,11,7,84000,2
2025-10-19,12,7,35000,3
2025-10-19,13,47,70500,1
2025-10-19,14,8,240000,1
2025-10-19,15,14,434000,2
2025-10-19,16,9,22500,3
2025-10-19,17,4,64000,2
2025-10-19,18,3,10500,3
2025-10-19,19,6,33000,1
2025-10-19,20,6,60000,1
2025-10-20,1,9,855000,3
2025-10-20,2,5,475000,2
2025-10-20,3,9,648000,1
2025-10-20,4,6,372000,2
2025-10-20,5,9,324000,3
2025-10-20,6,9,162000,1
2025-10-20,7,12,204000,3
2025-10-20,8,23,115000,2
2025-10-20,9,20,80000,2
2025-10-20,10,25,50000,1
2025-10-20,11,6,72000,1
2025-10-20,12,3,15000,1
2025-10-20,13,28,42000,2
2025-10-20,14,6,180000,1
2025-10-20,15,11,341000,1
2025-10-20,16,18,45000,2
2025-10-20,17,6,96000,2
2025-10-20,18,7,24500,1
2025-10-20,19,8,44000,1
2025-10-20,20,5,50000,1
2025-10-21,1,11,1045000,1
2025-10-21,2,6,570000,1
2025-10-21,3,12,864000,3
2025-10-21,4,5,310000,1
2025-10-21,5,11,396000,3
2025-10-21,6,15,270000,1
2025-10-21,7,11,187000,1
2025-10-21,8,22,110000,1
2025-10-21,9,28,112000,2
2025-10-21,10,20,40000,1
2025-10-21,11,8,96000,1
2025-10-21,12,8,40000,2
2025-10-21,13,45,67500,2
2025-10-21,14,6,180000,1
2025-10-21,15,20,620000,1
2025-10-21,16,21,52500,1
2025-10-21,17,2,32000,1
2025-10-21,18,5,17500,1
2025-10-21,19,8,44000,2
2025-10-21,20,5,50000,1
2025-10-22,1,9,855000,1
2025-10-22,2,3,285000,1
2025-10-22,3,11,792000,3
2025-10-22,4,11,682000,2
2025-10-22,5,14,504000,1
2025-10-22,6,15,270000,1
2025-10-22,7,9,153000,1
2025-10-22,8,18,90000,2
2025-10-22,9,26,104000,1
2025-10-22,10,17,34000,1
2025-10-22,11,5,60000,1
2025-10-22,12,3,15000,2
2025-10-22,13,32,48000,1
2025-10-22,14,9,270000,1
2025-10-22,15,13,403000,2
2025-10-22,16,29,72500,1
2025-10-22,17,2,32000,1
2025-10-22,18,3,10500,3
2025-10-22,19,10,55000,1
2025-10-22,20,6,60000,1
2025-10-23,1,12,1140000,1
2025-10-23,2,4,380000,1
2025-10-23,3,15,1080000,1
2025-10-23,4,6,372000,2
2025-10-23,5,9,324000,2
2025-10-23,6,17,306000,2
2025-10-23,7,10,170000,1
2025-10-23,8,8,40000,2
2025-10-23,9,31,124000,1
2025-10-23,10,35,70000,2
2025-10-23,11,4,48000,2
2025-10-23,12,8,40000,1
2025-10-23,13,33,49500,1
2025-10-23,14,8,240000,1
2025-10-23,15,13,403000,1
2025-10-23,16,15,37500,1
2025-10-23,17,3,48000,1
2025-10-23,18,8,28000,1
2025-10-23,19,11,60500,1
2025-10-23,20,4,40000,1
2025-10-24,1,9,855000,1
2025-10-24,3,15,1080000,1
2025-10-24,4,3,186000,1
2025-10-24,5,9,324000,2
2025-10-24,6,9,162000,1
2025-10-24,7,6,102000,1
2025-10-24,8,25,125000,1
2025-10-24,9,18,72000,2
2025-10-24,10,27,54000,1
2025-10-24,11,5,60000,3
2025-10-24,12,9,45000,1
2025-10-24,13,30,45000,3
2025-10-24,14,4,120000,2
2025-10-24,15,17,527000,2
2025-10-24,16,17,42500,1
2025-10-24,17,1,16000,1
2025-10-24,18,5,17500,2
2025-10-24,19,15,82500,3
2025-10-24,20,6,60000,3
2025-10-25,1,10,950000,1
2025-10-25,2,5,475000,1
2025-10-25,3,13,936000,2
2025-10-25,4,12,744000,1
2025-10-25,5,12,432000,1
2025-10-25,6,17,306000,3
2025-10-25,7,13,221000,1
2025-10-25,8,29,145000,1
2025-10-25,9,28,112000,2
2025-10-25,10,28,56000,1
2025-10-25,11,6,72000,1
2025-10-25,12,8,40000,1
2025-10-25,13,46,69000,2
2025-10-25,14,10,300000,2
2025-10-25,15,18,558000,2
2025-10-25,16,22,55000,1
2025-10-25,17,5,80000,2
2025-10-25,18,2,7000,1
2025-10-25,19,18,99000,1
2025-10-25,20,6,60000,1
2025-10-26,1,14,1330000,1
2025-10-26,3,21,1512000,2
2025-10-26,4,7,434000,3
2025-10-26,5,14,504000,1
2025-10-26,6,10,180000,1
2025-10-26,7,12,204000,1
2025-10-26,8,17,85000,2
2025-10-26,9,25,100000,1
2025-10-26,10,47,94000,2
2025-10-26,11,6,72000,1
2025-10-26,12,9,45000,1
2025-10-26,13,47,70500,1
2025-10-26,14,12,360000,1
2025-10-26,15,16,496000,2
2025-10-26,16,25,62500,1
2025-10-26,17,10,160000,1
2025-10-26,18,6,21000,1
2025-10-26,19,14,77000,3
2025-10-26,20,7,70000,3
2025-10-27,1,10,950000,2
2025-10-27,2,7,665000,1
2025-10-27,3,13,936000,1
2025-10-27,4,4,248000,2
2025-10-27,5,14,504000,2
2025-10-27,6,9,162000,1
2025-10-27,7,9,153000,1
2025-10-27,8,13,65000,1
2025-10-27,9,21,84000,1
2025-10-27,10,27,54000,1
2025-10-27,11,6,72000,1
2025-10-27,12,9,45000,1
2025-10-27,13,42,63000,2
2025-10-27,14,9,270000,1
2025-10-27,15,14,434000,1
2025-10-27,16,25,62500,1
2025-10-27,17,5,80000,2
2025-10-27,18,3,10500,1
2025-10-27,19,12,66000,3
2025-10-27,20,6,60000,1
2025-10-28,1,7,665000,1
2025-10-28,2,7,665000,1
2025-10-28,3,11,792000,1
2025-10-28,4,7,434000,1
2025-10-28,5,9,324000,1
2025-10-28,6,14,252000,1
2025-10-28,7,6,102000,1
2025-10-28,8,8,40000,1
2025-10-28,9,32,128000,1
2025-10-28,10,18,36000,1
2025-10-28,11,3,36000,2
2025-10-28,12,3,15000,3
2025-10-28,13,25,37500,1
2025-10-28,14,4,120000,2
2025-10-28,15,19,589000,2
2025-10-28,16,26,65000,1
2025-10-28,17,2,32000,1
2025-10-28,18,10,35000,1
2025-10-28,19,13,71500,1
2025-10-28,20,4,40000,2
2025-10-29,1,2,190000,2
2025-10-29,2,9,855000,2
2025-10-29,3,7,504000,1
2025-10-29,4,3,186000,2
2025-10-29,5,12,432000,1
2025-10-29,6,24,432000,1
2025-10-29,7,12,204000,1
2025-10-29,8,21,105000,2
2025-10-29,9,25,100000,2
2025-10-29,10,31,62000,1
2025-10-29,11,7,84000,2
2025-10-29,12,8,40000,1
2025-10-29,13,30,45000,1
2025-10-29,14,7,210000,1
2025-10-29,15,12,372000,1
2025-10-29,16,18,45000,1
2025-10-29,17,1,16000,1
2025-10-29,18,5,17500,3
2025-10-29,19,6,33000,1
2025-10-29,20,3,30000,2
2025-10-30,1,8,760000,2
2025-10-30,2,7,665000,2
2025-10-30,3,14,1008000,1
2025-10-30,4,3,186000,1
2025-10-30,5,7,252000,1
2025-10-30,6,17,306000,1
2025-10-30,7,6,102000,2
2025-10-30,8,16,80000,1
2025-10-30,9,25,100000,1
2025-10-30,10,17,34000,2
2025-10-30,11,6,72000,1
2025-10-30,12,4,20000,1
2025-10-30,13,25,37500,2
2025-10-30,14,8,240000,1
2025-10-30,15,10,310000,2
2025-10-30,16,22,55000,2
2025-10-30,17,3,48000,2
2025-10-30,18,6,21000,1
2025-10-30,19,10,55000,1
2025-10-30,20,7,70000,2
2025-10-31,1,8,760000,2
2025-10-31,2,4,380000,3
2025-10-31,3,12,864000,1
2025-10-31,4,8,496000,2
2025-10-31,5,10,360000,2
2025-10-31,6,14,252000,2
2025-10-31,7,7,119000,1
2025-10-31,8,13,65000,3
2025-10-31,9,12,48000,2
2025-10-31,10,38,76000,2
2025-10-31,11,3,36000,2
2025-10-31,12,6,30000,2
2025-10-31,13,24,36000,3
2025-10-31,14,10,300000,1
2025-10-31,15,14,434000,1
2025-10-31,16,27,67500,2
2025-10-31,17,2,32000,2
2025-10-31,18,6,21000,2
2025-10-31,19,7,38500,1
2025-10-31,20,8,80000,3
2025-11-01,1,8,760000,2
2025-11-01,2,8,760000,2
2025-11-01,3,19,1368000,1
2025-11-01,4,9,558000,2
2025-11-01,5,12,432000,1
2025-11-01,6,17,306000,1
2025-11-01,7,12,204000,1
2025-11-01,8,29,145000,1
2025-11-01,9,45,180000,1
2025-11-01,10,57,114000,2
2025-11-01,11,6,72000,1
2025-11-01,12,5,25000,2
2025-11-01,13,43,64500,1
2025-11-01,14,22,660000,1
2025-11-01,15,15,465000,1
2025-11-01,16,39,97500,1
2025-11-01,17,9,144000,1
2025-11-01,18,6,21000,2
2025-11-01,19,19,104500,3
2025-11-01,20,9,90000,2
2025-11-02,1,11,1045000,3
2025-11-02,2,6,570000,3
2025-11-02,3,14,1008000,2
2025-11-02,4,6,372000,1
2025-11-02,5,11,396000,2
2025-11-02,6,11,198000,3
2025-11-02,7,12,204000,1
2025-11-02,8,22,110000,2
2025-11-02,9,37,148000,3
2025-11-02,10,18,36000,1
2025-11-02,11,8,96000,1
2025-11-02,12,12,60000,1
2025-11-02,13,22,33000,1
2025-11-02,14,13,390000,1
2025-11-02,15,22,682000,1
2025-11-02,16,16,40000,2
2025-11-02,17,9,144000,1
2025-11-02,18,8,28000,1
2025-11-02,19,12,66000,1
2025-11-02,20,6,60000,1
2025-11-03,1,10,950000,2
2025-11-03,2,5,475000,1
2025-11-03,3,15,1080000,1
2025-11-03,4,5,310000,1
2025-11-03,5,11,396000,2
2025-11-03,6,9,162000,2
2025-11-03,7,10,170000,1
2025-11-03,8,14,70000,1
2025-11-03,9,19,76000,1
2025-11-03,10,39,78000,1
2025-11-03,11,9,108000,2
2025-11-03,12,10,50000,1
2025-11-03,13,25,37500,1
2025-11-03,14,8,240000,1
2025-11-03,15,21,651000,2
2025-11-03,16,23,57500,1
2025-11-03,17,8,128000,1
2025-11-03,18,7,24500,1
2025-11-03,19,12,66000,1
2025-11-03,20,5,50000,1
2025-11-04,1,9,855000,1
2025-11-04,2,5,475000,3
2025-11-04,3,16,1152000,1
2025-11-04,4,10,620000,1
2025-11-04,5,9,324000,1
2025-11-04,6,9,162000,2
2025-11-04,7,5,85000,2
2025-11-04,8,24,120000,1
2025-11-04,9,16,64000,1
2025-11-04,10,10,20000,2
2025-11-04,11,7,84000,1
2025-11-04,12,16,80000,2
2025-11-04,13,34,51000,2
2025-11-04,14,11,330000,2
2025-11-04,15,17,527000,1
2025-11-04,16,22,55000,2
2025-11-04,17,6,96000,2
2025-11-04,18,6,21000,1
2025-11-04,19,12,66000,1
2025-11-04,20,6,60000,3
2025-11-05,1,7,665000,2
2025-11-05,2,7,665000,1
2025-11-05,3,13,936000,1
2025-11-05,4,6,372000,1
2025-11-05,5,13,468000,1
2025-11-05,6,11,198000,1
2025-11-05,7,10,170000,2
2025-11-05,8,20,100000,3
2025-11-05,9,33,132000,1
2025-11-05,10,32,64000,2
2025-11-05,11,6,72000,1
2025-11-05,12,11,55000,2
2025-11-05,13,46,69000,2
2025-11-05,14,10,300000,1
2025-11-05,15,17,527000,1
2025-11-05,16,13,32500,1
2025-11-05,17,2,32000,2
2025-11-05,18,6,21000,1
2025-11-05,19,9,49500,1
2025-11-05,20,5,50000,2
2025-11-06,1,8,760000,1
2025-11-06,2,5,475000,2
2025-11-06,3,11,792000,1
2025-11-06,4,8,496000,1
2025-11-06,5,10,360000,3
2025-11-06,6,5,90000,1
2025-11-06,7,6,102000,1
2025-11-06,8,17,85000,1
2025-11-06,9,14,56000,2
2025-11-06,10,29,58000,1
2025-11-06,11,9,108000,1
2025-11-06,12,10,50000,1
2025-11-06,13,28,42000,1
2025-11-06,14,12,360000,1
2025-11-06,15,15,465000,1
2025-11-06,16,17,42500,1
2025-11-06,17,3,48000,1
2025-11-06,18,5,17500,1
2025-11-06,19,8,44000,1
2025-11-06,20,5,50000,2
2025-11-07,1,8,760000,1
2025-11-07,2,5,475000,2
2025-11-07,3,13,936000,2
2025-11-07,4,9,558000,2
2025-11-07,5,12,432000,2
2025-11-07,6,7,126000,1
2025-11-07,7,3,51000,2
2025-11-07,8,23,115000,1
2025-11-07,9,12,48000,2
2025-11-07,10,23,46000,1
2025-11-07,11,3,36000,1
2025-11-07,12,3,15000,1
2025-11-07,13,34,51000,3
2025-11-07,14,10,300000,1
2025-11-07,15,13,403000,1
2025-11-07,16,4,10000,1
2025-11-07,17,3,48000,2
2025-11-07,18,6,21000,2
2025-11-07,19,4,22000,2
2025-11-07,20,5,50000,1
2025-11-08,1,11,1045000,1
2025-11-08,2,7,665000,1
2025-11-08,3,14,1008000,1
2025-11-08,4,5,310000,1
2025-11-08,5,14,504000,1
2025-11-08,6,14,252000,3
2025-11-08,7,10,170000,2
2025-11-08,8,18,90000,2
2025-11-08,9,26,104000,1
2025-11-08,10,22,44000,1
2025-11-08,11,6,72000,1
2025-11-08,12,13,65000,1
2025-11-08,13,25,37500,3
2025-11-08,14,4,120000,1
2025-11-08,15,20,620000,3
2025-11-08,16,21,52500,1
2025-11-08,17,3,48000,1
2025-11-08,18,8,28000,3
2025-11-08,19,11,60500,1
2025-11-08,20,8,80000,3
2025-11-09,1,13,1235000,2
2025-11-09,2,5,475000,2
2025-11-09,3,22,1584000,2
2025-11-09,4,6,372000,2
2025-11-09,5,13,468000,1
2025-11-09,6,16,288000,1
2025-11-09,7,14,238000,1
2025-11-09,8,41,205000,1
2025-11-09,9,31,124000,1
2025-11-09,10,23,46000,1
2025-11-09,11,8,96000,1
2025-11-09,12,7,35000,1
2025-11-09,13,58,87000,3
2025-11-09,14,10,300000,1
2025-11-09,15,14,434000,2
2025-11-09,16,24,60000,1
2025-11-09,17,3,48000,3
2025-11-09,18,4,14000,1
2025-11-09,19,19,104500,2
2025-11-09,20,4,40000,1
2025-11-10,1,5,475000,2
2025-11-10,2,5,475000,1
2025-11-10,3,15,1080000,1
2025-11-10,4,8,496000,2
2025-11-10,5,12,432000,1
2025-11-10,6,10,180000,1
2025-11-10,7,5,85000,1
2025-11-10,8,27,135000,2
2025-11-10,9,19,76000,1
2025-11-10,10,23,46000,1
2025-11-10,11,8,96000,1
2025-11-10,12,9,45000,1
2025-11-10,13,33,49500,1
2025-11-10,14,14,420000,1
2025-11-10,15,13,403000,1
2025-11-10,16,25,62500,1
2025-11-10,17,4,64000,1
2025-11-10,18,6,21000,1
2025-11-10,19,15,82500,1
2025-11-10,20,5,50000,1
2025-11-11,1,9,855000,2
2025-11-11,2,6,570000,1
2025-11-11,3,10,720000,1
2025-11-11,4,5,310000,1
2025-11-11,5,7,252000,1
2025-11-11,6,5,90000,1
2025-11-11,7,13,221000,1
2025-11-11,8,11,55000,3
2025-11-11,9,20,80000,3
2025-11-11,10,22,44000,1
2025-11-11,11,6,72000,1
2025-11-11,12,9,45000,1
2025-11-11,13,36,54000,2
2025-11-11,14,6,180000,2
2025-11-11,15,14,434000,1
2025-11-11,16,21,52500,1
2025-11-11,17,3,48000,1
2025-11-11,18,8,28000,2
2025-11-11,19,11,60500,1
2025-11-11,20,6,60000,2
2025-11-12,1,9,855000,2
2025-11-12,2,7,665000,3
2025-11-12,3,12,864000,2
2025-11-12,4,4,248000,1
2025-11-12,5,10,360000,1
2025-11-12,6,11,198000,2
2025-11-12,7,7,119000,1
2025-11-12,8,21,105000,1
2025-11-12,9,30,120000,1
2025-11-12,10,25,50000,2
2025-11-12,11,6,72000,1
2025-11-12,12,12,60000,1
2025-11-12,13,31,46500,1
2025-11-12,14,15,450000,2
2025-11-12,15,16,496000,2
2025-11-12,16,9,22500,1
2025-11-12,17,5,80000,1
2025-11-12,18,6,21000,1
2025-11-12,19,14,77000,1
2025-11-12,20,6,60000,2
2025-11-13,1,7,665000,2
2025-11-13,2,2,190000,2
2025-11-13,3,11,792000,1
2025-11-13,4,5,310000,2
2025-11-13,5,8,288000,2
2025-11-13,6,16,288000,1
2025-11-13,7,12,204000,1
2025-11-13,8,20,100000,2
2025-11-13,9,14,56000,2
2025-11-13,10,28,56000,1
2025-11-13,11,8,96000,1
2025-11-13,12,6,30000,2
2025-11-13,13,28,42000,1
2025-11-13,14,8,240000,1
2025-11-13,15,12,372000,1
2025-11-13,16,23,57500,2
2025-11-13,17,3,48000,1
2025-11-13,18,6,21000,2
2025-11-13,19,6,33000,1
2025-11-13,20,4,40000,2
2025-11-14,1,9,855000,1
2025-11-14,2,4,380000,1
2025-11-14,3,17,1224000,2
2025-11-14,4,6,372000,1
2025-11-14,5,10,360000,2
2025-11-14,6,17,306000,1
2025-11-14,7,5,85000,1
2025-11-14,8,6,30000,3
2025-11-14,9,11,44000,1
2025-11-14,10,34,68000,1
2025-11-14,11,4,48000,1
2025-11-14,12,14,70000,3
2025-11-14,13,25,37500,1
2025-11-14,14,8,240000,1
2025-11-14,15,19,589000,2
2025-11-14,16,32,80000,2
2025-11-14,17,7,112000,2
2025-11-14,18,8,28000,1
2025-11-14,19,13,71500,1
2025-11-14,20,5,50000,1
2025-11-15,1,13,1235000,2
2025-11-15,2,5,475000,1
2025-11-15,3,11,792000,1
2025-11-15,4,7,434000,2
2025-11-15,5,11,396000,1
2025-11-15,6,13,234000,1
2025-11-15,7,12,204000,1
2025-11-15,8,36,180000,2
2025-11-15,9,31,124000,1
2025-11-15,10,43,86000,1
2025-11-15,11,4,48000,2
2025-11-15,12,8,40000,2
2025-11-15,13,32,48000,2
2025-11-15,14,3,90000,1
2025-11-15,15,15,465000,1
2025-11-15,16,22,55000,1
2025-11-15,17,8,128000,1
2025-11-15,18,7,24500,1
2025-11-15,19,8,44000,1
2025-11-15,20,8,80000,1
2025-11-16,1,15,1425000,1
2025-11-16,2,7,665000,1
2025-11-16,3,13,936000,2
2025-11-16,4,5,310000,2
2025-11-16,5,10,360000,2
2025-11-16,6,20,360000,1
2025-11-16,7,15,255000,1
2025-11-16,8,41,205000,2
2025-11-16,9,26,104000,1
2025-11-16,10,19,38000,3
2025-11-16,11,7,84000,1
2025-11-16,12,4,20000,1
2025-11-16,13,42,63000,2
2025-11-16,14,9,270000,1
2025-11-16,15,14,434000,2
2025-11-16,16,11,27500,1
2025-11-16,17,6,96000,1
2025-11-16,18,5,17500,3
2025-11-16,19,8,44000,1
2025-11-17,1,7,665000,2
2025-11-17,2,8,760000,1
2025-11-17,3,16,1152000,3
2025-11-17,4,6,372000,3
2025-11-17,5,8,288000,2
2025-11-17,6,15,270000,1
2025-11-17,7,6,102000,1
2025-11-17,8,19,95000,1
2025-11-17,9,27,108000,1
2025-11-17,10,34,68000,1
2025-11-17,11,5,60000,1
2025-11-17,12,7,35000,1
2025-11-17,13,23,34500,3
2025-11-17,14,5,150000,2
2025-11-17,15,14,434000,2
2025-11-17,16,22,55000,3
2025-11-17,17,5,80000,1
2025-11-17,18,4,14000,2
2025-11-17,19,15,82500,2
2025-11-17,20,4,40000,1
2025-11-18,1,7,665000,1
2025-11-18,2,3,285000,1
2025-11-18,3,4,288000,3
2025-11-18,4,8,496000,1
2025-11-18,5,11,396000,2
2025-11-18,6,12,216000,1
2025-11-18,7,9,153000,1
2025-11-18,8,21,105000,1
2025-11-18,9,11,44000,2
2025-11-18,10,21,42000,1
2025-11-18,11,7,84000,2
2025-11-18,12,4,20000,1
2025-11-18,13,32,48000,1
2025-11-18,14,4,120000,1
2025-11-18,15,16,496000,2
2025-11-18,16,19,47500,1
2025-11-18,17,1,16000,1
2025-11-18,18,8,28000,1
2025-11-18,19,7,38500,2
2025-11-18,20,3,30000,3
2025-11-19,1,8,760000,1
2025-11-19,2,7,665000,1
2025-11-19,3,8,576000,1
2025-11-19,4,7,434000,1
2025-11-19,5,11,396000,2
2025-11-19,6,16,288000,1
2025-11-19,7,9,153000,1
2025-11-19,8,15,75000,1
2025-11-19,9,16,64000,2
2025-11-19,10,25,50000,1
2025-11-19,11,3,36000,2
2025-11-19,13,33,49500,2
2025-11-19,14,10,300000,1
2025-11-19,15,7,217000,2
2025-11-19,16,13,32500,3
2025-11-19,17,4,64000,1
2025-11-19,18,9,31500,1
2025-11-19,19,10,55000,1
2025-11-19,20,3,30000,1
2025-11-20,1,7,665000,2
2025-11-20,2,7,665000,3
2025-11-20,3,10,720000,2
2025-11-20,4,5,310000,2
2025-11-20,5,8,288000,1
2025-11-20,6,9,162000,2
2025-11-20,7,9,153000,1
2025-11-20,8,28,140000,2
2025-11-20,9,24,96000,1
2025-11-20,10,23,46000,3
2025-11-20,11,5,60000,1
2025-11-20,12,4,20000,1
2025-11-20,13,36,54000,1
2025-11-20,14,7,210000,1
2025-11-20,15,14,434000,2
2025-11-20,16,39,97500,2
2025-11-20,17,4,64000,3
2025-11-20,18,4,14000,1
2025-11-20,19,8,44000,1
2025-11-20,20,6,60000,1
2025-11-21,1,8,760000,1
2025-11-21,2,2,190000,1
2025-11-21,3,14,1008000,1
2025-11-21,4,5,310000,3
2025-11-21,5,14,504000,1
2025-11-21,6,18,324000,2
2025-11-21,7,7,119000,2
2025-11-21,8,26,130000,2
2025-11-21,9,22,88000,3
2025-11-21,10,31,62000,1
2025-11-21,11,7,84000,1
2025-11-21,12,5,25000,1
2025-11-21,13,25,37500,2
2025-11-21,14,10,300000,2
2025-11-21,15,13,403000,2
2025-11-21,16,17,42500,1
2025-11-21,17,2,32000,1
2025-11-21,18,6,21000,1
2025-11-21,19,17,93500,2
2025-11-21,20,3,30000,1
2025-11-22,1,11,1045000,2
2025-11-22,2,9,855000,1
2025-11-22,3,14,1008000,2
2025-11-22,4,8,496000,1
2025-11-22,5,8,288000,1
2025-11-22,6,17,306000,1
2025-11-22,7,10,170000,2
2025-11-22,8,36,180000,2
2025-11-22,9,41,164000,1
2025-11-22,10,53,106000,1
2025-11-22,11,8,96000,1
2025-11-22,12,9,45000,2
2025-11-22,13,40,60000,2
2025-11-22,14,9,270000,1
2025-11-22,15,16,496000,1
2025-11-22,16,20,50000,2
2025-11-22,17,5,80000,1
2025-11-22,18,8,28000,1
2025-11-22,19,9,49500,1
2025-11-22,20,7,70000,2
2025-11-23,1,15,1425000,1
2025-11-23,2,6,570000,1
2025-11-23,3,6,432000,1
2025-11-23,4,6,372000,2
2025-11-23,5,15,540000,1
2025-11-23,6,15,270000,2
2025-11-23,7,8,136000,1
2025-11-23,8,22,110000,3
2025-11-23,9,38,152000,1
2025-11-23,10,34,68000,1
2025-11-23,11,6,72000,1
2025-11-23,12,7,35000,1
2025-11-23,13,35,52500,1
2025-11-23,14,7,210000,1
2025-11-23,15,20,620000,2
2025-11-23,16,20,50000,3
2025-11-23,17,7,112000,1
2025-11-23,18,9,31500,1
2025-11-23,19,18,99000,1
2025-11-23,20,4,40000,1
2025-11-24,1,8,760000,2
2025-11-24,2,4,380000,1
2025-11-24,3,9,648000,1
2025-11-24,4,7,434000,2
2025-11-24,5,7,252000,2
2025-11-24,6,18,324000,1
2025-11-24,7,7,119000,1
2025-11-24,8,19,95000,1
2025-11-24,9,23,92000,1
2025-11-24,10,23,46000,1
2025-11-24,11,7,84000,2
2025-11-24,12,6,30000,3
2025-11-24,13,36,54000,3
2025-11-24,14,4,120000,1
2025-11-24,15,15,465000,2
2025-11-24,16,31,77500,1
2025-11-24,17,2,32000,2
2025-11-24,18,4,14000,2
2025-11-24,19,11,60500,1
2025-11-24,20,5,50000,1
2025-11-25,1,8,760000,2
2025-11-25,2,5,475000,2
2025-11-25,3,13,936000,1
2025-11-25,4,9,558000,1
2025-11-25,5,11,396000,1
2025-11-25,6,12,216000,1
2025-11-25,7,10,170000,2
2025-11-25,8,29,145000,1
2025-11-25,9,21,84000,1
2025-11-25,10,17,34000,2
2025-11-25,11,8,96000,2
2025-11-25,12,7,35000,2
2025-11-25,13,13,19500,1
2025-11-25,14,10,300000,1
2025-11-25,15,13,403000,2
2025-11-25,16,19,47500,1
2025-11-25,17,4,64000,1
2025-11-25,18,6,21000,1
2025-11-25,19,12,66000,1
2025-11-25,20,4,40000,1
2025-11-26,1,9,855000,1
2025-11-26,2,4,380000,1
2025-11-26,3,14,1008000,1
2025-11-26,4,8,496000,1
2025-11-26,5,7,252000,1
2025-11-26,6,18,324000,1
2025-11-26,7,7,119000,1
2025-11-26,8,23,115000,1
2025-11-26,9,24,96000,1
2025-11-26,10,38,76000,1
2025-11-26,11,5,60000,2
2025-11-26,12,7,35000,1
2025-11-26,13,29,43500,2
2025-11-26,14,7,210000,2
2025-11-26,15,17,527000,2
2025-11-26,16,10,25000,1
2025-11-26,17,2,32000,2
2025-11-26,18,4,14000,2
2025-11-26,19,13,71500,2
2025-11-26,20,7,70000,1
2025-11-27,1,7,665000,1
2025-11-27,2,4,380000,1
2025-11-27,3,12,864000,1
2025-11-27,4,9,558000,1
2025-11-27,5,7,252000,1
2025-11-27,6,15,270000,1
2025-11-27,7,11,187000,1
2025-11-27,8,21,105000,1
2025-11-27,9,23,92000,1
2025-11-27,10,32,64000,1
2025-11-27,12,9,45000,1
2025-11-27,13,25,37500,1
2025-11-27,14,2,60000,1
2025-11-27,15,16,496000,2
2025-11-27,16,28,70000,1
2025-11-27,17,3,48000,1
2025-11-27,18,7,24500,2
2025-11-27,19,15,82500,1
2025-11-27,20,6,60000,1
2025-11-28,1,11,1045000,1
2025-11-28,2,6,570000,1
2025-11-28,3,12,864000,1
2025-11-28,4,3,186000,1
2025-11-28,5,9,324000,1
2025-11-28,6,10,180000,1
2025-11-28,7,13,221000,2
2025-11-28,8,16,80000,1
2025-11-28,9,22,88000,2
2025-11-28,10,29,58000,1
2025-11-28,11,6,72000,3
2025-11-28,12,12,60000,2
2025-11-28,13,25,37500,1
2025-11-28,14,8,240000,1
2025-11-28,15,12,372000,2
2025-11-28,16,12,30000,1
2025-11-28,17,3,48000,1
2025-11-28,18,5,17500,2
2025-11-28,19,8,44000,2
2025-11-28,20,3,30000,2
2025-11-29,1,6,570000,3
2025-11-29,2,6,570000,2
2025-11-29,3,8,576000,2
2025-11-29,4,9,558000,2
2025-11-29,5,11,396000,1
2025-11-29,6,8,144000,1
2025-11-29,7,9,153000,1
2025-11-29,8,19,95000,1
2025-11-29,9,33,132000,2
2025-11-29,10,42,84000,1
2025-11-29,11,2,24000,1
2025-11-29,12,9,45000,1
2025-11-29,13,37,55500,1
2025-11-29,14,12,360000,3
2025-11-29,15,16,496000,1
2025-11-29,16,17,42500,2
2025-11-29,17,4,64000,1
2025-11-29,18,4,14000,3
2025-11-29,19,19,104500,1
2025-11-29,20,5,50000,1
2025-11-30,1,17,1615000,2
2025-11-30,2,6,570000,1
2025-11-30,3,11,792000,1
2025-11-30,4,4,248000,3
2025-11-30,5,6,216000,2
2025-11-30,6,8,144000,2
2025-11-30,7,11,187000,3
2025-11-30,8,31,155000,2
2025-11-30,9,16,64000,1
2025-11-30,10,38,76000,1
2025-11-30,11,5,60000,2
2025-11-30,12,9,45000,1
2025-11-30,13,54,81000,1
2025-11-30,14,13,390000,1
2025-11-30,15,14,434000,2
2025-11-30,16,16,40000,1
2025-11-30,18,4,14000,3
2025-11-30,19,12,66000,1
2025-11-30,20,3,30000,1
2025-12-01,1,8,760000,1
2025-12-01,2,5,475000,2
2025-12-01,3,13,936000,1
2025-12-01,4,6,372000,2
2025-12-01,5,11,396000,1
2025-12-01,6,18,324000,1
2025-12-01,7,7,119000,2
2025-12-01,8,30,150000,1
2025-12-01,9,24,96000,3
2025-12-01,10,28,56000,1
2025-12-01,11,8,96000,2
2025-12-01,12,9,45000,1
2025-12-01,13,42,63000,1
2025-12-01,14,10,300000,2
2025-12-01,15,15,465000,3
2025-12-01,16,25,62500,1
2025-12-01,17,2,32000,1
2025-12-01,18,7,24500,1
2025-12-01,19,11,60500,1
2025-12-01,20,5,50000,3
2025-12-02,1,8,760000,1
2025-12-02,2,3,285000,3
2025-12-02,3,11,792000,2
2025-12-02,4,8,496000,1
2025-12-02,5,11,396000,2
2025-12-02,6,11,198000,1
2025-12-02,7,13,221000,1
2025-12-02,8,14,70000,1
2025-12-02,9,32,128000,1
2025-12-02,10,32,64000,3
2025-12-02,11,5,60000,1
2025-12-02,12,14,70000,3
2025-12-02,13,24,36000,2
2025-12-02,14,12,360000,2
2025-12-02,15,20,620000,3
2025-12-02,16,18,45000,1
2025-12-02,17,7,112000,2
2025-12-02,18,6,21000,1
2025-12-02,19,12,66000,1
2025-12-02,20,6,60000,2
2025-12-03,1,8,760000,1
2025-12-03,2,7,665000,1
2025-12-03,3,16,1152000,3
2025-12-03,4,3,186000,1
2025-12-03,5,15,540000,1
2025-12-03,6,8,144000,1
2025-12-03,7,13,221000,2
2025-12-03,8,28,140000,2
2025-12-03,9,17,68000,1
2025-12-03,10,25,50000,3
2025-12-03,11,4,48000,2
2025-12-03,12,8,40000,1
2025-12-03,13,31,46500,1
2025-12-03,14,11,330000,1
2025-12-03,15,21,651000,1
2025-12-03,16,32,80000,1
2025-12-03,17,3,48000,2
2025-12-03,18,6,21000,1
2025-12-03,19,4,22000,2
2025-12-03,20,4,40000,1
2025-12-04,1,11,1045000,1
2025-12-04,2,9,855000,1
2025-12-04,3,9,648000,1
2025-12-04,4,6,372000,1
2025-12-04,5,11,396000,1
2025-12-04,6,17,306000,1
2025-12-04,7,8,136000,2
2025-12-04,8,23,115000,1
2025-12-04,9,21,84000,1
2025-12-04,10,28,56000,1
2025-12-04,11,8,96000,2
2025-12-04,12,9,45000,1
2025-12-04,13,30,45000,1
2025-12-04,14,8,240000,1
2025-12-04,15,16,496000,2
2025-12-04,16,20,50000,2
2025-12-04,17,4,64000,1
2025-12-04,18,10,35000,1
2025-12-04,19,13,71500,3
2025-12-04,20,5,50000,2
2025-12-05,1,11,1045000,2
2025-12-05,2,5,475000,3
2025-12-05,3,17,1224000,2
2025-12-05,4,8,496000,3
2025-12-05,5,11,396000,2
2025-12-05,6,18,324000,1
2025-12-05,7,6,102000,1
2025-12-05,8,12,60000,1
2025-12-05,9,16,64000,2
2025-12-05,10,29,58000,1
2025-12-05,11,11,132000,1
2025-12-05,12,15,75000,1
2025-12-05,13,40,60000,1
2025-12-05,14,10,300000,1
2025-12-05,15,11,341000,1
2025-12-05,16,19,47500,1
2025-12-05,17,3,48000,1
2025-12-05,18,5,17500,1
2025-12-05,19,10,55000,1
2025-12-05,20,4,40000,1
2025-12-06,1,4,380000,1
2025-12-06,2,8,760000,3
2025-12-06,3,10,720000,1
2025-12-06,4,8,496000,1
2025-12-06,5,17,612000,1
2025-12-06,6,11,198000,2
2025-12-06,7,3,51000,1
2025-12-06,8,24,120000,3
2025-12-06,9,40,160000,1
2025-12-06,10,47,94000,1
2025-12-06,11,3,36000,2
2025-12-06,12,10,50000,1
2025-12-06,13,34,51000,2
2025-12-06,14,10,300000,2
2025-12-06,15,24,744000,1
2025-12-06,16,12,30000,1
2025-12-06,17,5,80000,3
2025-12-06,18,7,24500,1
2025-12-06,19,19,104500,2
2025-12-06,20,5,50000,1
2025-12-07,1,12,1140000,2
2025-12-07,2,5,475000,2
2025-12-07,3,15,1080000,3
2025-12-07,4,6,372000,2
2025-12-07,5,13,468000,2
2025-12-07,6,13,234000,3
2025-12-07,7,11,187000,3
2025-12-07,8,26,130000,1
2025-12-07,9,41,164000,1
2025-12-07,10,29,58000,1
2025-12-07,11,2,24000,2
2025-12-07,12,12,60000,1
2025-12-07,13,30,45000,2
2025-12-07,14,8,240000,1
2025-12-07,15,13,403000,1
2025-12-07,16,32,80000,2
2025-12-07,18,12,42000,1
2025-12-07,19,19,104500,1
2025-12-07,20,5,50000,3
2025-12-08,1,7,665000,1
2025-12-08,2,5,475000,2
2025-12-08,3,13,936000,2
2025-12-08,4,8,496000,1
2025-12-08,5,11,396000,1
2025-12-08,6,14,252000,2
2025-12-08,7,8,136000,1
2025-12-08,8,17,85000,1
2025-12-08,9,20,80000,1
2025-12-08,10,33,66000,2
2025-12-08,11,7,84000,2
2025-12-08,13,34,51000,3
2025-12-08,14,8,240000,1
2025-12-08,15,14,434000,1
2025-12-08,16,17,42500,2
2025-12-08,17,5,80000,3
2025-12-08,18,7,24500,2
2025-12-08,19,7,38500,3
2025-12-08,20,5,50000,3
2025-12-09,1,5,475000,1
2025-12-09,2,2,190000,1
2025-12-09,3,10,720000,2
2025-12-09,4,8,496000,2
2025-12-09,5,12,432000,2
2025-12-09,6,16,288000,3
2025-12-09,7,10,170000,2
2025-12-09,8,21,105000,1
2025-12-09,9,17,68000,3
2025-12-09,10,28,56000,1
2025-12-09,11,7,84000,1
2025-12-09,12,9,45000,2
2025-12-09,13,38,57000,2
2025-12-09,14,9,270000,2
2025-12-09,15,16,496000,2
2025-12-09,16,26,65000,1
2025-12-09,17,3,48000,3
2025-12-09,18,4,14000,1
2025-12-09,19,9,49500,2
2025-12-09,20,3,30000,1
2025-12-10,1,6,570000,2
2025-12-10,2,4,380000,1
2025-12-10,3,9,648000,1
2025-12-10,4,6,372000,1
2025-12-10,5,5,180000,2
2025-12-10,6,14,252000,1
2025-12-10,7,9,153000,2
2025-12-10,8,12,60000,1
2025-12-10,9,26,104000,2
2025-12-10,10,32,64000,1
2025-12-10,11,3,36000,3
2025-12-10,12,6,30000,1
2025-12-10,13,24,36000,1
2025-12-10,14,5,150000,1
2025-12-10,15,17,527000,1
2025-12-10,16,18,45000,3
2025-12-10,17,3,48000,1
2025-12-10,18,2,7000,1
2025-12-10,19,12,66000,2
2025-12-10,20,3,30000,2
2025-12-11,1,8,760000,1
2025-12-11,2,5,475000,1
2025-12-11,3,16,1152000,1
2025-12-11,4,4,248000,2
2025-12-11,5,2,72000,1
2025-12-11,6,14,252000,1
2025-12-11,7,13,221000,2
2025-12-11,8,25,125000,1
2025-12-11,9,23,92000,2
2025-12-11,10,21,42000,1
2025-12-11,11,7,84000,1
2025-12-11,12,5,25000,2
2025-12-11,13,33,49500,1
2025-12-11,14,9,270000,2
2025-12-11,15,18,558000,1
2025-12-11,16,36,90000,2
2025-12-11,17,4,64000,1
2025-12-11,18,5,17500,1
2025-12-11,19,9,49500,1
2025-12-11,20,2,20000,1
2025-12-12,1,6,570000,2
2025-12-12,2,4,380000,1
2025-12-12,3,10,720000,2
2025-12-12,4,7,434000,1
2025-12-12,5,7,252000,1
2025-12-12,6,18,324000,1
2025-12-12,7,9,153000,3
2025-12-12,8,17,85000,2
2025-12-12,9,19,76000,1
2025-12-12,10,26,52000,1
2025-12-12,11,7,84000,3
2025-12-12,12,5,25000,2
2025-12-12,13,25,37500,1
2025-12-12,14,7,210000,2
2025-12-12,15,10,310000,1
2025-12-12,16,15,37500,1
2025-12-12,17,3,48000,1
2025-12-12,18,7,24500,2
2025-12-12,19,10,55000,1
2025-12-12,20,5,50000,1
2025-12-13,1,14,1330000,2
2025-12-13,2,6,570000,3
2025-12-13,3,15,1080000,3
2025-12-13,4,7,434000,1
2025-12-13,5,12,432000,1
2025-12-13,6,12,216000,1
2025-12-13,7,4,68000,2
2025-12-13,8,25,125000,1
2025-12-13,9,43,172000,1
2025-12-13,10,38,76000,2
2025-12-13,11,9,108000,1
2025-12-13,12,12,60000,2
2025-12-13,13,39,58500,3
2025-12-13,14,11,330000,1
2025-12-13,15,13,403000,2
2025-12-13,16,20,50000,2
2025-12-13,17,6,96000,2
2025-12-13,18,8,28000,1
2025-12-13,19,13,71500,2
2025-12-13,20,4,40000,2
2025-12-14,1,11,1045000,2
2025-12-14,2,7,665000,3
2025-12-14,3,9,648000,1
2025-12-14,4,2,124000,2
2025-12-14,5,9,324000,1
2025-12-14,6,9,162000,1
2025-12-14,7,9,153000,1
2025-12-14,8,25,125000,1
2025-12-14,9,26,104000,1
2025-12-14,10,43,86000,1
2025-12-14,11,7,84000,1
2025-12-14,12,9,45000,2
2025-12-14,13,45,67500,1
2025-12-14,14,6,180000,2
2025-12-14,15,19,589000,2
2025-12-14,16,22,55000,3
2025-12-14,17,6,96000,1
2025-12-14,18,4,14000,2
2025-12-14,19,6,33000,1
2025-12-14,20,6,60000,2
2025-12-15,1,8,760000,1
2025-12-15,2,3,285000,1
2025-12-15,3,9,648000,1
2025-12-15,4,9,558000,1
2025-12-15,5,7,252000,2
2025-12-15,6,20,360000,2
2025-12-15,7,6,102000,3
2025-12-15,8,22,110000,1
2025-12-15,9,19,76000,1
2025-12-15,10,29,58000,2
2025-12-15,11,4,48000,1
2025-12-15,12,7,35000,1
2025-12-15,13,30,45000,1
2025-12-15,14,5,150000,1
2025-12-15,15,17,527000,2
2025-12-15,16,16,40000,1
2025-12-15,17,3,48000,2
2025-12-15,18,4,14000,2
2025-12-15,19,1,5500,1
2025-12-15,20,4,40000,3
2025-12-16,1,13,1235000,2
2025-12-16,2,6,570000,1
2025-12-16,3,11,792000,1
2025-12-16,4,6,372000,2
2025-12-16,5,10,360000,2
2025-12-16,6,16,288000,1
2025-12-16,7,6,102000,1
2025-12-16,8,25,125000,1
2025-12-16,9,26,104000,1
2025-12-16,10,30,60000,2
2025-12-16,11,6,72000,1
2025-12-16,12,8,40000,1
2025-12-16,13,35,52500,1
2025-12-16,14,9,270000,1
2025-12-16,15,13,403000,2
2025-12-16,16,16,40000,1
2025-12-16,17,4,64000,1
2025-12-16,18,8,28000,1
2025-12-16,19,5,27500,1
2025-12-16,20,2,20000,1
2025-12-17,1,8,760000,2
2025-12-17,2,5,475000,3
2025-12-17,3,12,864000,2
2025-12-17,4,7,434000,1
2025-12-17,5,9,324000,1
2025-12-17,6,20,360000,1
2025-12-17,7,5,85000,3
2025-12-17,8,12,60000,1
2025-12-17,9,21,84000,1
2025-12-17,10,12,24000,1
2025-12-17,11,5,60000,2
2025-12-17,12,11,55000,2
2025-12-17,13,30,45000,2
2025-12-17,14,8,240000,2
2025-12-17,15,11,341000,2
2025-12-17,16,16,40000,1
2025-12-17,17,3,48000,1
2025-12-17,18,5,17500,3
2025-12-17,19,14,77000,1
2025-12-17,20,5,50000,3
2025-12-18,1,5,475000,1
2025-12-18,2,5,475000,2
2025-12-18,3,13,936000,2
2025-12-18,4,9,558000,1
2025-12-18,5,13,468000,1
2025-12-18,6,9,162000,1
2025-12-18,7,7,119000,1
2025-12-18,8,10,50000,2
2025-12-18,9,20,80000,1
2025-12-18,10,28,56000,1
2025-12-18,11,8,96000,1
2025-12-18,12,7,35000,1
2025-12-18,13,27,40500,2
2025-12-18,14,8,240000,2
2025-12-18,15,12,372000,1
2025-12-18,16,32,80000,1
2025-12-18,17,2,32000,2
2025-12-18,18,6,21000,1
2025-12-18,19,17,93500,3
2025-12-18,20,5,50000,2
2025-12-19,1,7,665000,2
2025-12-19,2,4,380000,1
2025-12-19,3,11,792000,1
2025-12-19,4,9,558000,1
2025-12-19,5,4,144000,2
2025-12-19,6,20,360000,1
2025-12-19,7,5,85000,3
2025-12-19,8,16,80000,1
2025-12-19,9,19,76000,1
2025-12-19,10,29,58000,1
2025-12-19,11,2,24000,1
2025-12-19,12,9,45000,1
2025-12-19,13,45,67500,1
2025-12-19,14,4,120000,2
2025-12-19,15,15,465000,1
2025-12-19,16,16,40000,2
2025-12-19,17,4,64000,1
2025-12-19,18,6,21000,1
2025-12-19,19,7,38500,3
2025-12-19,20,5,50000,2
2025-12-20,1,17,1615000,1
2025-12-20,2,6,570000,1
2025-12-20,3,16,1152000,1
2025-12-20,4,4,248000,1
2025-12-20,5,8,288000,1
2025-12-20,6,17,306000,1
2025-12-20,7,14,238000,1
2025-12-20,8,30,150000,1
2025-12-20,9,27,108000,2
2025-12-20,10,29,58000,1
2025-12-20,11,3,36000,2
2025-12-20,12,10,50000,1
2025-12-20,13,47,70500,2
2025-12-20,14,8,240000,2
2025-12-20,15,14,434000,1
2025-12-20,16,24,60000,1
2025-12-20,17,4,64000,1
2025-12-20,18,6,21000,1
2025-12-20,19,24,132000,3
2025-12-20,20,5,50000,1
2025-12-21,1,9,855000,1
2025-12-21,2,5,475000,2
2025-12-21,3,17,1224000,1
2025-12-21,4,7,434000,2
2025-12-21,5,9,324000,2
2025-12-21,6,21,378000,2
2025-12-21,7,14,238000,3
2025-12-21,8,21,105000,1
2025-12-21,9,13,52000,1
2025-12-21,10,39,78000,3
2025-12-21,11,5,60000,1
2025-12-21,12,10,50000,2
2025-12-21,13,19,28500,1
2025-12-21,14,13,390000,1
2025-12-21,15,11,341000,1
2025-12-21,16,28,70000,1
2025-12-21,17,5,80000,1
2025-12-21,18,4,14000,1
2025-12-21,19,12,66000,3
2025-12-21,20,6,60000,3
2025-12-22,1,8,760000,1
2025-12-22,2,6,570000,1
2025-12-22,3,17,1224000,1
2025-12-22,4,3,186000,2
2025-12-22,5,14,504000,1
2025-12-22,6,14,252000,2
2025-12-22,7,6,102000,1
2025-12-22,8,9,45000,1
2025-12-22,9,20,80000,1
2025-12-22,10,31,62000,1
2025-12-22,11,5,60000,2
2025-12-22,12,11,55000,1
2025-12-22,13,19,28500,1
2025-12-22,14,7,210000,1
2025-12-22,15,11,341000,1
2025-12-22,16,22,55000,1
2025-12-22,17,5,80000,1
2025-12-22,18,5,17500,1
2025-12-22,20,5,50000,2
2025-12-23,1,9,855000,1
2025-12-23,2,5,475000,2
2025-12-23,3,15,1080000,2
2025-12-23,4,4,248000,2
2025-12-23,5,11,396000,3
2025-12-23,6,19,342000,1
2025-12-23,7,4,68000,1
2025-12-23,8,20,100000,2
2025-12-23,9,18,72000,1
2025-12-23,10,24,48000,2
2025-12-23,11,6,72000,1
2025-12-23,12,6,30000,2
2025-12-23,13,24,36000,2
2025-12-23,14,8,240000,2
2025-12-23,15,11,341000,1
2025-12-23,16,13,32500,1
2025-12-23,17,5,80000,1
2025-12-23,18,3,10500,3
2025-12-23,19,12,66000,1
2025-12-23,20,5,50000,1
2025-12-24,1,3,285000,2
2025-12-24,2,3,285000,1
2025-12-24,3,15,1080000,3
2025-12-24,4,4,248000,3
2025-12-24,5,8,288000,1
2025-12-24,6,15,270000,2
2025-12-24,7,10,170000,2
2025-12-24,8,16,80000,1
2025-12-24,9,18,72000,1
2025-12-24,10,35,70000,1
2025-12-24,11,9,108000,2
2025-12-24,12,10,50000,2
2025-12-24,13,30,45000,1
2025-12-24,14,5,150000,3
2025-12-24,15,12,372000,1
2025-12-24,16,23,57500,1
2025-12-24,17,4,64000,2
2025-12-24,18,8,28000,1
2025-12-24,19,12,66000,2
2025-12-24,20,2,20000,2
2025-12-25,1,10,950000,1
2025-12-25,2,3,285000,1
2025-12-25,3,10,720000,3
2025-12-25,4,7,434000,2
2025-12-25,5,14,504000,1
2025-12-25,6,27,486000,1
2025-12-25,7,10,170000,1
2025-12-25,8,16,80000,2
2025-12-25,9,25,100000,1
2025-12-25,10,31,62000,2
2025-12-25,11,5,60000,2
2025-12-25,12,12,60000,2
2025-12-25,13,31,46500,1
2025-12-25,14,9,270000,1
2025-12-25,15,16,496000,2
2025-12-25,16,22,55000,1
2025-12-25,17,5,80000,1
2025-12-25,18,4,14000,1
2025-12-25,19,8,44000,1
2025-12-25,20,3,30000,1
2025-12-26,1,9,855000,1
2025-12-26,2,6,570000,3
2025-12-26,3,13,936000,2
2025-12-26,4,10,620000,3
2025-12-26,5,9,324000,2
2025-12-26,6,16,288000,2
2025-12-26,7,6,102000,2
2025-12-26,8,15,75000,1
2025-12-26,9,26,104000,3
2025-12-26,10,31,62000,1
2025-12-26,11,5,60000,2
2025-12-26,12,7,35000,1
2025-12-26,13,18,27000,1
2025-12-26,14,7,210000,1
2025-12-26,15,17,527000,2
2025-12-26,16,23,57500,1
2025-12-26,17,4,64000,1
2025-12-26,18,6,21000,1
2025-12-26,19,10,55000,2
2025-12-26,20,4,40000,2
2025-12-27,1,13,1235000,1
2025-12-27,2,7,665000,1
2025-12-27,3,16,1152000,2
2025-12-27,4,6,372000,1
2025-12-27,5,5,180000,2
2025-12-27,6,20,360000,2
2025-12-27,7,9,153000,1
2025-12-27,8,18,90000,1
2025-12-27,9,37,148000,2
2025-12-27,10,26,52000,1
2025-12-27,11,9,108000,1
2025-12-27,12,10,50000,1
2025-12-27,13,45,67500,1
2025-12-27,14,5,150000,1
2025-12-27,15,19,589000,2
2025-12-27,16,24,60000,3
2025-12-27,17,4,64000,1
2025-12-27,18,6,21000,3
2025-12-27,19,5,27500,1
2025-12-27,20,6,60000,2
2025-12-28,1,7,665000,1
2025-12-28,2,3,285000,1
2025-12-28,3,8,576000,1
2025-12-28,4,10,620000,1
2025-12-28,5,9,324000,1
2025-12-28,6,22,396000,1
2025-12-28,7,9,153000,1
2025-12-28,8,10,50000,1
2025-12-28,9,20,80000,1
2025-12-28,10,41,82000,1
2025-12-28,11,6,72000,1
2025-12-28,12,7,35000,1
2025-12-28,13,40,60000,2
2025-12-28,14,12,360000,1
2025-12-28,15,19,589000,1
2025-12-28,16,32,80000,1
2025-12-28,17,4,64000,2
2025-12-28,18,3,10500,1
2025-12-28,19,11,60500,2
2025-12-28,20,5,50000,2
2025-12-29,1,5,475000,1
2025-12-29,2,3,285000,1
2025-12-29,3,13,936000,3
2025-12-29,4,6,372000,2
2025-12-29,5,10,360000,1
2025-12-29,6,10,180000,2
2025-12-29,7,8,136000,1
2025-12-29,8,12,60000,1
2025-12-29,9,27,108000,1
2025-12-29,10,32,64000,1
2025-12-29,11,2,24000,1
2025-12-29,12,5,25000,3
2025-12-29,13,18,27000,1
2025-12-29,14,6,180000,1
2025-12-29,15,14,434000,1
2025-12-29,16,11,27500,1
2025-12-29,17,2,32000,1
2025-12-29,18,4,14000,1
2025-12-29,19,10,55000,1
2025-12-29,20,5,50000,2
2025-12-30,1,6,570000,1
2025-12-30,2,5,475000,1
2025-12-30,3,10,720000,1
2025-12-30,4,6,372000,1
2025-12-30,5,14,504000,2
2025-12-30,6,19,342000,1
2025-12-30,7,6,102000,2
2025-12-30,8,23,115000,2
2025-12-30,9,27,108000,1
2025-12-30,10,16,32000,1
2025-12-30,11,7,84000,1
2025-12-30,12,11,55000,2
2025-12-30,13,21,31500,1
2025-12-30,14,5,150000,1
2025-12-30,15,18,558000,2
2025-12-30,16,21,52500,2
2025-12-30,17,4,64000,1
2025-12-30,18,6,21000,1
2025-12-30,19,11,60500,1
2025-12-30,20,3,30000,2
2025-12-31,1,10,950000,2
2025-12-31,2,7,665000,1
2025-12-31,3,11,792000,3
2025-12-31,4,6,372000,1
2025-12-31,5,6,216000,2
2025-12-31,6,16,288000,1
2025-12-31,7,10,170000,2
2025-12-31,8,17,85000,2
2025-12-31,9,29,116000,2
2025-12-31,10,22,44000,1
2025-12-31,11,7,84000,1
2025-12-31,12,5,25000,2
2025-12-31,13,29,43500,1
2025-12-31,14,7,210000,2
2025-12-31,15,15,465000,1
2025-12-31,16,17,42500,2
2025-12-31,17,3,48000,1
2025-12-31,18,7,24500,2
2025-12-31,19,8,44000,1
2025-12-31,20,2,20000,1
2026-01-01,1,14,1330000,1
2026-01-01,2,8,760000,1
2026-01-01,3,9,648000,1
2026-01-01,4,9,558000,1
2026-01-01,5,10,360000,1
2026-01-01,6,17,306000,1
2026-01-01,7,11,187000,2
2026-01-01,8,19,95000,2
2026-01-01,9,19,76000,1
2026-01-01,10,22,44000,2
2026-01-01,11,4,48000,2
2026-01-01,12,6,30000,1
2026-01-01,13,33,49500,2
2026-01-01,14,6,180000,1
2026-01-01,15,19,589000,1
2026-01-01,16,33,82500,2
2026-01-01,17,3,48000,3
2026-01-01,18,7,24500,1
2026-01-01,19,13,71500,2
2026-01-01,20,6,60000,2
2026-01-02,1,9,855000,2
2026-01-02,2,7,665000,2
2026-01-02,3,15,1080000,1
2026-01-02,4,5,310000,3
2026-01-02,5,13,468000,1
2026-01-02,6,20,360000,1
2026-01-02,7,8,136000,2
2026-01-02,8,20,100000,1
2026-01-02,9,30,120000,1
2026-01-02,10,26,52000,1
2026-01-02,11,9,108000,2
2026-01-02,12,15,75000,1
2026-01-02,13,27,40500,1
2026-01-02,14,4,120000,2
2026-01-02,15,18,558000,1
2026-01-02,16,27,67500,2
2026-01-02,17,4,64000,1
2026-01-02,18,9,31500,1
2026-01-02,19,6,33000,2
2026-01-02,20,6,60000,1
2026-01-03,1,10,950000,1
2026-01-03,2,11,1045000,2
2026-01-03,3,24,1728000,1
2026-01-03,4,6,372000,2
2026-01-03,5,11,396000,2
2026-01-03,6,22,396000,2
2026-01-03,7,11,187000,2
2026-01-03,8,30,150000,2
2026-01-03,9,35,140000,1
2026-01-03,10,14,28000,3
2026-01-03,11,7,84000,2
2026-01-03,12,8,40000,2
2026-01-03,13,39,58500,1
2026-01-03,14,18,540000,3
2026-01-03,15,13,403000,1
2026-01-03,16,32,80000,1
2026-01-03,17,5,80000,1
2026-01-03,18,6,21000,1
2026-01-03,19,20,110000,1
2026-01-03,20,6,60000,1
2026-01-04,1,15,1425000,2
2026-01-04,2,10,950000,1
2026-01-04,3,15,1080000,1
2026-01-04,4,7,434000,1
2026-01-04,5,9,324000,1
2026-01-04,6,13,234000,2
2026-01-04,7,21,357000,1
2026-01-04,8,44,220000,2
2026-01-04,9,21,84000,2
2026-01-04,10,20,40000,1
2026-01-04,11,9,108000,1
2026-01-04,12,11,55000,1
2026-01-04,13,51,76500,1
2026-01-04,14,10,300000,2
2026-01-04,15,17,527000,1
2026-01-04,16,29,72500,2
2026-01-04,17,6,96000,3
2026-01-04,18,2,7000,2
2026-01-04,19,14,77000,2
2026-01-04,20,4,40000,1
2026-01-05,1,9,855000,1
2026-01-05,2,11,1045000,3
2026-01-05,3,15,1080000,2
2026-01-05,4,7,434000,2
2026-01-05,5,14,504000,1
2026-01-05,6,18,324000,2
2026-01-05,7,11,187000,1
2026-01-05,8,25,125000,1
2026-01-05,9,40,160000,1
2026-01-05,10,18,36000,1
2026-01-05,11,8,96000,1
2026-01-05,12,6,30000,1
2026-01-05,13,39,58500,1
2026-01-05,14,6,180000,2
2026-01-05,15,15,465000,1
2026-01-05,16,20,50000,1
2026-01-05,17,6,96000,1
2026-01-05,18,8,28000,1
2026-01-05,19,6,33000,1
2026-01-05,20,5,50000,1
2026-01-06,1,6,570000,2
2026-01-06,2,3,285000,3
2026-01-06,3,11,792000,3
2026-01-06,4,6,372000,3
2026-01-06,5,16,576000,1
2026-01-06,6,15,270000,1
2026-01-06,7,5,85000,2
2026-01-06,8,14,70000,1
2026-01-06,9,28,112000,1
2026-01-06,10,40,80000,2
2026-01-06,11,2,24000,1
2026-01-06,12,3,15000,1
2026-01-06,13,44,66000,1
2026-01-06,14,9,270000,1
2026-01-06,15,12,372000,2
2026-01-06,16,23,57500,1
2026-01-06,18,6,21000,1
2026-01-06,19,11,60500,2
2026-01-06,20,6,60000,1
2026-01-07,1,5,475000,3
2026-01-07,2,5,475000,3
2026-01-07,3,9,648000,1
2026-01-07,4,7,434000,1
2026-01-07,5,7,252000,1
2026-01-07,6,12,216000,1
2026-01-07,7,6,102000,1
2026-01-07,8,22,110000,1
2026-01-07,9,27,108000,1
2026-01-07,10,23,46000,1
2026-01-07,11,6,72000,1
2026-01-07,12,4,20000,1
2026-01-07,13,27,40500,1
2026-01-07,14,7,210000,1
2026-01-07,15,22,682000,2
2026-01-07,16,13,32500,1
2026-01-07,17,6,96000,1
2026-01-07,18,7,24500,3
2026-01-07,19,10,55000,1
2026-01-07,20,7,70000,1
2026-01-08,1,8,760000,1
2026-01-08,2,5,475000,2
2026-01-08,3,11,792000,2
2026-01-08,4,9,558000,1
2026-01-08,5,12,432000,2
2026-01-08,6,11,198000,1
2026-01-08,7,6,102000,1
2026-01-08,8,16,80000,2
2026-01-08,9,16,64000,1
2026-01-08,10,24,48000,2
2026-01-08,11,8,96000,1
2026-01-08,12,6,30000,2
2026-01-08,13,29,43500,1
2026-01-08,14,8,240000,1
2026-01-08,15,17,527000,1
2026-01-08,16,6,15000,2
2026-01-08,17,3,48000,1
2026-01-08,18,6,21000,1
2026-01-08,19,14,77000,1
2026-01-08,20,4,40000,1
2026-01-09,1,3,285000,1
2026-01-09,2,6,570000,2
2026-01-09,3,10,720000,2
2026-01-09,4,4,248000,1
2026-01-09,5,8,288000,2
2026-01-09,6,13,234000,2
2026-01-09,7,7,119000,2
2026-01-09,8,4,20000,1
2026-01-09,9,27,108000,1
2026-01-09,10,34,68000,2
2026-01-09,11,7,84000,1
2026-01-09,12,5,25000,2
2026-01-09,13,28,42000,1
2026-01-09,14,7,210000,1
2026-01-09,15,16,496000,2
2026-01-09,16,24,60000,1
2026-01-09,17,2,32000,2
2026-01-09,18,6,21000,2
2026-01-09,19,11,60500,1
2026-01-09,20,7,70000,3
2026-01-10,1,13,1235000,1
2026-01-10,2,8,760000,1
2026-01-10,3,14,1008000,1
2026-01-10,4,10,620000,2
2026-01-10,5,12,432000,1
2026-01-10,6,11,198000,1
2026-01-10,7,14,238000,1
2026-01-10,8,33,165000,1
2026-01-10,9,26,104000,1
2026-01-10,10,25,50000,1
2026-01-10,11,7,84000,2
2026-01-10,12,10,50000,2
2026-01-10,13,40,60000,3
2026-01-10,14,11,330000,2
2026-01-10,15,21,651000,2
2026-01-10,16,30,75000,1
2026-01-10,17,5,80000,1
2026-01-10,18,8,28000,1
2026-01-10,19,8,44000,2
2026-01-10,20,6,60000,2
2026-01-11,1,17,1615000,2
2026-01-11,2,6,570000,2
2026-01-11,3,11,792000,1
2026-01-11,4,6,372000,1
2026-01-11,5,8,288000,3
2026-01-11,6,11,198000,1
2026-01-11,7,9,153000,2
2026-01-11,8,13,65000,3
2026-01-11,9,30,120000,1
2026-01-11,10,38,76000,1
2026-01-11,11,4,48000,1
2026-01-11,12,12,60000,1
2026-01-11,13,43,64500,1
2026-01-11,14,14,420000,3
2026-01-11,15,13,403000,1
2026-01-11,16,28,70000,1
2026-01-11,17,2,32000,1
2026-01-11,18,7,24500,3
2026-01-11,19,14,77000,3
2026-01-11,20,6,60000,1
2026-01-12,1,5,475000,1
2026-01-12,2,3,285000,1
2026-01-12,3,13,936000,1
2026-01-12,4,5,310000,1
2026-01-12,5,11,396000,2
2026-01-12,6,8,144000,3
2026-01-12,7,10,170000,1
2026-01-12,8,10,50000,1
2026-01-12,9,25,100000,1
2026-01-12,10,29,58000,3
2026-01-12,11,4,48000,1
2026-01-12,12,9,45000,1
2026-01-12,13,31,46500,1
2026-01-12,14,6,180000,3
2026-01-12,15,11,341000,1
2026-01-12,16,8,20000,1
2026-01-12,17,4,64000,3
2026-01-12,18,3,10500,1
2026-01-12,19,10,55000,3
2026-01-12,20,4,40000,1
2026-01-13,1,9,855000,1
2026-01-13,2,4,380000,2
2026-01-13,3,11,792000,2
2026-01-13,4,8,496000,2
2026-01-13,5,10,360000,3
2026-01-13,6,15,270000,1
2026-01-13,7,10,170000,1
2026-01-13,8,8,40000,2
2026-01-13,9,26,104000,1
2026-01-13,10,29,58000,1
2026-01-13,11,3,36000,1
2026-01-13,12,7,35000,1
2026-01-13,13,29,43500,2
2026-01-13,14,7,210000,1
2026-01-13,15,16,496000,1
2026-01-13,16,28,70000,1
2026-01-13,17,5,80000,1
2026-01-13,18,3,10500,1
2026-01-13,19,12,66000,1
2026-01-13,20,6,60000,1
2026-01-14,1,8,760000,3
2026-01-14,2,6,570000,2
2026-01-14,3,18,1296000,1
2026-01-14,4,9,558000,1
2026-01-14,5,10,360000,3
2026-01-14,6,18,324000,2
2026-01-14,7,9,153000,1
2026-01-14,8,18,90000,3
2026-01-14,9,19,76000,1
2026-01-14,10,36,72000,2
2026-01-14,11,4,48000,1
2026-01-14,12,11,55000,1
2026-01-14,13,33,49500,2
2026-01-14,14,4,120000,1
2026-01-14,15,16,496000,2
2026-01-14,16,7,17500,3
2026-01-14,17,5,80000,1
2026-01-14,18,7,24500,2
2026-01-14,19,7,38500,1
2026-01-14,20,5,50000,3
2026-01-15,1,12,1140000,1
2026-01-15,2,4,380000,2
2026-01-15,3,8,576000,3
2026-01-15,4,10,620000,1
2026-01-15,5,14,504000,2
2026-01-15,6,14,252000,1
2026-01-15,7,11,187000,1
2026-01-15,8,26,130000,2
2026-01-15,9,17,68000,2
2026-01-15,10,21,42000,2
2026-01-15,11,8,96000,1
2026-01-15,12,12,60000,1
2026-01-15,13,34,51000,2
2026-01-15,14,5,150000,1
2026-01-15,15,20,620000,1
2026-01-15,16,16,40000,1
2026-01-15,17,3,48000,2
2026-01-15,18,6,21000,2
2026-01-15,19,15,82500,1
2026-01-15,20,6,60000,1
2026-01-16,1,8,760000,1
2026-01-16,2,5,475000,1
2026-01-16,3,12,864000,1
2026-01-16,4,8,496000,2
2026-01-16,5,3,108000,1
2026-01-16,6,12,216000,3
2026-01-16,7,9,153000,1
2026-01-16,8,10,50000,3
2026-01-16,9,24,96000,3
2026-01-16,10,23,46000,2
2026-01-16,11,9,108000,2
2026-01-16,12,11,55000,2
2026-01-16,13,26,39000,1
2026-01-16,14,7,210000,2
2026-01-16,15,14,434000,1
2026-01-16,16,17,42500,2
2026-01-16,17,4,64000,1
2026-01-16,18,4,14000,1
2026-01-16,19,6,33000,1
2026-01-16,20,5,50000,1
2026-01-17,1,13,1235000,2
2026-01-17,2,4,380000,1
2026-01-17,3,17,1224000,1
2026-01-17,4,6,372000,2
2026-01-17,5,12,432000,3
2026-01-17,6,19,342000,2
2026-01-17,7,10,170000,1
2026-01-17,8,31,155000,3
2026-01-17,9,26,104000,2
2026-01-17,10,28,56000,1
2026-01-17,11,6,72000,1
2026-01-17,12,6,30000,2
2026-01-17,13,37,55500,3
2026-01-17,14,4,120000,1
2026-01-17,15,14,434000,1
2026-01-17,16,21,52500,1
2026-01-17,17,4,64000,3
2026-01-17,18,5,17500,1
2026-01-17,19,13,71500,1
2026-01-17,20,6,60000,1
2026-01-18,1,14,1330000,2
2026-01-18,2,5,475000,2
2026-01-18,3,10,720000,1
2026-01-18,4,5,310000,1
2026-01-18,5,10,360000,1
2026-01-18,6,13,234000,1
2026-01-18,7,8,136000,2
2026-01-18,8,14,70000,3
2026-01-18,9,26,104000,3
2026-01-18,10,31,62000,1
2026-01-18,11,8,96000,2
2026-01-18,12,7,35000,2
2026-01-18,13,34,51000,2
2026-01-18,14,7,210000,1
2026-01-18,15,15,465000,2
2026-01-18,16,17,42500,1
2026-01-18,17,6,96000,1
2026-01-18,18,2,7000,2
2026-01-18,19,12,66000,2
2026-01-18,20,5,50000,1
2026-01-19,1,8,760000,2
2026-01-19,2,9,855000,1
2026-01-19,3,13,936000,1
2026-01-19,4,4,248000,1
2026-01-19,5,9,324000,1
2026-01-19,6,6,108000,1
2026-01-19,7,8,136000,1
2026-01-19,8,12,60000,1
2026-01-19,9,28,112000,1
2026-01-19,10,20,40000,1
2026-01-19,11,5,60000,3
2026-01-19,12,6,30000,2
2026-01-19,13,43,64500,2
2026-01-19,14,7,210000,1
2026-01-19,15,20,620000,1
2026-01-19,16,24,60000,2
2026-01-19,17,4,64000,1
2026-01-19,18,6,21000,1
2026-01-19,19,11,60500,2
2026-01-19,20,2,20000,1
2026-01-20,1,7,665000,2
2026-01-20,2,6,570000,2
2026-01-20,3,11,792000,1
2026-01-20,4,4,248000,3
2026-01-20,5,9,324000,1
2026-01-20,6,21,378000,1
2026-01-20,7,11,187000,3
2026-01-20,8,17,85000,1
2026-01-20,9,28,112000,3
2026-01-20,10,22,44000,1
2026-01-20,11,2,24000,1
2026-01-20,12,5,25000,1
2026-01-20,13,41,61500,2
2026-01-20,14,7,210000,2
2026-01-20,15,14,434000,3
2026-01-20,16,18,45000,2
2026-01-20,17,7,112000,1
2026-01-20,18,8,28000,1
2026-01-20,19,17,93500,1
2026-01-20,20,4,40000,3
2026-01-21,1,8,760000,1
2026-01-21,2,2,190000,1
2026-01-21,3,16,1152000,3
2026-01-21,4,4,248000,1
2026-01-21,5,10,360000,1
2026-01-21,6,9,162000,1
2026-01-21,7,7,119000,2
2026-01-21,8,12,60000,1
2026-01-21,9,17,68000,1
2026-01-21,10,20,40000,1
2026-01-21,11,4,48000,1
2026-01-21,12,10,50000,1
2026-01-21,13,21,31500,1
2026-01-21,14,8,240000,1
2026-01-21,15,18,558000,1
2026-01-21,16,16,40000,2
2026-01-21,17,2,32000,1
2026-01-21,18,5,17500,2
2026-01-21,19,14,77000,1
2026-01-21,20,5,50000,3
2026-01-22,1,6,570000,1
2026-01-22,2,5,475000,2
2026-01-22,3,8,576000,2
2026-01-22,4,8,496000,2
2026-01-22,5,11,396000,1
2026-01-22,6,12,216000,1
2026-01-22,7,7,119000,1
2026-01-22,8,12,60000,1
2026-01-22,9,25,100000,1
2026-01-22,10,34,68000,1
2026-01-22,11,4,48000,1
2026-01-22,12,9,45000,2
2026-01-22,13,14,21000,2
2026-01-22,14,6,180000,1
2026-01-22,15,14,434000,2
2026-01-22,16,14,35000,1
2026-01-22,17,2,32000,2
2026-01-22,18,4,14000,1
2026-01-22,19,11,60500,1
2026-01-22,20,4,40000,1
2026-01-23,1,2,190000,1
2026-01-23,2,2,190000,2
2026-01-23,3,10,720000,1
2026-01-23,4,7,434000,1
2026-01-23,5,3,108000,1
2026-01-23,6,11,198000,1
2026-01-23,7,7,119000,1
2026-01-23,8,26,130000,1
2026-01-23,9,19,76000,1
2026-01-23,10,27,54000,3
2026-01-23,11,6,72000,1
2026-01-23,12,2,10000,2
2026-01-23,13,35,52500,1
2026-01-23,14,8,240000,1
2026-01-23,15,16,496000,2
2026-01-23,16,43,107500,1
2026-01-23,18,9,31500,2
2026-01-23,19,8,44000,2
2026-01-23,20,5,50000,1
2026-01-24,1,11,1045000,1
2026-01-24,2,5,475000,3
2026-01-24,3,12,864000,1
2026-01-24,4,8,496000,2
2026-01-24,5,7,252000,2
2026-01-24,6,18,324000,1
2026-01-24,7,9,153000,1
2026-01-24,8,16,80000,1
2026-01-24,9,26,104000,2
2026-01-24,10,41,82000,2
2026-01-24,11,5,60000,2
2026-01-24,12,9,45000,1
2026-01-24,13,31,46500,1
2026-01-24,14,13,390000,1
2026-01-24,15,17,527000,1
2026-01-24,16,35,87500,2
2026-01-24,17,4,64000,1
2026-01-24,18,7,24500,1
2026-01-24,19,14,77000,1
2026-01-24,20,7,70000,1
2026-01-25,1,8,760000,1
2026-01-25,2,8,760000,1
2026-01-25,3,13,936000,2
2026-01-25,4,7,434000,1
2026-01-25,5,11,396000,1
2026-01-25,6,16,288000,1
2026-01-25,7,10,170000,1
2026-01-25,8,29,145000,1
2026-01-25,9,45,180000,1
2026-01-25,10,38,76000,2
2026-01-25,11,8,96000,1
2026-01-25,12,7,35000,2
2026-01-25,13,30,45000,1
2026-01-25,14,13,390000,2
2026-01-25,15,18,558000,1
2026-01-25,16,33,82500,1
2026-01-25,17,3,48000,2
2026-01-25,18,5,17500,2
2026-01-25,19,5,27500,1
2026-01-25,20,4,40000,2
2026-01-26,1,10,950000,1
2026-01-26,2,4,380000,1
2026-01-26,3,13,936000,2
2026-01-26,4,6,372000,1
2026-01-26,5,10,360000,3
2026-01-26,6,9,162000,1
2026-01-26,7,9,153000,1
2026-01-26,9,20,80000,1
2026-01-26,10,12,24000,3
2026-01-26,11,8,96000,1
2026-01-26,12,9,45000,1
2026-01-26,13,33,49500,1
2026-01-26,14,12,360000,1
2026-01-26,15,12,372000,1
2026-01-26,16,30,75000,1
2026-01-26,17,5,80000,1
2026-01-26,18,5,17500,2
2026-01-26,19,13,71500,1
2026-01-26,20,3,30000,2
2026-01-27,1,6,570000,1
2026-01-27,2,3,285000,1
2026-01-27,3,10,720000,1
2026-01-27,4,4,248000,1
2026-01-27,5,13,468000,2
2026-01-27,6,12,216000,1
2026-01-27,7,9,153000,1
2026-01-27,8,14,70000,1
2026-01-27,9,9,36000,1
2026-01-27,10,27,54000,1
2026-01-27,11,1,12000,1
2026-01-27,12,7,35000,1
2026-01-27,13,19,28500,2
2026-01-27,14,13,390000,3
2026-01-27,15,17,527000,1
2026-01-27,16,20,50000,3
2026-01-27,17,6,96000,2
2026-01-27,18,4,14000,1
2026-01-27,19,11,60500,1
2026-01-27,20,5,50000,1
2026-01-28,1,8,760000,1
2026-01-28,2,7,665000,2
2026-01-28,3,14,1008000,1
2026-01-28,4,7,434000,1
2026-01-28,5,5,180000,1
2026-01-28,6,9,162000,1
2026-01-28,7,8,136000,1
2026-01-28,8,18,90000,1
2026-01-28,9,14,56000,2
2026-01-28,10,43,86000,1
2026-01-28,11,9,108000,1
2026-01-28,12,9,45000,3
2026-01-28,13,30,45000,2
2026-01-28,14,7,210000,2
2026-01-28,15,12,372000,1
2026-01-28,16,20,50000,3
2026-01-28,17,4,64000,2
2026-01-28,18,3,10500,1
2026-01-28,19,11,60500,1
2026-01-28,20,4,40000,1
2026-01-29,1,3,285000,2
2026-01-29,2,3,285000,2
2026-01-29,3,10,720000,1
2026-01-29,4,10,620000,1
2026-01-29,5,11,396000,1
2026-01-29,6,8,144000,2
2026-01-29,7,10,170000,2
2026-01-29,8,8,40000,3
2026-01-29,9,29,116000,3
2026-01-29,10,21,42000,1
2026-01-29,11,5,60000,2
2026-01-29,12,11,55000,1
2026-01-29,13,20,30000,2
2026-01-29,14,4,120000,1
2026-01-29,15,13,403000,1
2026-01-29,16,26,65000,2
2026-01-29,17,1,16000,1
2026-01-29,19,8,44000,1
2026-01-29,20,5,50000,1
2026-01-30,1,10,950000,2
2026-01-30,2,4,380000,1
2026-01-30,3,10,720000,1
2026-01-30,4,9,558000,1
2026-01-30,5,5,180000,3
2026-01-30,6,12,216000,1
2026-01-30,7,9,153000,2
2026-01-30,8,20,100000,1
2026-01-30,9,18,72000,1
2026-01-30,10,25,50000,1
2026-01-30,12,6,30000,2
2026-01-30,13,33,49500,1
2026-01-30,14,5,150000,3
2026-01-30,15,15,465000,1
2026-01-30,16,22,55000,3
2026-01-30,17,3,48000,2
2026-01-30,18,6,21000,2
2026-01-30,19,6,33000,3
2026-01-30,20,4,40000,1
2026-01-31,1,13,1235000,2
2026-01-31,2,6,570000,3
2026-01-31,3,12,864000,1
2026-01-31,4,8,496000,1
2026-01-31,5,13,468000,2
2026-01-31,6,5,90000,3
2026-01-31,7,13,221000,2
2026-01-31,8,23,115000,2
2026-01-31,9,34,136000,1
2026-01-31,10,40,80000,2
2026-01-31,11,3,36000,2
2026-01-31,12,6,30000,1
2026-01-31,13,36,54000,2
2026-01-31,14,7,210000,1
2026-01-31,15,21,651000,2
2026-01-31,16,17,42500,1
2026-01-31,17,4,64000,2
2026-01-31,18,6,21000,1
2026-01-31,19,8,44000,1
2026-01-31,20,4,40000,1
2026-02-01,1,17,1615000,1
2026-02-01,2,8,760000,2
2026-02-01,3,20,1440000,1
2026-02-01,4,9,558000,1
2026-02-01,5,10,360000,1
2026-02-01,6,24,432000,1
2026-02-01,7,22,374000,1
2026-02-01,8,39,195000,1
2026-02-01,9,47,188000,1
2026-02-01,10,52,104000,2
2026-02-01,11,5,60000,2
2026-02-01,12,19,95000,2
2026-02-01,13,58,87000,1
2026-02-01,14,23,690000,1
2026-02-01,15,19,589000,1
2026-02-01,16,51,127500,1
2026-02-01,17,9,144000,1
2026-02-01,18,10,35000,2
2026-02-01,19,21,115500,2
2026-02-01,20,7,70000,2
2026-02-02,1,15,1425000,1
2026-02-02,2,7,665000,2
2026-02-02,3,8,576000,1
2026-02-02,4,6,372000,3
2026-02-02,5,13,468000,2
2026-02-02,6,21,378000,1
2026-02-02,7,12,204000,1
2026-02-02,8,36,180000,1
2026-02-02,9,13,52000,2
2026-02-02,10,37,74000,2
2026-02-02,11,3,36000,1
2026-02-02,12,14,70000,2
2026-02-02,13,42,63000,3
2026-02-02,14,13,390000,1
2026-02-02,15,17,527000,2
2026-02-02,16,39,97500,3
2026-02-02,17,8,128000,2
2026-02-02,18,10,35000,2
2026-02-02,19,13,71500,1
2026-02-02,20,8,80000,1
2026-02-03,1,9,855000,1
2026-02-03,2,9,855000,1
2026-02-03,3,24,1728000,1
2026-02-03,4,13,806000,3
2026-02-03,5,11,396000,1
2026-02-03,6,22,396000,1
2026-02-03,7,8,136000,2
2026-02-03,8,31,155000,3
2026-02-03,9,35,140000,1
2026-02-03,10,15,30000,2
2026-02-03,11,5,60000,1
2026-02-03,12,10,50000,1
2026-02-03,13,39,58500,2
2026-02-03,14,6,180000,1
2026-02-03,15,23,713000,1
2026-02-03,16,30,75000,1
2026-02-03,17,5,80000,1
2026-02-03,18,6,21000,2
2026-02-03,19,19,104500,2
2026-02-03,20,10,100000,1
2026-02-04,1,9,855000,1
2026-02-04,2,5,475000,1
2026-02-04,3,19,1368000,2
2026-02-04,4,8,496000,2
2026-02-04,5,13,468000,1
2026-02-04,6,24,432000,1
2026-02-04,7,6,102000,2
2026-02-04,8,37,185000,1
2026-02-04,9,32,128000,2
2026-02-04,10,31,62000,1
2026-02-04,11,8,96000,1
2026-02-04,12,11,55000,2
2026-02-04,13,24,36000,3
2026-02-04,14,17,510000,1
2026-02-04,15,21,651000,1
2026-02-04,16,32,80000,2
2026-02-04,17,7,112000,1
2026-02-04,18,5,17500,1
2026-02-04,19,16,88000,2
2026-02-04,20,6,60000,3
2026-02-05,1,14,1330000,2
2026-02-05,2,1,95000,1
2026-02-05,3,16,1152000,1
2026-02-05,4,8,496000,1
2026-02-05,5,15,540000,2
2026-02-05,6,22,396000,3
2026-02-05,7,10,170000,1
2026-02-05,8,19,95000,1
2026-02-05,9,30,120000,2
2026-02-05,10,26,52000,1
2026-02-05,11,11,132000,1
2026-02-05,12,10,50000,3
2026-02-05,13,11,16500,2
2026-02-05,14,9,270000,1
2026-02-05,15,17,527000,2
2026-02-05,16,14,35000,3
2026-02-05,17,2,32000,1
2026-02-05,18,8,28000,1
2026-02-05,19,21,115500,2
2026-02-05,20,7,70000,1
2026-02-06,1,8,760000,1
2026-02-06,2,7,665000,2
2026-02-06,3,13,936000,2
2026-02-06,4,6,372000,2
2026-02-06,5,8,288000,2
2026-02-06,6,8,144000,2
2026-02-06,7,10,170000,2
2026-02-06,8,23,115000,1
2026-02-06,9,26,104000,1
2026-02-06,10,27,54000,2
2026-02-06,11,5,60000,1
2026-02-06,12,11,55000,2
2026-02-06,13,25,37500,2
2026-02-06,14,12,360000,1
2026-02-06,15,14,434000,1
2026-02-06,16,19,47500,2
2026-02-06,17,2,32000,2
2026-02-06,18,6,21000,1
2026-02-06,19,16,88000,1
2026-02-06,20,7,70000,2
2026-02-07,1,18,1710000,1
2026-02-07,2,9,855000,1
2026-02-07,3,13,936000,2
2026-02-07,4,8,496000,1
2026-02-07,5,11,396000,1
2026-02-07,6,26,468000,3
2026-02-07,7,9,153000,3
2026-02-07,8,44,220000,1
2026-02-07,9,48,192000,1
2026-02-07,10,58,116000,1
2026-02-07,11,7,84000,2
2026-02-07,12,13,65000,1
2026-02-07,13,76,114000,1
2026-02-07,14,10,300000,1
2026-02-07,15,13,403000,1
2026-02-07,16,12,30000,1
2026-02-07,17,8,128000,1
2026-02-07,18,3,10500,2
2026-02-07,19,15,82500,1
2026-02-07,20,7,70000,1
2026-02-08,1,14,1330000,1
2026-02-08,2,9,855000,1
2026-02-08,3,19,1368000,1
2026-02-08,4,13,806000,2
2026-02-08,5,10,360000,2
2026-02-08,6,15,270000,1
2026-02-08,7,10,170000,2
2026-02-08,8,43,215000,1
2026-02-08,9,48,192000,1
2026-02-08,10,42,84000,2
2026-02-08,11,12,144000,1
2026-02-08,12,7,35000,1
2026-02-08,13,69,103500,1
2026-02-08,14,19,570000,1
2026-02-08,15,22,682000,1
2026-02-08,16,44,110000,1
2026-02-08,17,2,32000,1
2026-02-08,18,6,21000,1
2026-02-08,19,12,66000,1
2026-02-08,20,8,80000,3
2026-02-09,1,6,570000,2
2026-02-09,2,7,665000,2
2026-02-09,3,20,1440000,1
2026-02-09,4,10,620000,1
2026-02-09,5,13,468000,1
2026-02-09,6,12,216000,2
2026-02-09,7,8,136000,2
2026-02-09,8,32,160000,2
2026-02-09,9,33,132000,1
2026-02-09,10,30,60000,1
2026-02-09,11,6,72000,2
2026-02-09,12,3,15000,1
2026-02-09,13,27,40500,1
2026-02-09,14,16,480000,1
2026-02-09,15,13,403000,1
2026-02-09,16,26,65000,1
2026-02-09,17,7,112000,1
2026-02-09,18,4,14000,2
2026-02-09,19,13,71500,1
2026-02-09,20,8,80000,1
2026-02-10,1,10,950000,1
2026-02-10,2,12,1140000,1
2026-02-10,3,8,576000,2
2026-02-10,4,11,682000,2
2026-02-10,5,11,396000,1
2026-02-10,6,21,378000,1
2026-02-10,7,12,204000,1
2026-02-10,8,16,80000,2
2026-02-10,9,29,116000,2
2026-02-10,10,13,26000,2
2026-02-10,11,9,108000,2
2026-02-10,12,10,50000,1
2026-02-10,13,43,64500,1
2026-02-10,14,13,390000,1
2026-02-10,15,20,620000,1
2026-02-10,16,26,65000,2
2026-02-10,17,3,48000,1
2026-02-10,18,5,17500,2
2026-02-10,19,17,93500,1
2026-02-10,20,8,80000,1
2026-02-11,1,9,855000,2
2026-02-11,2,6,570000,2
2026-02-11,3,11,792000,2
2026-02-11,4,11,682000,2
2026-02-11,5,14,504000,2
2026-02-11,6,27,486000,2
2026-02-11,7,8,136000,1
2026-02-11,8,19,95000,1
2026-02-11,9,29,116000,1
2026-02-11,10,37,74000,2
2026-02-11,11,6,72000,1
2026-02-11,12,7,35000,1
2026-02-11,13,45,67500,1
2026-02-11,14,12,360000,3
2026-02-11,15,15,465000,1
2026-02-11,16,35,87500,1
2026-02-11,17,7,112000,1
2026-02-11,18,7,24500,1
2026-02-11,19,12,66000,2
2026-02-11,20,7,70000,1
2026-02-12,1,7,665000,1
2026-02-12,2,6,570000,1
2026-02-12,3,6,432000,2
2026-02-12,4,11,682000,2
2026-02-12,5,7,252000,1
2026-02-12,6,25,450000,1
2026-02-12,7,10,170000,1
2026-02-12,8,20,100000,3
2026-02-12,9,22,88000,1
2026-02-12,10,28,56000,1
2026-02-12,11,11,132000,1
2026-02-12,12,2,10000,2
2026-02-12,13,49,73500,1
2026-02-12,14,11,330000,1
2026-02-12,15,14,434000,1
2026-02-12,16,16,40000,3
2026-02-12,17,8,128000,2
2026-02-12,18,5,17500,2
2026-02-12,19,7,38500,1
2026-02-12,20,8,80000,1
2026-02-13,1,11,1045000,2
2026-02-13,2,4,380000,1
2026-02-13,3,15,1080000,2
2026-02-13,4,6,372000,2
2026-02-13,5,15,540000,1
2026-02-13,6,23,414000,1
2026-02-13,7,12,204000,1
2026-02-13,8,25,125000,3
2026-02-13,9,42,168000,2
2026-02-13,10,31,62000,1
2026-02-13,11,4,48000,1
2026-02-13,12,11,55000,2
2026-02-13,13,57,85500,2
2026-02-13,14,6,180000,1
2026-02-13,15,17,527000,1
2026-02-13,16,28,70000,1
2026-02-13,17,4,64000,1
2026-02-13,18,5,17500,1
2026-02-13,19,17,93500,2
2026-02-13,20,10,100000,3
2026-02-14,1,14,1330000,2
2026-02-14,2,5,475000,1
2026-02-14,3,11,792000,2
2026-02-14,4,10,620000,1
2026-02-14,5,18,648000,1
2026-02-14,6,21,378000,2
2026-02-14,7,13,221000,1
2026-02-14,8,26,130000,2
2026-02-14,9,25,100000,2
2026-02-14,10,46,92000,3
2026-02-14,11,11,132000,2
2026-02-14,12,5,25000,1
2026-02-14,13,68,102000,1
2026-02-14,14,15,450000,2
2026-02-14,15,25,775000,2
2026-02-14,16,17,42500,3
2026-02-14,17,2,32000,1
2026-02-14,18,7,24500,2
2026-02-14,19,20,110000,2
2026-02-14,20,10,100000,1
2026-02-15,1,16,1520000,1
2026-02-15,2,7,665000,1
2026-02-15,3,13,936000,2
2026-02-15,4,13,806000,3
2026-02-15,5,10,360000,2
2026-02-15,6,28,504000,2
2026-02-15,7,12,204000,2
2026-02-15,8,52,260000,1
2026-02-15,9,46,184000,2
2026-02-15,10,35,70000,2
2026-02-15,11,7,84000,1
2026-02-15,12,9,45000,1
2026-02-15,13,53,79500,1
2026-02-15,14,13,390000,3
2026-02-15,15,17,527000,3
2026-02-15,16,27,67500,1
2026-02-15,17,6,96000,1
2026-02-15,18,2,7000,1
2026-02-15,19,20,110000,3
2026-02-15,20,4,40000,2
2026-02-16,1,6,570000,2
2026-02-16,2,3,285000,3
2026-02-16,3,8,576000,1
2026-02-16,4,5,310000,3
2026-02-16,5,10,360000,1
2026-02-16,6,27,486000,2
2026-02-16,7,9,153000,2
2026-02-16,8,23,115000,2
2026-02-16,9,30,120000,2
2026-02-16,10,32,64000,1
2026-02-16,11,7,84000,1
2026-02-16,12,6,30000,1
2026-02-16,13,51,76500,1
2026-02-16,14,16,480000,1
2026-02-16,15,12,372000,1
2026-02-16,16,17,42500,2
2026-02-16,17,4,64000,1
2026-02-16,18,5,17500,1
2026-02-16,19,14,77000,1
2026-02-16,20,4,40000,2
2026-02-17,1,16,1520000,1
2026-02-17,2,8,760000,1
2026-02-17,3,15,1080000,1
2026-02-17,4,11,682000,2
2026-02-17,5,15,540000,2
2026-02-17,6,14,252000,2
2026-02-17,7,8,136000,1
2026-02-17,8,23,115000,2
2026-02-17,9,34,136000,3
2026-02-17,10,32,64000,2
2026-02-17,11,3,36000,2
2026-02-17,12,7,35000,1
2026-02-17,13,36,54000,1
2026-02-17,14,9,270000,1
2026-02-17,15,26,806000,1
2026-02-17,16,14,35000,1
2026-02-17,17,6,96000,1
2026-02-17,18,10,35000,2
2026-02-17,19,22,121000,1
2026-02-17,20,5,50000,1
2026-02-18,1,11,1045000,2
2026-02-18,2,7,665000,2
2026-02-18,3,15,1080000,2
2026-02-18,4,8,496000,1
2026-02-18,5,13,468000,1
2026-02-18,6,4,72000,2
2026-02-18,7,13,221000,1
2026-02-18,8,23,115000,1
2026-02-18,9,25,100000,2
2026-02-18,10,50,100000,2
2026-02-18,11,5,60000,1
2026-02-18,12,8,40000,1
2026-02-18,13,56,84000,1
2026-02-18,14,7,210000,2
2026-02-18,15,16,496000,2
2026-02-18,16,23,57500,1
2026-02-18,17,6,96000,1
2026-02-18,18,7,24500,2
2026-02-18,19,6,33000,3
2026-02-18,20,5,50000,1
2026-02-19,1,8,760000,1
2026-02-19,2,6,570000,1
2026-02-19,3,16,1152000,1
2026-02-19,4,9,558000,1
2026-02-19,5,6,216000,2
2026-02-19,6,23,414000,1
2026-02-19,7,11,187000,3
2026-02-19,8,33,165000,1
2026-02-19,9,31,124000,1
2026-02-19,10,41,82000,1
2026-02-19,11,8,96000,2
2026-02-19,12,14,70000,2
2026-02-19,13,42,63000,1
2026-02-19,14,9,270000,2
2026-02-19,15,27,837000,1
2026-02-19,16,31,77500,1
2026-02-19,17,6,96000,1
2026-02-19,18,4,14000,1
2026-02-19,19,6,33000,2
2026-02-19,20,6,60000,2
2026-02-20,1,10,950000,2
2026-02-20,2,4,380000,1
2026-02-20,3,15,1080000,1
2026-02-20,4,12,744000,2
2026-02-20,5,14,504000,2
2026-02-20,6,11,198000,2
2026-02-20,7,10,170000,2
2026-02-20,8,16,80000,3
2026-02-20,9,24,96000,1
2026-02-20,10,27,54000,3
2026-02-20,11,6,72000,1
2026-02-20,12,6,30000,3
2026-02-20,13,36,54000,2
2026-02-20,14,8,240000,1
2026-02-20,15,7,217000,1
2026-02-20,16,40,100000,1
2026-02-20,17,7,112000,1
2026-02-20,18,6,21000,1
2026-02-20,19,12,66000,2
2026-02-20,20,4,40000,1
2026-02-21,1,21,1995000,2
2026-02-21,2,13,1235000,3
2026-02-21,3,18,1296000,1
2026-02-21,4,12,744000,2
2026-02-21,5,15,540000,3
2026-02-21,6,11,198000,2
2026-02-21,7,12,204000,1
2026-02-21,8,35,175000,2
2026-02-21,9,33,132000,1
2026-02-21,10,35,70000,2
2026-02-21,11,8,96000,2
2026-02-21,12,10,50000,1
2026-02-21,13,49,73500,1
2026-02-21,14,8,240000,1
2026-02-21,15,16,496000,1
2026-02-21,16,17,42500,2
2026-02-21,17,9,144000,3
2026-02-21,18,2,7000,1
2026-02-21,19,24,132000,1
2026-02-21,20,9,90000,1
2026-02-22,1,12,1140000,1
2026-02-22,3,16,1152000,3
2026-02-22,4,9,558000,1
2026-02-22,5,10,360000,2
2026-02-22,6,16,288000,1
2026-02-22,7,18,306000,1
2026-02-22,8,41,205000,1
2026-02-22,9,27,108000,3
2026-02-22,10,19,38000,1
2026-02-22,11,7,84000,2
2026-02-22,12,10,50000,1
2026-02-22,13,54,81000,3
2026-02-22,14,10,300000,1
2026-02-22,15,21,651000,1
2026-02-22,16,45,112500,1
2026-02-22,17,8,128000,2
2026-02-22,18,7,24500,3
2026-02-22,19,16,88000,2
2026-02-22,20,6,60000,3
2026-02-23,1,13,1235000,1
2026-02-23,2,4,380000,1
2026-02-23,3,15,1080000,1
2026-02-23,4,8,496000,2
2026-02-23,5,10,360000,1
2026-02-23,6,10,180000,1
2026-02-23,7,12,204000,2
2026-02-23,8,22,110000,1
2026-02-23,9,31,124000,2
2026-02-23,10,26,52000,1
2026-02-23,11,10,120000,1
2026-02-23,12,7,35000,2
2026-02-23,13,53,79500,1
2026-02-23,14,3,90000,3
2026-02-23,15,20,620000,1
2026-02-23,16,28,70000,1
2026-02-23,17,3,48000,2
2026-02-23,18,8,28000,2
2026-02-23,19,18,99000,1
2026-02-23,20,2,20000,2
2026-02-24,1,11,1045000,2
2026-02-24,3,11,792000,1
2026-02-24,4,13,806000,1
2026-02-24,5,10,360000,1
2026-02-24,6,11,198000,1
2026-02-24,7,10,170000,1
2026-02-24,8,38,190000,1
2026-02-24,9,12,48000,3
2026-02-24,10,21,42000,2
2026-02-24,11,11,132000,1
2026-02-24,12,15,75000,1
2026-02-24,13,36,54000,1
2026-02-24,14,5,150000,3
2026-02-24,15,26,806000,3
2026-02-24,16,36,90000,2
2026-02-24,17,6,96000,1
2026-02-24,18,5,17500,1
2026-02-24,19,12,66000,2
2026-02-24,20,5,50000,2
2026-02-25,1,10,950000,2
2026-02-25,2,9,855000,1
2026-02-25,3,18,1296000,2
2026-02-25,4,5,310000,2
2026-02-25,5,16,576000,1
2026-02-25,6,19,342000,2
2026-02-25,7,13,221000,1
2026-02-25,8,34,170000,1
2026-02-25,9,18,72000,1
2026-02-25,10,30,60000,1
2026-02-25,11,6,72000,1
2026-02-25,12,5,25000,2
2026-02-25,13,40,60000,1
2026-02-25,14,18,540000,1
2026-02-25,15,11,341000,1
2026-02-25,16,24,60000,2
2026-02-25,17,6,96000,2
2026-02-25,18,7,24500,1
2026-02-25,19,12,66000,2
2026-02-25,20,3,30000,1
2026-02-26,1,10,950000,1
2026-02-26,2,4,380000,2
2026-02-26,3,6,432000,1
2026-02-26,4,11,682000,1
2026-02-26,5,15,540000,1
2026-02-26,6,17,306000,1
2026-02-26,7,11,187000,2
2026-02-26,8,30,150000,1
2026-02-26,9,29,116000,1
2026-02-26,10,39,78000,2
2026-02-26,11,6,72000,1
2026-02-26,12,13,65000,1
2026-02-26,13,40,60000,1
2026-02-26,14,10,300000,2
2026-02-26,15,13,403000,1
2026-02-26,16,27,67500,1
2026-02-26,17,3,48000,1
2026-02-26,18,6,21000,1
2026-02-26,19,8,44000,2
2026-02-26,20,4,40000,2
2026-02-27,1,16,1520000,1
2026-02-27,2,9,855000,2
2026-02-27,3,22,1584000,1
2026-02-27,4,5,310000,3
2026-02-27,5,12,432000,1
2026-02-27,6,10,180000,1
2026-02-27,7,9,153000,2
2026-02-27,8,15,75000,1
2026-02-27,9,37,148000,1
2026-02-27,10,27,54000,1
2026-02-27,11,10,120000,1
2026-02-27,12,11,55000,3
2026-02-27,13,59,88500,1
2026-02-27,14,4,120000,1
2026-02-27,15,23,713000,1
2026-02-27,16,33,82500,1
2026-02-27,17,3,48000,2
2026-02-27,18,9,31500,1
2026-02-27,19,13,71500,2
2026-02-27,20,5,50000,1
2026-02-28,1,10,950000,2
2026-02-28,2,6,570000,1
2026-02-28,3,27,1944000,3
2026-02-28,4,9,558000,1
2026-02-28,5,17,612000,1
2026-02-28,6,14,252000,2
2026-02-28,7,10,170000,1
2026-02-28,8,46,230000,2
2026-02-28,9,22,88000,1
2026-02-28,10,32,64000,2
2026-02-28,11,8,96000,2
2026-02-28,12,11,55000,2
2026-02-28,13,46,69000,1
2026-02-28,14,14,420000,1
2026-02-28,15,22,682000,1
2026-02-28,16,35,87500,2
2026-02-28,17,3,48000,3
2026-02-28,18,7,24500,1
2026-02-28,19,24,132000,1
2026-02-28,20,8,80000,3
2026-03-01,1,9,855000,1
2026-03-01,2,10,950000,2
2026-03-01,3,10,720000,1
2026-03-01,4,11,682000,1
2026-03-01,5,24,864000,1
2026-03-01,6,15,270000,2
2026-03-01,7,12,204000,1
2026-03-01,8,49,245000,2
2026-03-01,9,23,92000,2
2026-03-01,10,34,68000,1
2026-03-01,11,11,132000,1
2026-03-01,12,10,50000,1
2026-03-01,13,52,78000,2
2026-03-01,14,18,540000,2
2026-03-01,15,24,744000,3
2026-03-01,16,35,87500,2
2026-03-01,17,6,96000,1
2026-03-01,18,10,35000,1
2026-03-01,19,19,104500,2
2026-03-01,20,8,80000,2
2026-03-02,1,9,855000,1
2026-03-02,2,6,570000,2
2026-03-02,3,12,864000,1
2026-03-02,4,9,558000,2
2026-03-02,5,11,396000,2
2026-03-02,6,13,234000,1
2026-03-02,7,13,221000,1
2026-03-02,8,27,135000,3
2026-03-02,9,39,156000,1
2026-03-02,10,31,62000,1
2026-03-02,11,9,108000,1
2026-03-02,12,13,65000,3
2026-03-02,13,47,70500,1
2026-03-02,14,8,240000,1
2026-03-02,15,22,682000,2
2026-03-02,16,31,77500,1
2026-03-02,17,5,80000,3
2026-03-02,18,3,10500,1
2026-03-02,19,15,82500,2
2026-03-02,20,11,110000,1
2026-03-03,1,10,950000,1
2026-03-03,2,5,475000,1
2026-03-03,3,18,1296000,1
2026-03-03,4,11,682000,1
2026-03-03,5,18,648000,2
2026-03-03,6,12,216000,1
2026-03-03,7,15,255000,1
2026-03-03,8,31,155000,1
2026-03-03,9,30,120000,1
2026-03-03,10,39,78000,1
2026-03-03,11,11,132000,2
2026-03-03,12,14,70000,1
2026-03-03,13,30,45000,1
2026-03-03,14,14,420000,1
2026-03-03,15,21,651000,1
2026-03-03,16,29,72500,1
2026-03-03,17,5,80000,1
2026-03-03,18,8,28000,3
2026-03-03,19,20,110000,1
2026-03-03,20,7,70000,3
2026-03-04,1,7,665000,2
2026-03-04,2,6,570000,1
2026-03-04,3,18,1296000,1
2026-03-04,4,13,806000,2
2026-03-04,5,16,576000,1
2026-03-04,6,14,252000,1
2026-03-04,7,20,340000,1
2026-03-04,8,28,140000,2
2026-03-04,9,43,172000,1
2026-03-04,10,34,68000,1
2026-03-04,11,10,120000,1
2026-03-04,12,14,70000,1
2026-03-04,13,56,84000,3
2026-03-04,14,15,450000,1
2026-03-04,15,25,775000,2
2026-03-04,16,26,65000,1
2026-03-04,17,4,64000,3
2026-03-04,18,9,31500,1
2026-03-04,19,19,104500,1
2026-03-04,20,6,60000,1
2026-03-05,1,15,1425000,1
2026-03-05,2,10,950000,1
2026-03-05,3,13,936000,1
2026-03-05,4,7,434000,1
2026-03-05,5,13,468000,1
2026-03-05,6,21,378000,1
2026-03-05,7,11,187000,1
2026-03-05,8,38,190000,1
2026-03-05,9,35,140000,2
2026-03-05,10,36,72000,2
2026-03-05,11,4,48000,1
2026-03-05,12,6,30000,1
2026-03-05,13,46,69000,1
2026-03-05,14,2,60000,1
2026-03-05,15,25,775000,2
2026-03-05,16,27,67500,1
2026-03-05,17,13,208000,2
2026-03-05,18,14,49000,3
2026-03-05,19,13,71500,3
2026-03-05,20,6,60000,1
2026-03-06,1,12,1140000,1
2026-03-06,2,9,855000,1
2026-03-06,3,8,576000,2
2026-03-06,4,4,248000,2
2026-03-06,5,10,360000,1
2026-03-06,6,20,360000,1
2026-03-06,7,12,204000,1
2026-03-06,8,30,150000,1
2026-03-06,9,17,68000,1
2026-03-06,10,9,18000,1
2026-03-06,11,9,108000,2
2026-03-06,12,7,35000,2
2026-03-06,13,18,27000,3
2026-03-06,14,10,300000,3
2026-03-06,15,21,651000,2
2026-03-06,16,24,60000,1
2026-03-06,17,4,64000,2
2026-03-06,18,7,24500,1
2026-03-06,19,10,55000,1
2026-03-06,20,3,30000,1
2026-03-07,1,10,950000,1
2026-03-07,2,9,855000,2
2026-03-07,3,19,1368000,1
2026-03-07,4,10,620000,1
2026-03-07,5,10,360000,1
2026-03-07,6,18,324000,1
2026-03-07,7,6,102000,2
2026-03-07,8,35,175000,2
2026-03-07,9,55,220000,2
2026-03-07,10,20,40000,2
2026-03-07,11,6,72000,1
2026-03-07,12,12,60000,3
2026-03-07,13,64,96000,1
2026-03-07,14,10,300000,1
2026-03-07,15,16,496000,2
2026-03-07,16,11,27500,1
2026-03-07,17,6,96000,1
2026-03-07,18,12,42000,1
2026-03-07,19,19,104500,1
2026-03-07,20,6,60000,1
2026-03-08,1,15,1425000,1
2026-03-08,2,8,760000,2
2026-03-08,3,14,1008000,2
2026-03-08,4,12,744000,1
2026-03-08,5,15,540000,1
2026-03-08,6,19,342000,1
2026-03-08,7,10,170000,3
2026-03-08,8,49,245000,1
2026-03-08,9,46,184000,1
2026-03-08,10,31,62000,1
2026-03-08,11,11,132000,2
2026-03-08,12,9,45000,1
2026-03-08,13,39,58500,2
2026-03-08,14,9,270000,3
2026-03-08,15,12,372000,1
2026-03-08,16,32,80000,3
2026-03-08,17,1,16000,1
2026-03-08,18,4,14000,1
2026-03-08,19,4,22000,1
2026-03-08,20,6,60000,1
2026-03-09,1,9,855000,1
2026-03-09,2,5,475000,1
2026-03-09,3,11,792000,2
2026-03-09,4,5,310000,2
2026-03-09,5,13,468000,1
2026-03-09,6,14,252000,2
2026-03-09,7,12,204000,2
2026-03-09,8,15,75000,2
2026-03-09,9,28,112000,1
2026-03-09,10,43,86000,2
2026-03-09,11,9,108000,1
2026-03-09,12,8,40000,1
2026-03-09,13,39,58500,2
2026-03-09,14,9,270000,2
2026-03-09,15,18,558000,2
2026-03-09,16,22,55000,1
2026-03-09,17,4,64000,2
2026-03-09,18,7,24500,2
2026-03-09,19,8,44000,2
2026-03-09,20,4,40000,2
2026-03-10,1,5,475000,2
2026-03-10,2,2,190000,1
2026-03-10,3,10,720000,2
2026-03-10,4,9,558000,2
2026-03-10,5,9,324000,1
2026-03-10,6,20,360000,1
2026-03-10,7,11,187000,1
2026-03-10,8,6,30000,1
2026-03-10,9,32,128000,2
2026-03-10,10,38,76000,3
2026-03-10,11,4,48000,1
2026-03-10,12,11,55000,2
2026-03-10,13,29,43500,1
2026-03-10,14,10,300000,2
2026-03-10,15,14,434000,1
2026-03-10,16,11,27500,2
2026-03-10,17,4,64000,1
2026-03-10,18,7,24500,1
2026-03-10,19,10,55000,1
2026-03-10,20,4,40000,2
2026-03-11,1,8,760000,1
2026-03-11,2,6,570000,1
2026-03-11,3,14,1008000,1
2026-03-11,4,9,558000,1
2026-03-11,5,10,360000,2
2026-03-11,6,23,414000,1
2026-03-11,7,7,119000,3
2026-03-11,8,26,130000,2
2026-03-11,9,37,148000,3
2026-03-11,10,35,70000,1
2026-03-11,11,6,72000,1
2026-03-11,12,8,40000,2
2026-03-11,13,47,70500,1
2026-03-11,14,5,150000,1
2026-03-11,15,15,465000,1
2026-03-11,16,22,55000,1
2026-03-11,17,7,112000,1
2026-03-11,18,8,28000,1
2026-03-11,19,8,44000,1
2026-03-11,20,5,50000,1
2026-03-12,1,8,760000,1
2026-03-12,2,4,380000,1
2026-03-12,3,18,1296000,1
2026-03-12,4,5,310000,1
2026-03-12,5,17,612000,1
2026-03-12,6,21,378000,1
2026-03-12,7,14,238000,1
2026-03-12,8,18,90000,2
2026-03-12,9,26,104000,2
2026-03-12,10,17,34000,1
2026-03-12,11,6,72000,1
2026-03-12,12,11,55000,1
2026-03-12,13,49,73500,1
2026-03-12,14,6,180000,1
2026-03-12,15,17,527000,1
2026-03-12,16,23,57500,1
2026-03-12,17,2,32000,1
2026-03-12,18,8,28000,3
2026-03-12,19,9,49500,1
2026-03-12,20,5,50000,1
2026-03-13,1,8,760000,1
2026-03-13,2,4,380000,2
2026-03-13,3,14,1008000,1
2026-03-13,4,8,496000,1
2026-03-13,5,11,396000,2
2026-03-13,6,13,234000,1
2026-03-13,7,12,204000,1
2026-03-13,8,35,175000,2
2026-03-13,9,28,112000,2
2026-03-13,10,40,80000,1
2026-03-13,11,3,36000,2
2026-03-13,12,10,50000,1
2026-03-13,13,27,40500,1
2026-03-13,14,4,120000,1
2026-03-13,15,15,465000,2
2026-03-13,16,33,82500,2
2026-03-13,17,6,96000,2
2026-03-13,18,8,28000,2
2026-03-13,19,5,27500,1
2026-03-13,20,5,50000,1
2026-03-14,1,15,1425000,1
2026-03-14,2,8,760000,1
2026-03-14,3,9,648000,1
2026-03-14,4,7,434000,1
2026-03-14,5,14,504000,2
2026-03-14,6,22,396000,1
2026-03-14,7,6,102000,1
2026-03-14,8,31,155000,2
2026-03-14,9,40,160000,1
2026-03-14,10,47,94000,2
2026-03-14,11,10,120000,2
2026-03-14,12,12,60000,1
2026-03-14,13,39,58500,1
2026-03-14,14,4,120000,2
2026-03-14,15,18,558000,1
2026-03-14,16,37,92500,1
2026-03-14,17,10,160000,2
2026-03-14,18,9,31500,1
2026-03-14,19,20,110000,1
2026-03-14,20,7,70000,1
2026-03-15,1,11,1045000,2
2026-03-15,2,7,665000,1
2026-03-15,3,25,1800000,1
2026-03-15,4,6,372000,1
2026-03-15,5,20,720000,1
2026-03-15,6,17,306000,1
2026-03-15,7,17,289000,3
2026-03-15,8,17,85000,1
2026-03-15,9,45,180000,2
2026-03-15,10,29,58000,1
2026-03-15,11,4,48000,2
2026-03-15,12,11,55000,2
2026-03-15,13,61,91500,1
2026-03-15,14,9,270000,1
2026-03-15,15,13,403000,1
2026-03-15,16,27,67500,1
2026-03-15,17,6,96000,1
2026-03-15,18,9,31500,2
2026-03-15,19,23,126500,1
2026-03-15,20,6,60000,1
2026-03-16,1,15,1425000,1
2026-03-16,2,6,570000,2
2026-03-16,3,13,936000,1
2026-03-16,4,4,248000,2
2026-03-16,5,11,396000,2
2026-03-16,6,15,270000,1
2026-03-16,7,13,221000,1
2026-03-16,8,26,130000,1
2026-03-16,9,17,68000,1
2026-03-16,10,32,64000,2
2026-03-16,11,9,108000,1
2026-03-16,12,14,70000,1
2026-03-16,13,45,67500,2
2026-03-16,14,12,360000,1
2026-03-16,15,18,558000,1
2026-03-16,16,27,67500,2
2026-03-16,17,7,112000,1
2026-03-16,18,4,14000,1
2026-03-16,19,10,55000,3
2026-03-16,20,4,40000,1
2026-03-17,1,11,1045000,1
2026-03-17,2,8,760000,1
2026-03-17,3,12,864000,1
2026-03-17,4,2,124000,1
2026-03-17,5,11,396000,1
2026-03-17,6,22,396000,1
2026-03-17,7,12,204000,1
2026-03-17,8,25,125000,1
2026-03-17,9,25,100000,2
2026-03-17,10,19,38000,2
2026-03-17,11,8,96000,1
2026-03-17,12,7,35000,1
2026-03-17,13,57,85500,1
2026-03-17,14,11,330000,1
2026-03-17,15,16,496000,2
2026-03-17,16,20,50000,1
2026-03-17,17,4,64000,3
2026-03-17,18,6,21000,1
2026-03-17,19,17,93500,1
2026-03-17,20,6,60000,2
2026-03-18,1,7,665000,1
2026-03-18,2,10,950000,1
2026-03-18,3,15,1080000,3
2026-03-18,4,10,620000,1
2026-03-18,5,10,360000,2
2026-03-18,6,19,342000,1
2026-03-18,7,12,204000,2
2026-03-18,8,7,35000,2
2026-03-18,9,44,176000,1
2026-03-18,10,43,86000,1
2026-03-18,11,6,72000,2
2026-03-18,12,6,30000,1
2026-03-18,13,40,60000,1
2026-03-18,14,10,300000,1
2026-03-18,15,20,620000,1
2026-03-18,16,26,65000,2
2026-03-18,17,6,96000,2
2026-03-18,18,10,35000,1
2026-03-18,19,14,77000,3
2026-03-18,20,4,40000,2
2026-03-19,1,14,1330000,2
2026-03-19,2,9,855000,2
2026-03-19,3,26,1872000,1
2026-03-19,4,5,310000,1
2026-03-19,5,13,468000,2
2026-03-19,6,6,108000,2
2026-03-19,7,12,204000,2
2026-03-19,8,18,90000,1
2026-03-19,9,43,172000,2
2026-03-19,10,23,46000,2
2026-03-19,11,3,36000,1
2026-03-19,12,8,40000,1
2026-03-19,13,18,27000,2
2026-03-19,14,12,360000,2
2026-03-19,15,11,341000,3
2026-03-19,16,25,62500,2
2026-03-19,18,6,21000,2
2026-03-19,19,19,104500,2
2026-03-19,20,6,60000,1
2026-03-20,1,7,665000,1
2026-03-20,2,6,570000,2
2026-03-20,3,15,1080000,2
2026-03-20,4,9,558000,1
2026-03-20,5,8,288000,1
2026-03-20,6,20,360000,2
2026-03-20,7,3,51000,1
2026-03-20,8,17,85000,1
2026-03-20,9,23,92000,3
2026-03-20,10,37,74000,2
2026-03-20,11,7,84000,1
2026-03-20,12,5,25000,1
2026-03-20,13,28,42000,1
2026-03-20,14,10,300000,2
2026-03-20,15,18,558000,1
2026-03-20,16,20,50000,2
2026-03-20,17,4,64000,1
2026-03-20,18,9,31500,2
2026-03-20,19,10,55000,2
2026-03-20,20,6,60000,1
2026-03-21,1,23,2185000,2
2026-03-21,2,4,380000,1
2026-03-21,3,9,648000,1
2026-03-21,4,11,682000,2
2026-03-21,5,11,396000,1
2026-03-21,6,17,306000,3
2026-03-21,7,10,170000,2
2026-03-21,8,30,150000,2
2026-03-21,9,56,224000,3
2026-03-21,10,46,92000,1
2026-03-21,11,11,132000,2
2026-03-21,12,6,30000,1
2026-03-21,13,34,51000,3
2026-03-21,15,16,496000,1
2026-03-21,16,37,92500,2
2026-03-21,17,7,112000,1
2026-03-21,18,7,24500,2
2026-03-21,19,17,93500,2
2026-03-21,20,5,50000,1
2026-03-22,1,14,1330000,1
2026-03-22,2,10,950000,2
2026-03-22,3,10,720000,1
2026-03-22,4,10,620000,3
2026-03-22,5,17,612000,2
2026-03-22,6,16,288000,1
2026-03-22,7,15,255000,1
2026-03-22,8,66,330000,1
2026-03-22,9,37,148000,2
2026-03-22,10,41,82000,1
2026-03-22,11,6,72000,1
2026-03-22,12,11,55000,2
2026-03-22,13,54,81000,2
2026-03-22,14,13,390000,2
2026-03-22,15,15,465000,1
2026-03-22,16,30,75000,2
2026-03-22,17,10,160000,2
2026-03-22,18,8,28000,1
2026-03-22,19,23,126500,1
2026-03-22,20,6,60000,1
2026-03-23,1,12,1140000,2
2026-03-23,2,6,570000,1
2026-03-23,3,11,792000,1
2026-03-23,4,9,558000,2
2026-03-23,5,9,324000,1
2026-03-23,6,14,252000,1
2026-03-23,7,11,187000,2
2026-03-23,8,24,120000,3
2026-03-23,9,17,68000,1
2026-03-23,10,41,82000,3
2026-03-23,11,9,108000,1
2026-03-23,12,7,35000,2
2026-03-23,13,23,34500,1
2026-03-23,14,9,270000,1
2026-03-23,15,17,527000,1
2026-03-23,16,25,62500,2
2026-03-23,17,4,64000,1
2026-03-23,18,3,10500,3
2026-03-23,19,10,55000,2
2026-03-23,20,5,50000,1
2026-03-24,1,11,1045000,3
2026-03-24,2,4,380000,1
2026-03-24,3,21,1512000,3
2026-03-24,4,3,186000,1
2026-03-24,5,16,576000,1
2026-03-24,6,16,288000,1
2026-03-24,7,13,221000,1
2026-03-24,8,23,115000,2
2026-03-24,9,36,144000,3
2026-03-24,10,27,54000,1
2026-03-24,11,4,48000,3
2026-03-24,12,14,70000,1
2026-03-24,13,36,54000,1
2026-03-24,14,10,300000,2
2026-03-24,15,23,713000,2
2026-03-24,16,17,42500,2
2026-03-24,17,6,96000,1
2026-03-24,18,6,21000,2
2026-03-24,19,11,60500,3
2026-03-24,20,6,60000,1
2026-03-25,1,5,475000,2
2026-03-25,2,4,380000,1
2026-03-25,3,20,1440000,1
2026-03-25,4,11,682000,1
2026-03-25,5,12,432000,1
2026-03-25,6,18,324000,2
2026-03-25,7,10,170000,1
2026-03-25,8,33,165000,1
2026-03-25,9,25,100000,2
2026-03-25,10,33,66000,1
2026-03-25,11,10,120000,1
2026-03-25,12,7,35000,1
2026-03-25,13,52,78000,3
2026-03-25,14,4,120000,2
2026-03-25,15,24,744000,2
2026-03-25,16,22,55000,1
2026-03-25,17,4,64000,1
2026-03-25,18,3,10500,3
2026-03-25,19,10,55000,1
2026-03-25,20,4,40000,1
2026-03-26,1,8,760000,1
2026-03-26,2,5,475000,1
2026-03-26,3,18,1296000,2
2026-03-26,4,9,558000,1
2026-03-26,5,13,468000,1
2026-03-26,6,11,198000,1
2026-03-26,7,8,136000,1
2026-03-26,8,36,180000,3
2026-03-26,9,21,84000,3
2026-03-26,10,46,92000,1
2026-03-26,11,6,72000,1
2026-03-26,12,10,50000,1
2026-03-26,13,47,70500,1
2026-03-26,14,14,420000,1
2026-03-26,15,18,558000,1
2026-03-26,16,22,55000,2
2026-03-26,17,4,64000,3
2026-03-26,18,8,28000,1
2026-03-26,19,16,88000,1
2026-03-26,20,6,60000,2
2026-03-27,1,11,1045000,1
2026-03-27,2,9,855000,2
2026-03-27,3,16,1152000,1
2026-03-27,4,9,558000,2
2026-03-27,5,7,252000,1
2026-03-27,6,3,54000,1
2026-03-27,7,12,204000,3
2026-03-27,8,21,105000,3
2026-03-27,9,23,92000,1
2026-03-27,10,33,66000,1
2026-03-27,11,7,84000,2
2026-03-27,12,13,65000,1
2026-03-27,13,38,57000,2
2026-03-27,14,7,210000,2
2026-03-27,15,22,682000,2
2026-03-27,16,23,57500,2
2026-03-27,17,6,96000,2
2026-03-27,18,6,21000,1
2026-03-27,19,9,49500,1
2026-03-27,20,6,60000,1
2026-03-28,1,14,1330000,3
2026-03-28,2,9,855000,1
2026-03-28,3,16,1152000,1
2026-03-28,4,4,248000,1
2026-03-28,5,12,432000,2
2026-03-28,6,23,414000,1
2026-03-28,7,12,204000,1
2026-03-28,8,30,150000,1
2026-03-28,9,49,196000,1
2026-03-28,10,29,58000,1
2026-03-28,11,3,36000,1
2026-03-28,12,10,50000,2
2026-03-28,13,42,63000,2
2026-03-28,14,8,240000,2
2026-03-28,15,18,558000,1
2026-03-28,16,32,80000,1
2026-03-28,17,6,96000,1
2026-03-28,18,8,28000,2
2026-03-28,19,28,154000,2
2026-03-28,20,6,60000,1
2026-03-29,1,15,1425000,1
2026-03-29,2,6,570000,1
2026-03-29,3,14,1008000,1
2026-03-29,4,7,434000,2
2026-03-29,5,12,432000,1
2026-03-29,6,21,378000,1
2026-03-29,7,21,357000,1
2026-03-29,8,25,125000,2
2026-03-29,9,33,132000,1
2026-03-29,10,36,72000,1
2026-03-29,11,9,108000,1
2026-03-29,12,11,55000,1
2026-03-29,13,64,96000,1
2026-03-29,14,1,30000,1
2026-03-29,15,10,310000,1
2026-03-29,16,24,60000,1
2026-03-29,17,9,144000,1
2026-03-29,18,4,14000,1
2026-03-29,20,8,80000,2
2026-03-30,1,10,950000,2
2026-03-30,2,3,285000,1
2026-03-30,3,11,792000,1
2026-03-30,4,6,372000,1
2026-03-30,5,12,432000,1
2026-03-30,6,14,252000,2
2026-03-30,7,12,204000,1
2026-03-30,9,20,80000,2
2026-03-30,10,20,40000,1
2026-03-30,11,6,72000,1
2026-03-30,12,8,40000,2
2026-03-30,13,44,66000,2
2026-03-30,14,3,90000,1
2026-03-30,15,18,558000,1
2026-03-30,16,29,72500,3
2026-03-30,17,8,128000,2
2026-03-30,18,6,21000,1
2026-03-30,19,13,71500,2
2026-03-30,20,3,30000,3
2026-03-31,1,2,190000,1
2026-03-31,2,8,760000,2
2026-03-31,3,14,1008000,3
2026-03-31,4,11,682000,2
2026-03-31,5,8,288000,2
2026-03-31,6,20,360000,3
2026-03-31,7,16,272000,2
2026-03-31,8,25,125000,1
2026-03-31,9,29,116000,1
2026-03-31,10,31,62000,1
2026-03-31,11,3,36000,1
2026-03-31,12,14,70000,1
2026-03-31,13,31,46500,1
2026-03-31,14,11,330000,1
2026-03-31,15,12,372000,2
2026-03-31,16,16,40000,1
2026-03-31,17,7,112000,1
2026-03-31,18,6,21000,1
2026-03-31,19,18,99000,1
2026-03-31,20,6,60000,1
2026-04-01,1,4,380000,1
2026-04-01,2,7,665000,1
2026-04-01,3,11,792000,1
2026-04-01,4,9,558000,3
2026-04-01,5,11,396000,3
2026-04-01,6,8,144000,1
2026-04-01,7,10,170000,1
2026-04-01,8,36,180000,1
2026-04-01,9,29,116000,2
2026-04-01,10,28,56000,3
2026-04-01,11,9,108000,1
2026-04-01,12,9,45000,1
2026-04-01,13,36,54000,3
2026-04-01,14,5,150000,2
2026-04-01,15,18,558000,1
2026-04-01,16,30,75000,2
2026-04-01,17,3,48000,2
2026-04-01,18,9,31500,3
2026-04-01,19,11,60500,3
2026-04-01,20,4,40000,1
2026-04-02,1,11,1045000,1
2026-04-02,2,5,475000,1
2026-04-02,3,16,1152000,1
2026-04-02,4,7,434000,1
2026-04-02,5,11,396000,2
2026-04-02,6,18,324000,1
2026-04-02,7,11,187000,3
2026-04-02,8,6,30000,3
2026-04-02,9,16,64000,2
2026-04-02,10,36,72000,1
2026-04-02,11,6,72000,1
2026-04-02,12,7,35000,3
2026-04-02,13,22,33000,2
2026-04-02,14,5,150000,1
2026-04-02,15,10,310000,1
2026-04-02,16,22,55000,3
2026-04-02,17,3,48000,1
2026-04-02,18,4,14000,1
2026-04-02,19,11,60500,1
2026-04-02,20,6,60000,1
2026-04-03,1,14,1330000,2
2026-04-03,2,2,190000,1
2026-04-03,3,17,1224000,1
2026-04-03,4,10,620000,1
2026-04-03,5,9,324000,2
2026-04-03,6,17,306000,2
2026-04-03,7,9,153000,1
2026-04-03,8,22,110000,1
2026-04-03,9,36,144000,2
2026-04-03,10,33,66000,1
2026-04-03,11,8,96000,2
2026-04-03,12,8,40000,1
2026-04-03,13,21,31500,1
2026-04-03,14,8,240000,2
2026-04-03,15,21,651000,3
2026-04-03,16,12,30000,2
2026-04-03,17,2,32000,2
2026-04-03,18,7,24500,1
2026-04-03,19,7,38500,2
2026-04-03,20,4,40000,1
2026-04-04,1,11,1045000,1
2026-04-04,2,3,285000,1
2026-04-04,3,12,864000,1
2026-04-04,4,10,620000,1
2026-04-04,5,8,288000,2
2026-04-04,6,9,162000,1
2026-04-04,7,10,170000,1
2026-04-04,8,39,195000,3
2026-04-04,9,33,132000,1
2026-04-04,10,29,58000,3
2026-04-04,11,8,96000,2
2026-04-04,12,4,20000,2
2026-04-04,13,50,75000,3
2026-04-04,14,13,390000,2
2026-04-04,15,16,496000,2
2026-04-04,16,34,85000,2
2026-04-04,17,3,48000,3
2026-04-04,18,9,31500,2
2026-04-04,19,16,88000,2
2026-04-04,20,5,50000,1
2026-04-05,1,12,1140000,3
2026-04-05,2,7,665000,1
2026-04-05,3,21,1512000,2
2026-04-05,4,5,310000,1
2026-04-05,5,10,360000,2
2026-04-05,6,23,414000,1
2026-04-05,7,10,170000,2
2026-04-05,8,40,200000,3
2026-04-05,9,53,212000,2
2026-04-05,10,30,60000,2
2026-04-05,11,9,108000,1
2026-04-05,12,6,30000,2
2026-04-05,13,53,79500,3
2026-04-05,14,12,360000,2
2026-04-05,15,19,589000,1
2026-04-05,16,21,52500,1
2026-04-05,17,2,32000,1
2026-04-05,18,8,28000,1
2026-04-05,19,4,22000,1
2026-04-05,20,5,50000,2
2026-04-06,1,10,950000,2
2026-04-06,2,5,475000,2
2026-04-06,3,17,1224000,1
2026-04-06,4,9,558000,2
2026-04-06,5,8,288000,1
2026-04-06,6,14,252000,1
2026-04-06,7,8,136000,1
2026-04-06,8,8,40000,1
2026-04-06,9,15,60000,2
2026-04-06,10,20,40000,1
2026-04-06,11,2,24000,2
2026-04-06,12,8,40000,1
2026-04-06,13,28,42000,1
2026-04-06,14,3,90000,2
2026-04-06,15,16,496000,1
2026-04-06,16,24,60000,1
2026-04-06,17,4,64000,3
2026-04-06,18,5,17500,1
2026-04-06,19,12,66000,1
2026-04-06,20,6,60000,2
2026-04-07,1,8,760000,1
2026-04-07,2,3,285000,1
2026-04-07,3,12,864000,1
2026-04-07,4,9,558000,1
2026-04-07,5,8,288000,1
2026-04-07,6,22,396000,1
2026-04-07,7,7,119000,2
2026-04-07,8,18,90000,1
2026-04-07,9,17,68000,2
2026-04-07,10,26,52000,1
2026-04-07,11,2,24000,1
2026-04-07,12,6,30000,3
2026-04-07,13,21,31500,2
2026-04-07,14,8,240000,2
2026-04-07,15,17,527000,1
2026-04-07,16,23,57500,1
2026-04-07,18,9,31500,1
2026-04-07,19,11,60500,2
2026-04-07,20,3,30000,1
2026-04-08,1,8,760000,1
2026-04-08,2,5,475000,1
2026-04-08,3,9,648000,3
2026-04-08,4,7,434000,2
2026-04-08,5,8,288000,1
2026-04-08,6,12,216000,1
2026-04-08,7,7,119000,1
2026-04-08,8,8,40000,1
2026-04-08,9,22,88000,2
2026-04-08,10,29,58000,2
2026-04-08,11,7,84000,1
2026-04-08,12,9,45000,1
2026-04-08,13,32,48000,1
2026-04-08,14,6,180000,1
2026-04-08,15,17,527000,3
2026-04-08,16,11,27500,1
2026-04-08,17,2,32000,1
2026-04-08,18,4,14000,1
2026-04-08,19,13,71500,2
2026-04-08,20,6,60000,1
2026-04-09,1,9,855000,1
2026-04-09,2,6,570000,1
2026-04-09,3,9,648000,1
2026-04-09,4,7,434000,1
2026-04-09,5,9,324000,1
2026-04-09,6,17,306000,2
2026-04-09,7,8,136000,1
2026-04-09,8,15,75000,2
2026-04-09,9,25,100000,1
2026-04-09,10,31,62000,1
2026-04-09,11,4,48000,2
2026-04-09,12,7,35000,1
2026-04-09,13,22,33000,1
2026-04-09,14,1,30000,1
2026-04-09,15,15,465000,1
2026-04-09,16,23,57500,2
2026-04-09,17,4,64000,1
2026-04-09,18,2,7000,1
2026-04-09,19,8,44000,1
2026-04-09,20,1,10000,1
2026-04-10,1,11,1045000,2
2026-04-10,2,3,285000,3
2026-04-10,3,15,1080000,1
2026-04-10,4,8,496000,2
2026-04-10,5,7,252000,3
2026-04-10,6,9,162000,2
2026-04-10,7,9,153000,2
2026-04-10,8,12,60000,3
2026-04-10,9,22,88000,1
2026-04-10,10,21,42000,1
2026-04-10,11,2,24000,1
2026-04-10,12,2,10000,2
2026-04-10,13,31,46500,2
2026-04-10,14,6,180000,1
2026-04-10,15,13,403000,1
2026-04-10,16,24,60000,1
2026-04-10,17,5,80000,2
2026-04-10,18,5,17500,1
2026-04-10,19,8,44000,1
2026-04-10,20,5,50000,2
2026-04-11,1,6,570000,1
2026-04-11,2,7,665000,1
2026-04-11,3,16,1152000,1
2026-04-11,4,9,558000,2
2026-04-11,5,5,180000,1
2026-04-11,6,11,198000,1
2026-04-11,7,8,136000,1
2026-04-11,8,27,135000,1
2026-04-11,9,35,140000,1
2026-04-11,10,43,86000,2
2026-04-11,11,5,60000,1
2026-04-11,12,7,35000,2
2026-04-11,13,50,75000,1
2026-04-11,14,11,330000,2
2026-04-11,15,19,589000,2
2026-04-11,16,24,60000,1
2026-04-11,17,2,32000,2
2026-04-11,18,3,10500,1
2026-04-11,19,6,33000,1
2026-04-11,20,6,60000,2
2026-04-12,1,15,1425000,1
2026-04-12,2,10,950000,2
2026-04-12,3,17,1224000,1
2026-04-12,4,10,620000,2
2026-04-12,5,9,324000,2
2026-04-12,6,10,180000,1
2026-04-12,7,13,221000,1
2026-04-12,8,30,150000,1
2026-04-12,9,31,124000,1
2026-04-12,10,33,66000,1
2026-04-12,11,7,84000,1
2026-04-12,12,12,60000,2
2026-04-12,13,51,76500,1
2026-04-12,14,12,360000,1
2026-04-12,15,18,558000,2
2026-04-12,16,26,65000,3
2026-04-12,17,4,64000,1
2026-04-12,18,7,24500,2
2026-04-12,19,7,38500,2
2026-04-12,20,7,70000,1
2026-04-13,1,5,475000,2
2026-04-13,2,5,475000,3
2026-04-13,3,9,648000,2
2026-04-13,4,8,496000,1
2026-04-13,5,9,324000,2
2026-04-13,6,7,126000,3
2026-04-13,7,9,153000,1
2026-04-13,8,14,70000,1
2026-04-13,9,27,108000,1
2026-04-13,10,25,50000,1
2026-04-13,11,6,72000,1
2026-04-13,12,5,25000,2
2026-04-13,13,25,37500,2
2026-04-13,14,6,180000,1
2026-04-13,15,17,527000,1
2026-04-13,16,30,75000,2
2026-04-13,17,2,32000,1
2026-04-13,18,7,24500,1
2026-04-13,19,2,11000,1
2026-04-13,20,3,30000,2
2026-04-14,1,5,475000,1
2026-04-14,2,2,190000,2
2026-04-14,3,7,504000,3
2026-04-14,4,7,434000,1
2026-04-14,5,9,324000,1
2026-04-14,6,15,270000,2
2026-04-14,7,10,170000,1
2026-04-14,8,19,95000,1
2026-04-14,9,26,104000,1
2026-04-14,10,24,48000,2
2026-04-14,11,3,36000,1
2026-04-14,12,10,50000,2
2026-04-14,13,25,37500,1
2026-04-14,14,5,150000,3
2026-04-14,15,14,434000,2
2026-04-14,16,14,35000,1
2026-04-14,17,3,48000,1
2026-04-14,18,6,21000,1
2026-04-14,19,11,60500,1
2026-04-14,20,3,30000,3
2026-04-15,1,6,570000,1
2026-04-15,2,6,570000,1
2026-04-15,3,13,936000,2
2026-04-15,4,11,682000,2
2026-04-15,5,12,432000,2
2026-04-15,6,18,324000,2
2026-04-15,7,5,85000,1
2026-04-15,8,22,110000,2
2026-04-15,9,21,84000,2
2026-04-15,10,20,40000,1
2026-04-15,11,6,72000,1
2026-04-15,12,10,50000,1
2026-04-15,13,33,49500,1
2026-04-15,14,5,150000,1
2026-04-15,15,17,527000,1
2026-04-15,16,16,40000,1
2026-04-15,17,4,64000,1
2026-04-15,18,5,17500,3
2026-04-15,19,9,49500,3
2026-04-15,20,6,60000,1
2026-04-16,1,5,475000,1
2026-04-16,2,8,760000,1
2026-04-16,3,6,432000,1
2026-04-16,4,5,310000,1
2026-04-16,5,10,360000,2
2026-04-16,6,16,288000,1
2026-04-16,7,8,136000,1
2026-04-16,8,17,85000,1
2026-04-16,9,24,96000,1
2026-04-16,10,23,46000,1
2026-04-16,11,8,96000,1
2026-04-16,12,10,50000,1
2026-04-16,13,36,54000,1
2026-04-16,14,5,150000,2
2026-04-16,15,14,434000,3
2026-04-16,16,18,45000,1
2026-04-16,17,2,32000,1
2026-04-16,18,6,21000,1
2026-04-16,19,8,44000,1
2026-04-16,20,5,50000,1
2026-04-17,1,5,475000,1
2026-04-17,2,8,760000,1
2026-04-17,3,9,648000,1
2026-04-17,4,7,434000,2
2026-04-17,5,11,396000,2
2026-04-17,6,11,198000,1
2026-04-17,7,10,170000,1
2026-04-17,8,10,50000,1
2026-04-17,9,31,124000,1
2026-04-17,10,25,50000,1
2026-04-17,11,4,48000,1
2026-04-17,12,7,35000,2
2026-04-17,13,36,54000,1
2026-04-17,14,6,180000,1
2026-04-17,15,12,372000,1
2026-04-17,16,18,45000,2
2026-04-17,17,2,32000,1
2026-04-17,18,9,31500,1
2026-04-17,19,8,44000,1
2026-04-17,20,6,60000,1
2026-04-18,1,11,1045000,2
2026-04-18,2,4,380000,1
2026-04-18,3,14,1008000,3
2026-04-18,4,9,558000,1
2026-04-18,5,10,360000,2
2026-04-18,6,20,360000,1
2026-04-18,7,13,221000,1
2026-04-18,8,35,175000,1
2026-04-18,9,26,104000,3
2026-04-18,10,20,40000,3
2026-04-18,11,5,60000,1
2026-04-18,12,9,45000,2
2026-04-18,13,44,66000,2
2026-04-18,14,2,60000,2
2026-04-18,15,15,465000,2
2026-04-18,16,24,60000,2
2026-04-18,17,4,64000,1
2026-04-18,18,8,28000,2
2026-04-18,19,16,88000,1
2026-04-18,20,7,70000,1
2026-04-19,1,10,950000,1
2026-04-19,2,8,760000,1
2026-04-19,3,20,1440000,1
2026-04-19,4,10,620000,1
2026-04-19,5,8,288000,2
2026-04-19,6,14,252000,2
2026-04-19,7,9,153000,1
2026-04-19,8,31,155000,2
2026-04-19,9,37,148000,2
2026-04-19,10,22,44000,2
2026-04-19,11,7,84000,1
2026-04-19,12,3,15000,1
2026-04-19,13,53,79500,1
2026-04-19,14,8,240000,2
2026-04-19,15,15,465000,1
2026-04-19,16,20,50000,1
2026-04-19,17,7,112000,1
2026-04-19,19,13,71500,2
2026-04-19,20,5,50000,2
2026-04-20,1,6,570000,1
2026-04-20,2,8,760000,1
2026-04-20,3,9,648000,1
2026-04-20,4,8,496000,1
2026-04-20,5,10,360000,1
2026-04-20,6,19,342000,1
2026-04-20,7,7,119000,2
2026-04-20,8,13,65000,1
2026-04-20,9,29,116000,2
2026-04-20,10,28,56000,2
2026-04-20,11,2,24000,2
2026-04-20,12,6,30000,3
2026-04-20,13,32,48000,1
2026-04-20,14,10,300000,2
2026-04-20,15,12,372000,2
2026-04-20,16,2,5000,1
2026-04-20,17,4,64000,1
2026-04-20,18,3,10500,2
2026-04-20,19,2,11000,2
2026-04-21,1,9,855000,1
2026-04-21,2,5,475000,2
2026-04-21,3,11,792000,1
2026-04-21,4,9,558000,1
2026-04-21,5,11,396000,1
2026-04-21,6,20,360000,1
2026-04-21,7,5,85000,1
2026-04-21,8,17,85000,1
2026-04-21,9,11,44000,1
2026-04-21,10,23,46000,1
2026-04-21,11,5,60000,2
2026-04-21,12,9,45000,1
2026-04-21,13,30,45000,3
2026-04-21,14,9,270000,2
2026-04-21,15,17,527000,1
2026-04-21,16,32,80000,2
2026-04-21,17,3,48000,1
2026-04-21,18,4,14000,2
2026-04-21,19,10,55000,2
2026-04-21,20,3,30000,1
2026-04-22,1,11,1045000,1
2026-04-22,2,4,380000,1
2026-04-22,3,10,720000,2
2026-04-22,4,6,372000,1
2026-04-22,5,11,396000,2
2026-04-22,6,13,234000,1
2026-04-22,7,7,119000,1
2026-04-22,8,28,140000,1
2026-04-22,9,16,64000,1
2026-04-22,10,25,50000,1
2026-04-22,11,7,84000,1
2026-04-22,12,4,20000,2
2026-04-22,13,33,49500,1
2026-04-22,14,5,150000,3
2026-04-22,15,17,527000,1
2026-04-22,16,14,35000,2
2026-04-22,17,5,80000,1
2026-04-22,18,7,24500,1
2026-04-22,19,13,71500,1
2026-04-22,20,5,50000,2
2026-04-23,1,7,665000,1
2026-04-23,2,3,285000,2
2026-04-23,3,16,1152000,1
2026-04-23,4,5,310000,1
2026-04-23,5,7,252000,2
2026-04-23,6,16,288000,1
2026-04-23,7,7,119000,1
2026-04-23,8,12,60000,3
2026-04-23,9,12,48000,1
2026-04-23,10,21,42000,1
2026-04-23,11,5,60000,2
2026-04-23,12,8,40000,1
2026-04-23,13,37,55500,1
2026-04-23,14,9,270000,2
2026-04-23,15,14,434000,1
2026-04-23,16,18,45000,1
2026-04-23,17,4,64000,1
2026-04-23,18,8,28000,3
2026-04-23,19,10,55000,3
2026-04-23,20,4,40000,1
2026-04-24,1,5,475000,2
2026-04-24,2,2,190000,2
2026-04-24,3,13,936000,1
2026-04-24,4,8,496000,1
2026-04-24,5,11,396000,2
2026-04-24,6,13,234000,2
2026-04-24,7,12,204000,1
2026-04-24,8,14,70000,1
2026-04-24,9,28,112000,2
2026-04-24,10,24,48000,2
2026-04-24,11,4,48000,1
2026-04-24,12,9,45000,2
2026-04-24,13,33,49500,1
2026-04-24,14,8,240000,1
2026-04-24,15,15,465000,3
2026-04-24,16,19,47500,1
2026-04-24,17,7,112000,1
2026-04-24,18,8,28000,1
2026-04-24,19,12,66000,1
2026-04-24,20,5,50000,1
2026-04-25,1,14,1330000,2
2026-04-25,2,7,665000,2
2026-04-25,3,14,1008000,2
2026-04-25,4,6,372000,1
2026-04-25,5,11,396000,2
2026-04-25,7,11,187000,2
2026-04-25,8,22,110000,1
2026-04-25,9,45,180000,1
2026-04-25,10,30,60000,1
2026-04-25,11,4,48000,1
2026-04-25,12,8,40000,1
2026-04-25,13,28,42000,2
2026-04-25,14,12,360000,1
2026-04-25,15,16,496000,1
2026-04-25,16,29,72500,1
2026-04-25,17,3,48000,3
2026-04-25,18,6,21000,3
2026-04-25,19,7,38500,2
2026-04-25,20,6,60000,1
2026-04-26,1,12,1140000,2
2026-04-26,2,7,665000,2
2026-04-26,3,14,1008000,1
2026-04-26,4,8,496000,2
2026-04-26,5,16,576000,1
2026-04-26,6,14,252000,2
2026-04-26,7,11,187000,1
2026-04-26,8,16,80000,2
2026-04-26,9,22,88000,1
2026-04-26,10,30,60000,1
2026-04-26,11,9,108000,1
2026-04-26,12,8,40000,1
2026-04-26,13,36,54000,1
2026-04-26,14,8,240000,3
2026-04-26,15,14,434000,3
2026-04-26,16,25,62500,2
2026-04-26,17,2,32000,2
2026-04-26,18,8,28000,1
2026-04-26,19,10,55000,2
2026-04-26,20,6,60000,3
2026-04-27,1,4,380000,2
2026-04-27,2,6,570000,1
2026-04-27,3,14,1008000,1
2026-04-27,4,7,434000,1
2026-04-27,5,7,252000,2
2026-04-27,6,15,270000,1
2026-04-27,7,6,102000,2
2026-04-27,8,16,80000,2
2026-04-27,9,28,112000,2
2026-04-27,10,30,60000,1
2026-04-27,11,6,72000,1
2026-04-27,12,5,25000,1
2026-04-27,13,34,51000,2
2026-04-27,14,8,240000,1
2026-04-27,15,8,248000,1
2026-04-27,16,24,60000,1
2026-04-27,17,3,48000,1
2026-04-27,18,8,28000,2
2026-04-27,19,6,33000,2
2026-04-28,1,8,760000,1
2026-04-28,2,5,475000,1
2026-04-28,3,6,432000,3
2026-04-28,4,4,248000,2
2026-04-28,5,16,576000,1
2026-04-28,6,12,216000,1
2026-04-28,7,10,170000,1
2026-04-28,8,13,65000,1
2026-04-28,9,8,32000,1
2026-04-28,10,23,46000,1
2026-04-28,11,5,60000,1
2026-04-28,12,7,35000,1
2026-04-28,13,29,43500,2
2026-04-28,14,8,240000,2
2026-04-28,15,14,434000,2
2026-04-28,16,12,30000,1
2026-04-28,17,4,64000,2
2026-04-28,18,2,7000,1
2026-04-28,19,2,11000,1
2026-04-28,20,6,60000,1
2026-04-29,1,9,855000,1
2026-04-29,2,4,380000,1
2026-04-29,3,7,504000,1
2026-04-29,4,5,310000,1
2026-04-29,5,9,324000,1
2026-04-29,6,7,126000,2
2026-04-29,7,7,119000,3
2026-04-29,8,22,110000,2
2026-04-29,9,31,124000,1
2026-04-29,10,21,42000,2
2026-04-29,11,7,84000,1
2026-04-29,12,3,15000,1
2026-04-29,13,34,51000,1
2026-04-29,14,5,150000,3
2026-04-29,15,15,465000,2
2026-04-29,16,18,45000,3
2026-04-29,17,6,96000,2
2026-04-29,18,4,14000,2
2026-04-29,19,12,66000,1
2026-04-29,20,4,40000,3
2026-04-30,1,7,665000,2
2026-04-30,2,4,380000,1
2026-04-30,3,9,648000,2
2026-04-30,4,6,372000,1
2026-04-30,5,9,324000,1
2026-04-30,6,15,270000,2
2026-04-30,7,9,153000,2
2026-04-30,8,23,115000,1
2026-04-30,9,28,112000,1
2026-04-30,10,17,34000,2
2026-04-30,11,7,84000,1
2026-04-30,12,5,25000,1
2026-04-30,13,34,51000,1
2026-04-30,14,9,270000,1
2026-04-30,15,9,279000,1
2026-04-30,16,20,50000,1
2026-04-30,17,3,48000,1
2026-04-30,18,4,14000,2
2026-04-30,19,14,77000,1
2026-04-30,20,4,40000,2
2026-05-01,1,6,570000,1
2026-05-01,2,5,475000,1
2026-05-01,3,16,1152000,1
2026-05-01,4,7,434000,1
2026-05-01,5,14,504000,2
2026-05-01,6,18,324000,3
2026-05-01,7,4,68000,3
2026-05-01,8,16,80000,2
2026-05-01,9,21,84000,1
2026-05-01,10,32,64000,2
2026-05-01,12,16,80000,2
2026-05-01,13,39,58500,2
2026-05-01,14,9,270000,1
2026-05-01,15,21,651000,1
2026-05-01,16,39,97500,1
2026-05-01,17,6,96000,1
2026-05-01,18,8,28000,1
2026-05-01,19,12,66000,2
2026-05-01,20,5,50000,1
2026-05-02,1,11,1045000,1
2026-05-02,2,5,475000,1
2026-05-02,3,13,936000,1
2026-05-02,4,5,310000,2
2026-05-02,5,12,432000,1
2026-05-02,6,8,144000,1
2026-05-02,7,13,221000,1
2026-05-02,8,30,150000,1
2026-05-02,9,36,144000,1
2026-05-02,10,29,58000,2
2026-05-02,11,16,192000,3
2026-05-02,12,14,70000,2
2026-05-02,13,30,45000,2
2026-05-02,14,12,360000,1
2026-05-02,15,15,465000,1
2026-05-02,16,18,45000,1
2026-05-02,17,3,48000,3
2026-05-02,18,8,28000,2
2026-05-02,19,12,66000,2
2026-05-02,20,8,80000,1
2026-05-03,1,16,1520000,2
2026-05-03,2,11,1045000,2
2026-05-03,3,13,936000,2
2026-05-03,4,10,620000,2
2026-05-03,5,15,540000,1
2026-05-03,6,15,270000,2
2026-05-03,7,10,170000,1
2026-05-03,8,48,240000,1
2026-05-03,9,37,148000,2
2026-05-03,10,41,82000,2
2026-05-03,11,5,60000,3
2026-05-03,12,6,30000,2
2026-05-03,13,38,57000,2
2026-05-03,14,11,330000,1
2026-05-03,15,14,434000,2
2026-05-03,16,26,65000,2
2026-05-03,17,1,16000,1
2026-05-03,18,4,14000,3
2026-05-03,19,19,104500,2
2026-05-03,20,7,70000,2
2026-05-04,1,8,760000,2
2026-05-04,2,3,285000,1
2026-05-04,3,10,720000,1
2026-05-04,4,7,434000,1
2026-05-04,5,13,468000,1
2026-05-04,6,20,360000,2
2026-05-04,7,9,153000,2
2026-05-04,8,12,60000,1
2026-05-04,9,27,108000,1
2026-05-04,10,21,42000,1
2026-05-04,11,5,60000,1
2026-05-04,12,12,60000,1
2026-05-04,13,41,61500,2
2026-05-04,14,9,270000,1
2026-05-04,15,12,372000,2
2026-05-04,16,24,60000,1
2026-05-04,17,6,96000,1
2026-05-04,18,6,21000,2
2026-05-04,19,16,88000,1
2026-05-04,20,7,70000,1
2026-05-05,1,13,1235000,2
2026-05-05,2,6,570000,1
2026-05-05,3,15,1080000,2
2026-05-05,4,11,682000,1
2026-05-05,5,12,432000,2
2026-05-05,6,13,234000,1
2026-05-05,7,9,153000,1
2026-05-05,8,22,110000,1
2026-05-05,9,15,60000,1
2026-05-05,10,27,54000,2
2026-05-05,11,9,108000,1
2026-05-05,12,3,15000,1
2026-05-05,13,47,70500,1
2026-05-05,14,12,360000,1
2026-05-05,15,15,465000,1
2026-05-05,16,26,65000,2
2026-05-05,17,4,64000,1
2026-05-05,18,9,31500,1
2026-05-05,19,15,82500,1
2026-05-05,20,3,30000,1
2026-05-06,1,9,855000,2
2026-05-06,2,4,380000,2
2026-05-06,3,12,864000,1
2026-05-06,4,5,310000,2
2026-05-06,5,14,504000,1
2026-05-06,6,18,324000,3
2026-05-06,7,7,119000,1
2026-05-06,8,9,45000,2
2026-05-06,9,19,76000,2
2026-05-06,10,28,56000,1
2026-05-06,11,6,72000,1
2026-05-06,12,11,55000,2
2026-05-06,13,35,52500,2
2026-05-06,14,10,300000,1
2026-05-06,15,15,465000,2
2026-05-06,16,11,27500,1
2026-05-06,17,3,48000,3
2026-05-06,18,7,24500,3
2026-05-06,19,9,49500,2
2026-05-06,20,5,50000,2
2026-05-07,1,7,665000,1
2026-05-07,2,3,285000,2
2026-05-07,3,11,792000,2
2026-05-07,4,7,434000,1
2026-05-07,5,8,288000,2
2026-05-07,6,13,234000,2
2026-05-07,7,6,102000,2
2026-05-07,8,25,125000,1
2026-05-07,9,20,80000,1
2026-05-07,10,35,70000,1
2026-05-07,11,9,108000,1
2026-05-07,12,7,35000,1
2026-05-07,13,22,33000,1
2026-05-07,14,2,60000,1
2026-05-07,15,10,310000,2
2026-05-07,16,11,27500,2
2026-05-07,17,6,96000,1
2026-05-07,18,6,21000,2
2026-05-07,19,11,60500,1
2026-05-07,20,1,10000,1
2026-05-08,1,5,475000,1
2026-05-08,2,6,570000,1
2026-05-08,3,12,864000,1
2026-05-08,4,6,372000,3
2026-05-08,5,11,396000,2
2026-05-08,6,20,360000,1
2026-05-08,7,8,136000,3
2026-05-08,8,18,90000,1
2026-05-08,9,23,92000,3
2026-05-08,10,42,84000,1
2026-05-08,11,3,36000,3
2026-05-08,12,9,45000,1
2026-05-08,13,29,43500,1
2026-05-08,14,9,270000,1
2026-05-08,15,13,403000,2
2026-05-08,16,19,47500,1
2026-05-08,17,5,80000,1
2026-05-08,18,11,38500,1
2026-05-08,19,12,66000,1
2026-05-08,20,3,30000,1
2026-05-09,1,9,855000,3
2026-05-09,2,5,475000,1
2026-05-09,3,7,504000,1
2026-05-09,4,6,372000,2
2026-05-09,5,13,468000,3
2026-05-09,6,9,162000,1
2026-05-09,7,13,221000,1
2026-05-09,8,31,155000,1
2026-05-09,9,24,96000,1
2026-05-09,10,28,56000,2
2026-05-09,11,10,120000,1
2026-05-09,12,10,50000,1
2026-05-09,13,39,58500,1
2026-05-09,14,9,270000,1
2026-05-09,15,15,465000,1
2026-05-09,16,19,47500,1
2026-05-09,18,10,35000,1
2026-05-09,19,14,77000,1
2026-05-09,20,6,60000,1
2026-05-10,1,11,1045000,1
2026-05-10,2,4,380000,2
2026-05-10,3,13,936000,1
2026-05-10,4,4,248000,2
2026-05-10,5,18,648000,1
2026-05-10,6,9,162000,2
2026-05-10,7,8,136000,1
2026-05-10,8,22,110000,3
2026-05-10,9,42,168000,2
2026-05-10,10,30,60000,1
2026-05-10,11,3,36000,2
2026-05-10,12,12,60000,2
2026-05-10,13,46,69000,1
2026-05-10,14,12,360000,1
2026-05-10,15,18,558000,2
2026-05-10,16,39,97500,1
2026-05-10,17,9,144000,1
2026-05-10,18,5,17500,2
2026-05-10,19,21,115500,1
2026-05-10,20,6,60000,1
2026-05-11,1,9,855000,1
2026-05-11,2,2,190000,1
2026-05-11,3,11,792000,1
2026-05-11,4,5,310000,2
2026-05-11,5,12,432000,1
2026-05-11,6,18,324000,2
2026-05-11,7,4,68000,1
2026-05-11,8,17,85000,1
2026-05-11,9,29,116000,3
2026-05-11,10,23,46000,3
2026-05-11,11,7,84000,3
2026-05-11,12,8,40000,2
2026-05-11,13,32,48000,2
2026-05-11,14,7,210000,2
2026-05-11,15,11,341000,3
2026-05-11,16,13,32500,1
2026-05-11,17,5,80000,1
2026-05-11,18,6,21000,2
2026-05-11,19,9,49500,1
2026-05-11,20,4,40000,1
2026-05-12,1,7,665000,1
2026-05-12,2,6,570000,1
2026-05-12,3,10,720000,2
2026-05-12,4,4,248000,1
2026-05-12,5,11,396000,2
2026-05-12,6,13,234000,1
2026-05-12,7,9,153000,1
2026-05-12,8,28,140000,2
2026-05-12,9,21,84000,1
2026-05-12,10,27,54000,2
2026-05-12,11,3,36000,1
2026-05-12,12,7,35000,2
2026-05-12,13,34,51000,1
2026-05-12,14,3,90000,1
2026-05-12,15,15,465000,2
2026-05-12,16,20,50000,3
2026-05-12,17,4,64000,2
2026-05-12,18,7,24500,1
2026-05-12,19,11,60500,2
2026-05-12,20,7,70000,2
2026-05-13,1,5,475000,1
2026-05-13,2,5,475000,1
2026-05-13,3,12,864000,1
2026-05-13,4,4,248000,1
2026-05-13,5,12,432000,2
2026-05-13,6,23,414000,1
2026-05-13,7,8,136000,1
2026-05-13,8,21,105000,2
2026-05-13,9,22,88000,3
2026-05-13,10,19,38000,2
2026-05-13,11,2,24000,1
2026-05-13,12,6,30000,1
2026-05-13,13,19,28500,1
2026-05-13,14,12,360000,1
2026-05-13,15,14,434000,1
2026-05-13,16,17,42500,3
2026-05-13,17,5,80000,2
2026-05-13,18,3,10500,1
2026-05-13,19,7,38500,1
2026-05-13,20,5,50000,2
2026-05-14,1,10,950000,1
2026-05-14,2,5,475000,1
2026-05-14,3,12,864000,1
2026-05-14,4,7,434000,1
2026-05-14,5,11,396000,1
2026-05-14,6,14,252000,1
2026-05-14,7,6,102000,2
2026-05-14,8,18,90000,1
2026-05-14,9,14,56000,1
2026-05-14,10,25,50000,1
2026-05-14,11,4,48000,1
2026-05-14,12,14,70000,1
2026-05-14,13,29,43500,2
2026-05-14,14,4,120000,1
2026-05-14,15,14,434000,2
2026-05-14,16,23,57500,2
2026-05-14,17,6,96000,3
2026-05-14,18,4,14000,2
2026-05-14,19,4,22000,1
2026-05-14,20,6,60000,2
2026-05-15,1,4,380000,1
2026-05-15,2,4,380000,3
2026-05-15,3,11,792000,1
2026-05-15,4,6,372000,1
2026-05-15,5,11,396000,1
2026-05-15,6,11,198000,3
2026-05-15,7,8,136000,3
2026-05-15,8,17,85000,1
2026-05-15,9,22,88000,2
2026-05-15,10,25,50000,1
2026-05-15,11,6,72000,3
2026-05-15,12,10,50000,2
2026-05-15,13,32,48000,1
2026-05-15,14,9,270000,1
2026-05-15,15,10,310000,1
2026-05-15,16,20,50000,2
2026-05-15,17,4,64000,2
2026-05-15,18,7,24500,1
2026-05-15,19,7,38500,1
2026-05-15,20,4,40000,2
2026-05-16,1,9,855000,3
2026-05-16,2,7,665000,2
2026-05-16,3,18,1296000,1
2026-05-16,4,6,372000,2
2026-05-16,5,14,504000,2
2026-05-16,6,15,270000,1
2026-05-16,7,10,170000,3
2026-05-16,8,25,125000,1
2026-05-16,9,37,148000,1
2026-05-16,10,32,64000,1
2026-05-16,11,12,144000,1
2026-05-16,12,6,30000,1
2026-05-16,13,44,66000,2
2026-05-16,14,8,240000,1
2026-05-16,15,13,403000,2
2026-05-16,16,22,55000,2
2026-05-16,17,5,80000,1
2026-05-16,18,11,38500,3
2026-05-16,19,13,71500,1
2026-05-16,20,3,30000,1
2026-05-17,1,12,1140000,1
2026-05-17,2,2,190000,2
2026-05-17,3,14,1008000,2
2026-05-17,4,7,434000,2
2026-05-17,5,13,468000,2
2026-05-17,6,19,342000,1
2026-05-17,7,9,153000,1
2026-05-17,8,25,125000,1
2026-05-17,9,23,92000,2
2026-05-17,10,19,38000,2
2026-05-17,11,7,84000,1
2026-05-17,12,5,25000,3
2026-05-17,13,34,51000,2
2026-05-17,14,6,180000,2
2026-05-17,15,17,527000,1
2026-05-17,16,35,87500,1
2026-05-17,17,2,32000,2
2026-05-17,18,2,7000,2
2026-05-17,19,13,71500,1
2026-05-17,20,5,50000,1
2026-05-18,1,8,760000,1
2026-05-18,2,4,380000,1
2026-05-18,3,11,792000,1
2026-05-18,4,7,434000,2
2026-05-18,5,12,432000,2
2026-05-18,6,5,90000,2
2026-05-18,7,8,136000,1
2026-05-18,8,19,95000,1
2026-05-18,9,15,60000,2
2026-05-18,10,37,74000,1
2026-05-18,11,4,48000,1
2026-05-18,12,7,35000,1
2026-05-18,13,34,51000,2
2026-05-18,14,6,180000,1
2026-05-18,15,9,279000,2
2026-05-18,16,17,42500,1
2026-05-18,17,5,80000,2
2026-05-18,18,5,17500,1
2026-05-18,19,7,38500,2
2026-05-18,20,6,60000,2
2026-05-19,1,7,665000,3
2026-05-19,2,4,380000,2
2026-05-19,3,12,864000,1
2026-05-19,4,8,496000,1
2026-05-19,5,15,540000,1
2026-05-19,6,17,306000,3
2026-05-19,7,11,187000,3
2026-05-19,8,14,70000,1
2026-05-19,9,15,60000,1
2026-05-19,10,25,50000,1
2026-05-19,11,6,72000,2
2026-05-19,12,5,25000,1
2026-05-19,13,28,42000,2
2026-05-19,14,9,270000,1
2026-05-19,15,16,496000,3
2026-05-19,16,23,57500,3
2026-05-19,17,4,64000,1
2026-05-19,18,5,17500,1
2026-05-19,19,8,44000,2
2026-05-19,20,3,30000,1
2026-05-20,1,12,1140000,1
2026-05-20,2,5,475000,1
2026-05-20,3,11,792000,2
2026-05-20,4,5,310000,1
2026-05-20,5,17,612000,2
2026-05-20,6,9,162000,1
2026-05-20,7,8,136000,2
2026-05-20,8,20,100000,2
2026-05-20,9,25,100000,1
2026-05-20,10,32,64000,1
2026-05-20,11,9,108000,1
2026-05-20,12,9,45000,1
2026-05-20,13,22,33000,1
2026-05-20,14,7,210000,2
2026-05-20,15,15,465000,1
2026-05-20,16,32,80000,1
2026-05-20,17,1,16000,1
2026-05-20,18,8,28000,1
2026-05-20,19,10,55000,1
2026-05-20,20,6,60000,1
2026-05-21,1,7,665000,1
2026-05-21,2,3,285000,1
2026-05-21,3,14,1008000,1
2026-05-21,4,8,496000,1
2026-05-21,5,12,432000,1
2026-05-21,6,13,234000,2
2026-05-21,7,7,119000,3
2026-05-21,8,8,40000,3
2026-05-21,9,27,108000,2
2026-05-21,10,28,56000,1
2026-05-21,11,3,36000,1
2026-05-21,12,6,30000,2
2026-05-21,13,26,39000,1
2026-05-21,14,3,90000,1
2026-05-21,15,12,372000,1
2026-05-21,16,13,32500,1
2026-05-21,17,3,48000,3
2026-05-21,18,4,14000,1
2026-05-21,19,4,22000,1
2026-05-21,20,8,80000,1
2026-05-22,1,11,1045000,2
2026-05-22,2,3,285000,1
2026-05-22,3,12,864000,1
2026-05-22,4,7,434000,2
2026-05-22,5,12,432000,1
2026-05-22,6,10,180000,3
2026-05-22,7,11,187000,2
2026-05-22,8,14,70000,1
2026-05-22,9,13,52000,1
2026-05-22,10,30,60000,1
2026-05-22,11,8,96000,2
2026-05-22,12,14,70000,2
2026-05-22,13,21,31500,1
2026-05-22,14,9,270000,1
2026-05-22,15,13,403000,3
2026-05-22,16,24,60000,2
2026-05-22,17,1,16000,1
2026-05-22,18,3,10500,2
2026-05-22,19,7,38500,2
2026-05-22,20,5,50000,1
2026-05-23,1,9,855000,1
2026-05-23,2,7,665000,2
2026-05-23,3,18,1296000,1
2026-05-23,4,9,558000,1
2026-05-23,5,16,576000,2
2026-05-23,6,17,306000,1
2026-05-23,7,7,119000,1
2026-05-23,8,39,195000,2
2026-05-23,9,25,100000,1
2026-05-23,10,38,76000,1
2026-05-23,11,10,120000,2
2026-05-23,12,10,50000,2
2026-05-23,13,24,36000,2
2026-05-23,14,7,210000,1
2026-05-23,15,19,589000,2
2026-05-23,16,21,52500,1
2026-05-23,17,5,80000,2
2026-05-23,18,7,24500,3
2026-05-23,19,17,93500,1
2026-05-23,20,5,50000,1
2026-05-24,1,10,950000,2
2026-05-24,2,5,475000,2
2026-05-24,3,17,1224000,1
2026-05-24,4,8,496000,2
2026-05-24,5,10,360000,1
2026-05-24,6,20,360000,1
2026-05-24,7,10,170000,2
2026-05-24,8,18,90000,2
2026-05-24,9,23,92000,1
2026-05-24,10,21,42000,2
2026-05-24,11,6,72000,1
2026-05-24,12,12,60000,1
2026-05-24,13,31,46500,2
2026-05-24,14,11,330000,1
2026-05-24,15,13,403000,1
2026-05-24,16,21,52500,1
2026-05-24,17,2,32000,2
2026-05-24,18,5,17500,1
2026-05-24,19,13,71500,1
2026-05-24,20,6,60000,1
2026-05-25,1,8,760000,1
2026-05-25,2,2,190000,1
2026-05-25,3,15,1080000,1
2026-05-25,4,7,434000,2
2026-05-25,5,10,360000,1
2026-05-25,6,13,234000,1
2026-05-25,7,7,119000,2
2026-05-25,8,19,95000,1
2026-05-25,9,25,100000,1
2026-05-25,10,11,22000,3
2026-05-25,11,4,48000,1
2026-05-25,12,7,35000,1
2026-05-25,13,31,46500,2
2026-05-25,14,11,330000,1
2026-05-25,15,12,372000,2
2026-05-25,16,17,42500,1
2026-05-25,17,3,48000,1
2026-05-25,18,4,14000,3
2026-05-25,19,8,44000,1
2026-05-25,20,6,60000,2
2026-05-26,1,5,475000,1
2026-05-26,2,5,475000,2
2026-05-26,3,6,432000,1
2026-05-26,4,5,310000,1
2026-05-26,5,9,324000,3
2026-05-26,6,21,378000,1
2026-05-26,7,8,136000,2
2026-05-26,8,4,20000,3
2026-05-26,9,8,32000,2
2026-05-26,10,25,50000,1
2026-05-26,11,7,84000,1
2026-05-26,12,8,40000,2
2026-05-26,13,31,46500,2
2026-05-26,14,11,330000,1
2026-05-26,15,13,403000,2
2026-05-26,16,25,62500,1
2026-05-26,17,1,16000,1
2026-05-26,18,4,14000,1
2026-05-26,19,3,16500,1
2026-05-26,20,4,40000,1
2026-05-27,1,7,665000,1
2026-05-27,2,5,475000,1
2026-05-27,3,12,864000,1
2026-05-27,4,5,310000,2
2026-05-27,5,9,324000,1
2026-05-27,6,7,126000,1
2026-05-27,7,12,204000,1
2026-05-27,8,16,80000,1
2026-05-27,9,18,72000,1
2026-05-27,10,36,72000,2
2026-05-27,11,3,36000,1
2026-05-27,12,5,25000,1
2026-05-27,13,21,31500,1
2026-05-27,14,7,210000,2
2026-05-27,15,16,496000,2
2026-05-27,16,24,60000,2
2026-05-27,17,8,128000,1
2026-05-27,18,2,7000,2
2026-05-27,19,12,66000,1
2026-05-27,20,4,40000,1
2026-05-28,1,6,570000,1
2026-05-28,2,3,285000,2
2026-05-28,3,9,648000,1
2026-05-28,4,10,620000,1
2026-05-28,5,12,432000,1
2026-05-28,6,14,252000,2
2026-05-28,7,12,204000,2
2026-05-28,8,8,40000,1
2026-05-28,9,13,52000,1
2026-05-28,10,8,16000,1
2026-05-28,11,4,48000,1
2026-05-28,12,8,40000,1
2026-05-28,13,30,45000,2
2026-05-28,14,8,240000,2
2026-05-28,15,10,310000,1
2026-05-28,16,24,60000,1
2026-05-28,17,4,64000,2
2026-05-28,18,7,24500,1
2026-05-28,19,3,16500,3
2026-05-28,20,5,50000,2
2026-05-29,1,5,475000,3
2026-05-29,2,4,380000,2
2026-05-29,3,13,936000,1
2026-05-29,4,7,434000,3
2026-05-29,5,7,252000,3
2026-05-29,6,14,252000,2
2026-05-29,7,5,85000,1
2026-05-29,8,25,125000,3
2026-05-29,9,20,80000,1
2026-05-29,10,33,66000,2
2026-05-29,11,4,48000,1
2026-05-29,12,6,30000,2
2026-05-29,13,24,36000,3
2026-05-29,14,10,300000,1
2026-05-29,15,12,372000,1
2026-05-29,16,23,57500,1
2026-05-29,17,3,48000,1
2026-05-29,18,3,10500,3
2026-05-29,19,8,44000,2
2026-05-29,20,3,30000,1
2026-05-30,1,11,1045000,2
2026-05-30,2,3,285000,1
2026-05-30,3,17,1224000,1
2026-05-30,4,7,434000,1
2026-05-30,5,10,360000,2
2026-05-30,6,18,324000,1
2026-05-30,7,13,221000,1
2026-05-30,8,26,130000,1
2026-05-30,9,23,92000,2
2026-05-30,10,14,28000,1
2026-05-30,11,5,60000,1
2026-05-30,12,7,35000,1
2026-05-30,13,40,60000,1
2026-05-30,14,9,270000,1
2026-05-30,15,17,527000,1
2026-05-30,16,18,45000,2
2026-05-30,17,5,80000,1
2026-05-30,18,8,28000,1
2026-05-30,19,15,82500,2
2026-05-30,20,5,50000,1
2026-05-31,1,9,855000,1
2026-05-31,2,5,475000,2
2026-05-31,3,11,792000,1
2026-05-31,4,6,372000,1
2026-05-31,5,13,468000,1
2026-05-31,6,14,252000,1
2026-05-31,7,7,119000,1
2026-05-31,8,43,215000,3
2026-05-31,9,33,132000,1
2026-05-31,10,17,34000,1
2026-05-31,11,5,60000,2
2026-05-31,12,9,45000,1
2026-05-31,13,55,82500,2
2026-05-31,14,6,180000,3
2026-05-31,15,18,558000,1
2026-05-31,16,32,80000,1
2026-05-31,17,3,48000,3
2026-05-31,18,5,17500,3
2026-05-31,19,8,44000,1
2026-05-31,20,5,50000,1
2026-06-01,1,9,855000,3
2026-06-01,2,7,665000,2
2026-06-01,3,17,1224000,1
2026-06-01,4,6,372000,1
2026-06-01,5,5,180000,1
2026-06-01,6,15,270000,1
2026-06-01,7,11,187000,1
2026-06-01,8,22,110000,1
2026-06-01,9,22,88000,2
2026-06-01,10,29,58000,1
2026-06-01,11,10,120000,2
2026-06-01,12,10,50000,1
2026-06-01,13,31,46500,2
2026-06-01,14,7,210000,1
2026-06-01,15,16,496000,1
2026-06-01,16,34,85000,2
2026-06-01,17,4,64000,2
2026-06-01,18,6,21000,1
2026-06-01,19,9,49500,2
2026-06-01,20,7,70000,2
2026-06-02,1,14,1330000,1
2026-06-02,2,6,570000,2
2026-06-02,3,14,1008000,2
2026-06-02,4,8,496000,2
2026-06-02,5,4,144000,2
2026-06-02,6,19,342000,2
2026-06-02,7,10,170000,1
2026-06-02,8,23,115000,1
2026-06-02,9,19,76000,1
2026-06-02,10,25,50000,2
2026-06-02,11,5,60000,3
2026-06-02,12,12,60000,1
2026-06-02,13,31,46500,1
2026-06-02,14,15,450000,2
2026-06-02,15,18,558000,1
2026-06-02,16,14,35000,1
2026-06-02,17,4,64000,1
2026-06-02,18,5,17500,2
2026-06-02,19,2,11000,1
2026-06-02,20,8,80000,1
2026-06-03,1,11,1045000,3
2026-06-03,2,6,570000,1
2026-06-03,3,14,1008000,1
2026-06-03,4,4,248000,1
2026-06-03,5,10,360000,2
2026-06-03,6,20,360000,2
2026-06-03,7,7,119000,2
2026-06-03,8,2,10000,2
2026-06-03,9,23,92000,2
2026-06-03,10,27,54000,2
2026-06-03,11,7,84000,1
2026-06-03,12,11,55000,1
2026-06-03,13,39,58500,1
2026-06-03,14,10,300000,2
2026-06-03,15,21,651000,1
2026-06-03,16,12,30000,1
2026-06-03,17,5,80000,1
2026-06-03,18,8,28000,1
2026-06-03,19,6,33000,2
2026-06-03,20,3,30000,1
2026-06-04,1,7,665000,2
2026-06-04,2,4,380000,1
2026-06-04,3,16,1152000,2
2026-06-04,4,6,372000,1
2026-06-04,5,9,324000,3
2026-06-04,6,13,234000,1
2026-06-04,7,13,221000,1
2026-06-04,8,20,100000,1
2026-06-04,9,23,92000,3
2026-06-04,10,27,54000,1
2026-06-04,11,10,120000,1
2026-06-04,12,7,35000,1
2026-06-04,13,45,67500,1
2026-06-04,14,9,270000,3
2026-06-04,15,16,496000,1
2026-06-04,16,40,100000,2
2026-06-04,17,2,32000,2
2026-06-04,18,6,21000,1
2026-06-04,19,6,33000,1
2026-06-04,20,7,70000,2
2026-06-05,1,13,1235000,1
2026-06-05,2,9,855000,3
2026-06-05,3,18,1296000,3
2026-06-05,4,7,434000,1
2026-06-05,5,10,360000,2
2026-06-05,6,8,144000,2
2026-06-05,7,15,255000,2
2026-06-05,8,24,120000,1
2026-06-05,9,21,84000,1
2026-06-05,10,40,80000,3
2026-06-05,11,4,48000,2
2026-06-05,12,10,50000,2
2026-06-05,13,33,49500,2
2026-06-05,14,11,330000,2
2026-06-05,15,17,527000,1
2026-06-05,16,12,30000,1
2026-06-05,17,4,64000,2
2026-06-05,18,9,31500,3
2026-06-05,19,11,60500,2
2026-06-05,20,7,70000,2
2026-06-06,1,7,665000,1
2026-06-06,2,6,570000,2
2026-06-06,3,12,864000,1
2026-06-06,4,9,558000,1
2026-06-06,5,11,396000,1
2026-06-06,6,18,324000,2
2026-06-06,7,13,221000,1
2026-06-06,8,33,165000,2
2026-06-06,9,33,132000,2
2026-06-06,10,21,42000,2
2026-06-06,11,6,72000,1
2026-06-06,12,7,35000,1
2026-06-06,13,35,52500,1
2026-06-06,14,9,270000,3
2026-06-06,15,12,372000,1
2026-06-06,16,9,22500,3
2026-06-06,17,3,48000,1
2026-06-06,18,6,21000,2
2026-06-06,19,7,38500,1
2026-06-06,20,5,50000,1
2026-06-07,1,17,1615000,1
2026-06-07,2,8,760000,1
2026-06-07,3,20,1440000,1
2026-06-07,4,8,496000,1
2026-06-07,5,14,504000,1
2026-06-07,6,12,216000,1
2026-06-07,7,9,153000,3
2026-06-07,8,2,10000,2
2026-06-07,9,41,164000,1
2026-06-07,10,43,86000,1
2026-06-07,11,5,60000,3
2026-06-07,12,8,40000,2
2026-06-07,13,31,46500,2
2026-06-07,14,11,330000,1
2026-06-07,15,19,589000,2
2026-06-07,16,10,25000,2
2026-06-07,17,6,96000,3
2026-06-07,18,5,17500,1
2026-06-07,19,14,77000,1
2026-06-07,20,6,60000,1
2026-06-08,1,7,665000,2
2026-06-08,2,4,380000,3
2026-06-08,3,11,792000,2
2026-06-08,4,9,558000,1
2026-06-08,5,11,396000,2
2026-06-08,6,14,252000,1
2026-06-08,7,6,102000,1
2026-06-08,8,15,75000,1
2026-06-08,9,27,108000,1
2026-06-08,10,25,50000,1
2026-06-08,11,7,84000,1
2026-06-08,12,12,60000,1
2026-06-08,13,37,55500,1
2026-06-08,14,8,240000,1
2026-06-08,15,13,403000,2
2026-06-08,16,4,10000,2
2026-06-08,17,3,48000,1
2026-06-08,18,5,17500,1
2026-06-08,19,11,60500,2
2026-06-08,20,4,40000,2
2026-06-09,1,7,665000,1
2026-06-09,2,3,285000,3
2026-06-09,3,9,648000,1
2026-06-09,4,8,496000,1
2026-06-09,5,14,504000,2
2026-06-09,6,13,234000,1
2026-06-09,7,9,153000,2
2026-06-09,8,24,120000,1
2026-06-09,9,16,64000,1
2026-06-09,10,27,54000,2
2026-06-09,11,4,48000,1
2026-06-09,12,10,50000,1
2026-06-09,13,31,46500,2
2026-06-09,14,8,240000,1
2026-06-09,15,12,372000,2
2026-06-09,16,24,60000,3
2026-06-09,17,7,112000,2
2026-06-09,18,4,14000,1
2026-06-09,19,8,44000,1
2026-06-09,20,5,50000,1
2026-06-10,1,9,855000,1
2026-06-10,2,4,380000,1
2026-06-10,3,3,216000,3
2026-06-10,4,9,558000,1
2026-06-10,5,11,396000,1
2026-06-10,6,6,108000,1
2026-06-10,7,7,119000,1
2026-06-10,8,27,135000,2
2026-06-10,9,31,124000,2
2026-06-10,10,32,64000,2
2026-06-10,11,5,60000,3
2026-06-10,12,8,40000,1
2026-06-10,13,29,43500,1
2026-06-10,14,11,330000,2
2026-06-10,15,12,372000,3
2026-06-10,16,15,37500,2
2026-06-10,17,5,80000,2
2026-06-10,18,5,17500,1
2026-06-10,19,14,77000,1
2026-06-10,20,3,30000,1
2026-06-11,1,7,665000,1
2026-06-11,2,3,285000,1
2026-06-11,3,12,864000,3
2026-06-11,4,3,186000,2
2026-06-11,5,8,288000,1
2026-06-11,6,7,126000,1
2026-06-11,7,10,170000,2
2026-06-11,8,22,110000,1
2026-06-11,9,10,40000,1
2026-06-11,10,35,70000,1
2026-06-11,11,11,132000,2
2026-06-11,12,8,40000,2
2026-06-11,13,25,37500,2
2026-06-11,14,15,450000,1
2026-06-11,15,11,341000,2
2026-06-11,16,20,50000,2
2026-06-11,17,4,64000,1
2026-06-11,18,8,28000,2
2026-06-11,19,11,60500,1
2026-06-11,20,4,40000,1
2026-06-12,1,5,475000,1
2026-06-12,2,4,380000,1
2026-06-12,3,8,576000,1
2026-06-12,4,7,434000,2
2026-06-12,5,8,288000,3
2026-06-12,6,7,126000,1
2026-06-12,7,11,187000,1
2026-06-12,8,14,70000,1
2026-06-12,9,13,52000,3
2026-06-12,10,23,46000,1
2026-06-12,11,6,72000,1
2026-06-12,12,3,15000,2
2026-06-12,13,32,48000,2
2026-06-12,14,5,150000,1
2026-06-12,15,20,620000,3
2026-06-12,16,23,57500,1
2026-06-12,17,3,48000,2
2026-06-12,18,4,14000,2
2026-06-12,19,9,49500,2
2026-06-12,20,5,50000,2
2026-06-13,1,11,1045000,1
2026-06-13,2,6,570000,1
2026-06-13,3,14,1008000,1
2026-06-13,4,6,372000,1
2026-06-13,5,10,360000,2
2026-06-13,6,5,90000,2
2026-06-13,7,13,221000,1
2026-06-13,8,29,145000,1
2026-06-13,9,23,92000,3
2026-06-13,10,47,94000,1
2026-06-13,11,7,84000,1
2026-06-13,12,6,30000,2
2026-06-13,13,47,70500,3
2026-06-13,14,11,330000,2
2026-06-13,15,16,496000,2
2026-06-13,16,20,50000,2
2026-06-13,17,6,96000,1
2026-06-13,18,5,17500,1
2026-06-13,19,16,88000,2
2026-06-13,20,2,20000,1
2026-06-14,1,9,855000,1
2026-06-14,2,10,950000,1
2026-06-14,3,11,792000,2
2026-06-14,4,6,372000,1
2026-06-14,5,10,360000,1
2026-06-14,6,9,162000,1
2026-06-14,7,4,68000,1
2026-06-14,8,24,120000,3
2026-06-14,9,32,128000,2
2026-06-14,10,29,58000,1
2026-06-14,11,6,72000,2
2026-06-14,12,8,40000,2
2026-06-14,13,48,72000,1
2026-06-14,14,9,270000,1
2026-06-14,15,13,403000,1
2026-06-14,16,21,52500,1
2026-06-14,17,6,96000,2
2026-06-14,18,8,28000,1
2026-06-14,19,10,55000,1
2026-06-14,20,5,50000,3
2026-06-15,1,8,760000,1
2026-06-15,2,3,285000,1
2026-06-15,3,12,864000,2
2026-06-15,4,3,186000,2
2026-06-15,5,5,180000,1
2026-06-15,6,15,270000,1
2026-06-15,7,8,136000,2
2026-06-15,8,19,95000,1
2026-06-15,9,21,84000,1
2026-06-15,10,17,34000,1
2026-06-15,11,5,60000,2
2026-06-15,12,5,25000,1
2026-06-15,13,40,60000,3
2026-06-15,14,4,120000,3
2026-06-15,15,14,434000,1
2026-06-15,16,13,32500,1
2026-06-15,17,4,64000,1
2026-06-15,18,5,17500,1
2026-06-15,19,8,44000,1
2026-06-15,20,6,60000,2
2026-06-16,1,8,760000,1
2026-06-16,2,5,475000,2
2026-06-16,3,9,648000,1
2026-06-16,4,4,248000,1
2026-06-16,5,10,360000,1
2026-06-16,6,12,216000,1
2026-06-16,7,10,170000,2
2026-06-16,8,17,85000,1
2026-06-16,9,23,92000,1
2026-06-16,10,12,24000,1
2026-06-16,11,9,108000,1
2026-06-16,12,7,35000,1
2026-06-16,13,35,52500,1
2026-06-16,14,5,150000,1
2026-06-16,15,15,465000,2
2026-06-16,16,12,30000,1
2026-06-16,17,4,64000,1
2026-06-16,18,5,17500,2
2026-06-16,19,10,55000,2
2026-06-16,20,6,60000,3
2026-06-17,1,5,475000,2
2026-06-17,2,3,285000,2
2026-06-17,3,13,936000,1
2026-06-17,4,11,682000,1
2026-06-17,5,9,324000,3
2026-06-17,6,16,288000,1
2026-06-17,7,8,136000,1
2026-06-17,8,30,150000,2
2026-06-17,9,10,40000,3
2026-06-17,10,25,50000,1
2026-06-17,11,2,24000,1
2026-06-17,12,1,5000,1
2026-06-17,13,32,48000,3
2026-06-17,14,8,240000,1
2026-06-17,15,14,434000,1
2026-06-17,16,19,47500,1
2026-06-17,17,8,128000,1
2026-06-17,18,5,17500,1
2026-06-17,19,11,60500,1
2026-06-17,20,4,40000,1
2026-06-18,1,8,760000,2
2026-06-18,2,4,380000,1
2026-06-18,3,10,720000,1
2026-06-18,4,10,620000,1
2026-06-18,5,12,432000,2
2026-06-18,6,14,252000,1
2026-06-18,7,3,51000,1
2026-06-18,8,15,75000,2
2026-06-18,9,39,156000,2
2026-06-18,10,23,46000,3
2026-06-18,11,8,96000,1
2026-06-18,12,11,55000,2
2026-06-18,13,31,46500,2
2026-06-18,14,5,150000,1
2026-06-18,15,7,217000,1
2026-06-18,16,24,60000,1
2026-06-18,17,2,32000,1
2026-06-18,18,6,21000,2
2026-06-18,19,5,27500,1
2026-06-18,20,4,40000,2
2026-06-19,1,8,760000,1
2026-06-19,2,5,475000,1
2026-06-19,3,8,576000,1
2026-06-19,4,9,558000,3
2026-06-19,5,8,288000,1
2026-06-19,6,6,108000,2
2026-06-19,7,8,136000,2
2026-06-19,8,18,90000,1
2026-06-19,9,23,92000,1
2026-06-19,10,35,70000,2
2026-06-19,11,5,60000,1
2026-06-19,12,7,35000,2
2026-06-19,13,21,31500,2
2026-06-19,14,10,300000,2
2026-06-19,15,15,465000,1
2026-06-19,16,17,42500,1
2026-06-19,18,8,28000,2
2026-06-19,19,5,27500,2
2026-06-19,20,4,40000,2
2026-06-20,1,12,1140000,1
2026-06-20,2,3,285000,3
2026-06-20,3,9,648000,2
2026-06-20,4,2,124000,1
2026-06-20,5,13,468000,2
2026-06-20,6,12,216000,1
2026-06-20,7,18,306000,1
2026-06-20,8,17,85000,2
2026-06-20,9,22,88000,2
2026-06-20,10,24,48000,1
2026-06-20,11,7,84000,1
2026-06-20,12,7,35000,1
2026-06-20,13,44,66000,3
2026-06-20,14,6,180000,1
2026-06-20,15,11,341000,1
2026-06-20,16,10,25000,1
2026-06-20,18,5,17500,3
2026-06-20,19,12,66000,1
2026-06-20,20,4,40000,1
2026-06-21,1,15,1425000,2
2026-06-21,2,9,855000,1
2026-06-21,3,13,936000,1
2026-06-21,4,3,186000,2
2026-06-21,5,9,324000,3
2026-06-21,6,12,216000,1
2026-06-21,7,9,153000,3
2026-06-21,8,20,100000,2
2026-06-21,9,24,96000,2
2026-06-21,10,26,52000,3
2026-06-21,11,5,60000,2
2026-06-21,12,9,45000,1
2026-06-21,13,42,63000,1
2026-06-21,14,7,210000,1
2026-06-21,15,19,589000,1
2026-06-21,16,16,40000,2
2026-06-21,17,2,32000,2
2026-06-21,18,7,24500,2
2026-06-21,19,9,49500,2
2026-06-21,20,6,60000,2
2026-06-22,1,2,190000,2
2026-06-22,2,7,665000,1
2026-06-22,3,14,1008000,1
2026-06-22,4,3,186000,1
2026-06-22,5,6,216000,1
2026-06-22,6,21,378000,2
2026-06-22,7,7,119000,1
2026-06-22,8,12,60000,1
2026-06-22,9,7,28000,1
2026-06-22,10,22,44000,1
2026-06-22,11,5,60000,3
2026-06-22,12,9,45000,2
2026-06-22,13,19,28500,2
2026-06-22,14,3,90000,1
2026-06-22,15,16,496000,2
2026-06-22,16,26,65000,1
2026-06-22,17,1,16000,1
2026-06-22,18,7,24500,1
2026-06-22,19,10,55000,1
2026-06-22,20,6,60000,2
2026-06-23,1,7,665000,2
2026-06-23,3,11,792000,2
2026-06-23,4,9,558000,2
2026-06-23,5,7,252000,2
2026-06-23,6,12,216000,2
2026-06-23,7,8,136000,2
2026-06-23,9,33,132000,1
2026-06-23,10,18,36000,2
2026-06-23,11,7,84000,1
2026-06-23,12,7,35000,1
2026-06-23,13,39,58500,1
2026-06-23,14,9,270000,1
2026-06-23,15,14,434000,1
2026-06-23,16,14,35000,1
2026-06-23,17,5,80000,1
2026-06-23,18,2,7000,2
2026-06-23,19,12,66000,1
2026-06-23,20,3,30000,1
2026-06-24,1,11,1045000,3
2026-06-24,2,5,475000,3
2026-06-24,3,13,936000,1
2026-06-24,4,7,434000,1
2026-06-24,5,5,180000,1
2026-06-24,6,10,180000,3
2026-06-24,7,10,170000,2
2026-06-24,8,19,95000,3
2026-06-24,9,29,116000,1
2026-06-24,10,28,56000,1
2026-06-24,11,3,36000,2
2026-06-24,12,6,30000,3
2026-06-24,13,30,45000,1
2026-06-24,14,1,30000,1
2026-06-24,15,20,620000,2
2026-06-24,16,22,55000,1
2026-06-24,17,5,80000,1
2026-06-24,18,3,10500,2
2026-06-24,19,14,77000,1
2026-06-24,20,8,80000,1
2026-06-25,1,4,380000,1
2026-06-25,2,6,570000,1
2026-06-25,3,12,864000,2
2026-06-25,4,3,186000,2
2026-06-25,5,11,396000,1
2026-06-25,6,17,306000,3
2026-06-25,7,7,119000,1
2026-06-25,8,25,125000,2
2026-06-25,9,10,40000,3
2026-06-25,10,13,26000,1
2026-06-25,11,6,72000,2
2026-06-25,12,8,40000,1
2026-06-25,13,24,36000,1
2026-06-25,14,10,300000,1
2026-06-25,15,16,496000,2
2026-06-25,16,25,62500,1
2026-06-25,17,3,48000,1
2026-06-25,18,7,24500,1
2026-06-25,19,8,44000,1
2026-06-25,20,8,80000,1
2026-06-26,1,6,570000,3
2026-06-26,2,8,760000,1
2026-06-26,3,12,864000,3
2026-06-26,4,4,248000,1
2026-06-26,5,13,468000,1
2026-06-26,6,14,252000,2
2026-06-26,7,10,170000,2
2026-06-26,8,25,125000,3
2026-06-26,9,24,96000,1
2026-06-26,10,20,40000,1
2026-06-26,11,8,96000,2
2026-06-26,12,8,40000,1
2026-06-26,13,35,52500,1
2026-06-26,14,2,60000,2
2026-06-26,15,16,496000,3
2026-06-26,16,16,40000,1
2026-06-26,17,6,96000,3
2026-06-26,18,7,24500,1
2026-06-26,19,10,55000,1
2026-06-26,20,5,50000,1
2026-06-27,1,7,665000,2
2026-06-27,2,10,950000,3
2026-06-27,3,21,1512000,2
2026-06-27,4,8,496000,1
2026-06-27,5,16,576000,1
2026-06-27,6,12,216000,1
2026-06-27,7,8,136000,2
2026-06-27,8,27,135000,1
2026-06-27,9,34,136000,1
2026-06-27,10,26,52000,1
2026-06-27,11,8,96000,1
2026-06-27,12,9,45000,1
2026-06-27,13,29,43500,2
2026-06-27,14,12,360000,1
2026-06-27,15,18,558000,1
2026-06-27,16,24,60000,2
2026-06-27,17,7,112000,1
2026-06-27,18,3,10500,1
2026-06-27,19,16,88000,1
2026-06-27,20,3,30000,1
2026-06-28,1,7,665000,2
2026-06-28,2,5,475000,1
2026-06-28,3,11,792000,2
2026-06-28,4,6,372000,2
2026-06-28,5,10,360000,1
2026-06-28,6,19,342000,2
2026-06-28,7,9,153000,2
2026-06-28,8,12,60000,1
2026-06-28,9,41,164000,2
2026-06-28,10,22,44000,2
2026-06-28,11,6,72000,1
2026-06-28,12,9,45000,1
2026-06-28,13,40,60000,3
2026-06-28,14,14,420000,1
2026-06-28,15,17,527000,1
2026-06-28,16,17,42500,1
2026-06-28,17,9,144000,2
2026-06-28,18,6,21000,1
2026-06-28,19,13,71500,1
2026-06-28,20,7,70000,1
2026-06-29,1,8,760000,1
2026-06-29,2,5,475000,3
2026-06-29,3,19,1368000,1
2026-06-29,4,6,372000,1
2026-06-29,5,9,324000,1
2026-06-29,6,14,252000,1
2026-06-29,7,11,187000,2
2026-06-29,8,8,40000,1
2026-06-29,9,9,36000,2
2026-06-29,10,20,40000,1
2026-06-29,11,2,24000,1
2026-06-29,12,6,30000,2
2026-06-29,13,33,49500,1
2026-06-29,14,5,150000,1
2026-06-29,15,10,310000,1
2026-06-29,16,20,50000,2
2026-06-29,17,5,80000,1
2026-06-29,18,2,7000,2
2026-06-29,19,12,66000,1
2026-06-29,20,6,60000,1
2026-06-30,1,10,950000,1
2026-06-30,2,7,665000,1
2026-06-30,3,18,1296000,1
2026-06-30,4,6,372000,2
2026-06-30,5,10,360000,1
2026-06-30,6,12,216000,3
2026-06-30,7,9,153000,3
2026-06-30,8,27,135000,1
2026-06-30,9,13,52000,1
2026-06-30,10,18,36000,1
2026-06-30,11,8,96000,1
2026-06-30,12,10,50000,2
2026-06-30,13,27,40500,1
2026-06-30,14,10,300000,1
2026-06-30,15,16,496000,2
2026-06-30,16,29,72500,1
2026-06-30,17,4,64000,1
2026-06-30,18,7,24500,2
2026-06-30,19,19,104500,1
2026-06-30,20,5,50000,1
2026-07-01,1,9,855000,1
2026-07-01,2,7,665000,1
2026-07-01,3,12,864000,2
2026-07-01,4,13,806000,1
2026-07-01,5,12,432000,1
2026-07-01,6,14,252000,1
2026-07-01,7,8,136000,2
2026-07-01,8,28,140000,2
2026-07-01,9,31,124000,1
2026-07-01,10,24,48000,3
2026-07-01,11,8,96000,1
2026-07-01,12,5,25000,1
2026-07-01,13,36,54000,1
2026-07-01,14,10,300000,1
2026-07-01,15,23,713000,3
2026-07-01,16,17,42500,1
2026-07-01,17,2,32000,1
2026-07-01,18,5,17500,2
2026-07-01,19,6,33000,2
2026-07-01,20,8,80000,3
2026-07-02,1,13,1235000,2
2026-07-02,2,6,570000,1
2026-07-02,3,18,1296000,2
2026-07-02,4,8,496000,1
2026-07-02,5,11,396000,2
2026-07-02,6,14,252000,1
2026-07-02,7,9,153000,1
2026-07-02,8,9,45000,2
2026-07-02,9,27,108000,2
2026-07-02,10,28,56000,1
2026-07-02,11,8,96000,1
2026-07-02,12,9,45000,2
2026-07-02,13,33,49500,1
2026-07-02,14,6,180000,1
2026-07-02,15,17,527000,3
2026-07-02,16,28,70000,3
2026-07-02,17,2,32000,2
2026-07-02,18,7,24500,1
2026-07-02,19,12,66000,1
2026-07-02,20,4,40000,1
2026-07-03,1,7,665000,2
2026-07-03,2,6,570000,1
2026-07-03,3,9,648000,2
2026-07-03,4,8,496000,1
2026-07-03,5,8,288000,1
2026-07-03,6,21,378000,1
2026-07-03,7,16,272000,1
2026-07-03,8,14,70000,1
2026-07-03,9,29,116000,2
2026-07-03,10,22,44000,1
2026-07-03,11,9,108000,1
2026-07-03,12,5,25000,1
2026-07-03,13,38,57000,2
2026-07-03,14,6,180000,1
2026-07-03,15,16,496000,1
2026-07-03,16,15,37500,1
2026-07-03,17,6,96000,2
2026-07-03,18,5,17500,2
2026-07-03,19,13,71500,1
2026-07-03,20,5,50000,1
2026-07-04,1,12,1140000,3
2026-07-04,2,7,665000,2
2026-07-04,3,13,936000,3
2026-07-04,4,9,558000,1
2026-07-04,5,18,648000,2
2026-07-04,6,13,234000,2
2026-07-04,7,16,272000,3
2026-07-04,8,47,235000,3
2026-07-04,9,26,104000,2
2026-07-04,10,19,38000,1
2026-07-04,11,8,96000,1
2026-07-04,12,8,40000,2
2026-07-04,13,65,97500,1
2026-07-04,14,12,360000,1
2026-07-04,15,15,465000,1
2026-07-04,16,17,42500,1
2026-07-04,17,8,128000,1
2026-07-04,18,6,21000,2
2026-07-04,19,16,88000,2
2026-07-04,20,8,80000,2
2026-07-05,1,11,1045000,3
2026-07-05,2,7,665000,3
2026-07-05,3,16,1152000,1
2026-07-05,4,10,620000,2
2026-07-05,5,15,540000,1
2026-07-05,6,16,288000,1
2026-07-05,7,12,204000,2
2026-07-05,8,27,135000,1
2026-07-05,9,19,76000,3
2026-07-05,10,37,74000,1
2026-07-05,11,13,156000,3
2026-07-05,12,7,35000,2
2026-07-05,13,36,54000,1
2026-07-05,14,8,240000,2
2026-07-05,15,20,620000,1
2026-07-05,16,30,75000,1
2026-07-05,17,5,80000,1
2026-07-05,18,5,17500,1
2026-07-05,19,16,88000,3
2026-07-05,20,3,30000,2
2026-07-06,1,8,760000,1
2026-07-06,2,6,570000,1
2026-07-06,3,8,576000,3
2026-07-06,4,3,186000,2
2026-07-06,5,13,468000,1
2026-07-06,6,11,198000,2
2026-07-06,7,11,187000,1
2026-07-06,8,17,85000,1
2026-07-06,9,20,80000,1
2026-07-06,10,28,56000,1
2026-07-06,11,4,48000,1
2026-07-06,12,8,40000,1
2026-07-06,13,27,40500,2
2026-07-06,14,4,120000,1
2026-07-06,15,16,496000,1
2026-07-06,16,18,45000,1
2026-07-06,17,3,48000,2
2026-07-06,18,3,10500,2
2026-07-06,19,15,82500,3
2026-07-06,20,6,60000,1
2026-07-07,1,10,950000,2
2026-07-07,2,4,380000,3
2026-07-07,3,6,432000,2
2026-07-07,4,11,682000,1
2026-07-07,5,9,324000,3
2026-07-07,6,10,180000,1
2026-07-07,7,9,153000,2
2026-07-07,8,25,125000,1
2026-07-07,9,21,84000,2
2026-07-07,10,34,68000,1
2026-07-07,11,8,96000,2
2026-07-07,12,5,25000,3
2026-07-07,13,24,36000,2
2026-07-07,14,10,300000,2
2026-07-07,15,6,186000,2
2026-07-07,16,19,47500,1
2026-07-07,17,1,16000,1
2026-07-07,18,5,17500,2
2026-07-07,19,8,44000,1
2026-07-07,20,4,40000,2
2026-07-08,1,6,570000,2
2026-07-08,2,3,285000,2
2026-07-08,3,18,1296000,2
2026-07-08,4,10,620000,1
2026-07-08,5,7,252000,2
2026-07-08,6,20,360000,1
2026-07-08,7,8,136000,2
2026-07-08,8,18,90000,2
2026-07-08,9,21,84000,1
2026-07-08,10,20,40000,1
2026-07-08,11,8,96000,1
2026-07-08,12,8,40000,2
2026-07-08,13,26,39000,1
2026-07-08,14,4,120000,1
2026-07-08,15,12,372000,2
2026-07-08,16,10,25000,2
2026-07-08,17,4,64000,1
2026-07-08,18,3,10500,1
2026-07-08,19,9,49500,1
2026-07-08,20,7,70000,2
2026-07-09,1,10,950000,2
2026-07-09,2,4,380000,1
2026-07-09,3,11,792000,1
2026-07-09,4,10,620000,1
2026-07-09,5,11,396000,2
2026-07-09,6,12,216000,1
2026-07-09,7,5,85000,2
2026-07-09,8,20,100000,1
2026-07-09,9,27,108000,1
2026-07-09,10,20,40000,1
2026-07-09,11,6,72000,1
2026-07-09,12,7,35000,1
2026-07-09,13,28,42000,1
2026-07-09,14,1,30000,1
2026-07-09,15,14,434000,2
2026-07-09,16,25,62500,2
2026-07-09,17,2,32000,2
2026-07-09,18,6,21000,1
2026-07-09,19,7,38500,1
2026-07-09,20,5,50000,3
2026-07-10,1,7,665000,2
2026-07-10,2,3,285000,2
2026-07-10,3,15,1080000,3
2026-07-10,4,8,496000,1
2026-07-10,5,8,288000,2
2026-07-10,6,16,288000,1
2026-07-10,7,10,170000,2
2026-07-10,8,22,110000,1
2026-07-10,9,10,40000,2
2026-07-10,10,32,64000,1
2026-07-10,11,4,48000,1
2026-07-10,12,7,35000,3
2026-07-10,13,49,73500,1
2026-07-10,14,8,240000,1
2026-07-10,15,13,403000,2
2026-07-10,16,6,15000,1
2026-07-10,17,6,96000,1
2026-07-10,18,3,10500,2
2026-07-10,19,6,33000,3
2026-07-10,20,4,40000,1
2026-07-11,1,15,1425000,2
2026-07-11,2,8,760000,1
2026-07-11,3,13,936000,1
2026-07-11,4,8,496000,2
2026-07-11,5,9,324000,1
2026-07-11,6,16,288000,2
2026-07-11,7,10,170000,1
2026-07-11,8,36,180000,3
2026-07-11,9,39,156000,2
2026-07-11,10,34,68000,1
2026-07-11,11,6,72000,3
2026-07-11,12,10,50000,3
2026-07-11,13,38,57000,2
2026-07-11,14,6,180000,1
2026-07-11,15,14,434000,1
2026-07-11,16,23,57500,1
2026-07-11,17,7,112000,1
2026-07-11,18,5,17500,1
2026-07-11,19,8,44000,1
2026-07-11,20,5,50000,1
2026-07-12,1,11,1045000,1
2026-07-12,2,6,570000,2
2026-07-12,3,17,1224000,1
2026-07-12,4,10,620000,1
2026-07-12,5,9,324000,1
2026-07-12,6,12,216000,2
2026-07-12,7,7,119000,2
2026-07-12,8,33,165000,2
2026-07-12,9,44,176000,2
2026-07-12,10,27,54000,2
2026-07-12,11,6,72000,1
2026-07-12,12,12,60000,1
2026-07-12,13,43,64500,1
2026-07-12,14,11,330000,2
2026-07-12,15,11,341000,3
2026-07-12,16,27,67500,2
2026-07-12,17,3,48000,2
2026-07-12,18,4,14000,1
2026-07-12,19,12,66000,1
2026-07-12,20,4,40000,1
2026-07-13,1,7,665000,2
2026-07-13,2,3,285000,3
2026-07-13,3,14,1008000,1
2026-07-13,4,9,558000,1
2026-07-13,5,5,180000,1
2026-07-13,6,18,324000,1
2026-07-13,7,7,119000,1
2026-07-13,8,23,115000,3
2026-07-13,9,21,84000,2
2026-07-13,10,25,50000,2
2026-07-13,11,5,60000,1
2026-07-13,12,10,50000,1
2026-07-13,13,20,30000,2
2026-07-13,14,9,270000,1
2026-07-13,15,18,558000,1
2026-07-13,16,24,60000,2
2026-07-13,17,7,112000,2
2026-07-13,18,5,17500,1
2026-07-13,19,13,71500,2
2026-07-13,20,4,40000,1
2026-07-14,1,10,950000,3
2026-07-14,2,4,380000,2
2026-07-14,3,10,720000,1
2026-07-14,4,9,558000,3
2026-07-14,5,8,288000,1
2026-07-14,6,8,144000,2
2026-07-14,7,7,119000,2
2026-07-14,8,21,105000,1
2026-07-14,9,31,124000,3
2026-07-14,10,25,50000,1
2026-07-14,11,8,96000,3
2026-07-14,12,4,20000,1
2026-07-14,13,26,39000,1
2026-07-14,14,7,210000,1
2026-07-14,15,14,434000,1
2026-07-14,16,20,50000,1
2026-07-14,17,5,80000,1
2026-07-14,18,5,17500,2
2026-07-14,19,10,55000,1
2026-07-14,20,4,40000,1
2026-07-15,1,5,475000,1
2026-07-15,2,4,380000,2
2026-07-15,3,11,792000,2
2026-07-15,4,6,372000,1
2026-07-15,5,10,360000,1
2026-07-15,6,14,252000,1
2026-07-15,7,8,136000,1
2026-07-15,8,26,130000,2
2026-07-15,9,14,56000,2
2026-07-15,10,19,38000,2
2026-07-15,11,11,132000,2
2026-07-15,12,5,25000,1
2026-07-15,13,19,28500,3
2026-07-15,14,10,300000,1
2026-07-15,15,8,248000,1
2026-07-15,16,18,45000,2
2026-07-15,17,7,112000,2
2026-07-15,18,3,10500,1
2026-07-15,19,3,16500,1
2026-07-15,20,2,20000,1
2026-07-16,1,10,950000,3
2026-07-16,2,6,570000,1
2026-07-16,3,10,720000,1
2026-07-16,4,8,496000,1
2026-07-16,5,13,468000,1
2026-07-16,6,21,378000,2
2026-07-16,7,8,136000,2
2026-07-16,8,3,15000,1
2026-07-16,9,16,64000,2
2026-07-16,10,21,42000,1
2026-07-16,11,5,60000,1
2026-07-16,12,7,35000,1
2026-07-16,13,38,57000,1
2026-07-16,14,11,330000,1
2026-07-16,15,14,434000,1
2026-07-16,16,26,65000,1
2026-07-16,17,4,64000,2
2026-07-16,18,6,21000,1
2026-07-16,19,13,71500,3
2026-07-16,20,5,50000,1
2026-07-17,1,12,1140000,1
2026-07-17,2,2,190000,1
2026-07-17,3,10,720000,3
2026-07-17,4,6,372000,2
2026-07-17,5,11,396000,3
2026-07-17,6,19,342000,1
2026-07-17,7,8,136000,1
2026-07-17,8,9,45000,1
2026-07-17,9,27,108000,2
2026-07-17,10,30,60000,1
2026-07-17,11,2,24000,2
2026-07-17,12,7,35000,3
2026-07-17,13,18,27000,1
2026-07-17,14,6,180000,3
2026-07-17,15,12,372000,3
2026-07-17,16,24,60000,1
2026-07-17,17,4,64000,2
2026-07-17,18,3,10500,1
2026-07-17,19,13,71500,1
2026-07-17,20,2,20000,1
2026-07-18,1,12,1140000,1
2026-07-18,2,4,380000,2
2026-07-18,3,13,936000,2
2026-07-18,4,8,496000,1
2026-07-18,5,12,432000,1
2026-07-18,6,21,378000,1
2026-07-18,7,10,170000,2
2026-07-18,8,29,145000,1
2026-07-18,9,26,104000,1
2026-07-18,10,31,62000,1
2026-07-18,11,7,84000,2
2026-07-18,12,8,40000,1
2026-07-18,13,21,31500,1
2026-07-18,14,11,330000,1
2026-07-18,15,16,496000,1
2026-07-18,16,18,45000,3
2026-07-18,17,2,32000,2
2026-07-18,18,9,31500,1
2026-07-18,19,16,88000,2
2026-07-18,20,5,50000,1
2026-07-19,1,7,665000,2
2026-07-19,2,4,380000,1
2026-07-19,3,19,1368000,2
2026-07-19,4,8,496000,2
2026-07-19,5,9,324000,2
2026-07-19,6,17,306000,1
2026-07-19,7,8,136000,1
2026-07-19,8,41,205000,3
2026-07-19,9,43,172000,1
2026-07-19,10,25,50000,1
2026-07-19,11,5,60000,2
2026-07-19,12,1,5000,1
2026-07-19,13,24,36000,1
2026-07-19,14,5,150000,1
2026-07-19,15,16,496000,1
2026-07-19,16,20,50000,1
2026-07-19,17,2,32000,1
2026-07-19,18,5,17500,1
2026-07-19,19,16,88000,2
2026-07-19,20,6,60000,1
2026-07-20,1,3,285000,1
2026-07-20,2,4,380000,1
2026-07-20,3,7,504000,3
2026-07-20,4,8,496000,1
2026-07-20,5,11,396000,1
2026-07-20,6,10,180000,1
2026-07-20,7,7,119000,2
2026-07-20,8,15,75000,2
2026-07-20,9,7,28000,1
2026-07-20,10,27,54000,2
2026-07-20,11,5,60000,2
2026-07-20,12,10,50000,1
2026-07-20,13,21,31500,1
2026-07-20,14,6,180000,2
2026-07-20,15,10,310000,1
2026-07-20,16,13,32500,3
2026-07-20,17,2,32000,1
2026-07-20,18,7,24500,1
2026-07-20,19,7,38500,2
2026-07-20,20,5,50000,2
2026-07-21,1,7,665000,3
2026-07-21,2,2,190000,1
2026-07-21,3,11,792000,2
2026-07-21,4,8,496000,1
2026-07-21,5,6,216000,1
2026-07-21,6,17,306000,2
2026-07-21,7,7,119000,1
2026-07-21,8,14,70000,2
2026-07-21,9,25,100000,1
2026-07-21,10,20,40000,1
2026-07-21,11,6,72000,2
2026-07-21,12,7,35000,1
2026-07-21,13,30,45000,1
2026-07-21,14,3,90000,3
2026-07-21,15,9,279000,2
2026-07-21,16,23,57500,2
2026-07-21,17,5,80000,1
2026-07-21,18,4,14000,1
2026-07-21,19,9,49500,1
2026-07-21,20,5,50000,1
2026-07-22,1,9,855000,2
2026-07-22,2,1,95000,1
2026-07-22,3,9,648000,1
2026-07-22,4,6,372000,1
2026-07-22,5,11,396000,1
2026-07-22,6,24,432000,1
2026-07-22,7,8,136000,2
2026-07-22,8,9,45000,1
2026-07-22,9,24,96000,1
2026-07-22,10,34,68000,1
2026-07-22,11,6,72000,1
2026-07-22,12,5,25000,1
2026-07-22,13,37,55500,3
2026-07-22,14,9,270000,1
2026-07-22,15,11,341000,1
2026-07-22,16,22,55000,2
2026-07-22,17,5,80000,1
2026-07-22,18,8,28000,2
2026-07-22,19,9,49500,1
2026-07-22,20,4,40000,1
2026-07-23,1,10,950000,1
2026-07-23,2,2,190000,2
2026-07-23,3,13,936000,2
2026-07-23,4,4,248000,2
2026-07-23,5,12,432000,1
2026-07-23,6,12,216000,2
2026-07-23,7,11,187000,3
2026-07-23,8,21,105000,1
2026-07-23,9,13,52000,1
2026-07-23,10,35,70000,3
2026-07-23,11,9,108000,3
2026-07-23,12,10,50000,1
2026-07-23,13,24,36000,3
2026-07-23,14,7,210000,2
2026-07-23,15,15,465000,1
2026-07-23,16,15,37500,3
2026-07-23,17,6,96000,2
2026-07-23,18,6,21000,1
2026-07-23,20,5,50000,1
2026-07-24,1,7,665000,3
2026-07-24,2,4,380000,1
2026-07-24,3,10,720000,2
2026-07-24,4,8,496000,2
2026-07-24,5,12,432000,2
2026-07-24,6,15,270000,1
2026-07-24,7,8,136000,1
2026-07-24,8,17,85000,1
2026-07-24,9,22,88000,3
2026-07-24,10,18,36000,1
2026-07-24,11,7,84000,3
2026-07-24,12,9,45000,1
2026-07-24,13,41,61500,1
2026-07-24,14,11,330000,1
2026-07-24,15,12,372000,2
2026-07-24,16,24,60000,1
2026-07-24,17,2,32000,1
2026-07-24,18,7,24500,1
2026-07-24,19,8,44000,1
2026-07-24,20,3,30000,2
2026-07-25,1,12,1140000,1
2026-07-25,3,8,576000,1
2026-07-25,4,7,434000,1
2026-07-25,5,11,396000,1
2026-07-25,6,13,234000,1
2026-07-25,7,6,102000,2
2026-07-25,8,19,95000,2
2026-07-25,9,34,136000,1
2026-07-25,10,35,70000,3
2026-07-25,11,6,72000,1
2026-07-25,12,11,55000,2
2026-07-25,13,42,63000,3
2026-07-25,14,7,210000,2
2026-07-25,15,14,434000,2
2026-07-25,16,13,32500,2
2026-07-25,17,4,64000,2
2026-07-25,18,8,28000,1
2026-07-25,19,17,93500,1
2026-07-25,20,7,70000,1
2026-07-26,1,10,950000,2
2026-07-26,2,9,855000,1
2026-07-26,3,13,936000,2
2026-07-26,4,11,682000,3
2026-07-26,5,11,396000,3
2026-07-26,6,18,324000,1
2026-07-26,7,14,238000,1
2026-07-26,8,25,125000,1
2026-07-26,9,32,128000,1
2026-07-26,10,41,82000,1
2026-07-26,11,6,72000,1
2026-07-26,12,5,25000,3
2026-07-26,13,59,88500,1
2026-07-26,14,8,240000,2
2026-07-26,15,16,496000,1
2026-07-26,16,30,75000,2
2026-07-26,17,3,48000,1
2026-07-26,18,4,14000,1
2026-07-26,19,15,82500,3
2026-07-26,20,2,20000,2
2026-07-27,1,7,665000,2
2026-07-27,2,5,475000,1
2026-07-27,3,11,792000,2
2026-07-27,4,3,186000,1
2026-07-27,5,13,468000,2
2026-07-27,6,14,252000,1
2026-07-27,7,12,204000,2
2026-07-27,8,16,80000,2
2026-07-27,9,16,64000,1
2026-07-27,10,27,54000,1
2026-07-27,11,5,60000,1
2026-07-27,12,5,25000,2
2026-07-27,13,41,61500,2
2026-07-27,14,6,180000,2
2026-07-27,15,9,279000,1
2026-07-27,16,27,67500,2
2026-07-27,17,3,48000,1
2026-07-27,18,4,14000,1
2026-07-27,19,3,16500,2
2026-07-27,20,7,70000,1
2026-07-28,1,4,380000,1
2026-07-28,2,5,475000,2
2026-07-28,3,14,1008000,2
2026-07-28,4,7,434000,1
2026-07-28,5,9,324000,2
2026-07-28,6,6,108000,3
2026-07-28,7,7,119000,1
2026-07-28,8,19,95000,2
2026-07-28,9,16,64000,2
2026-07-28,10,26,52000,1
2026-07-28,11,7,84000,1
2026-07-28,12,10,50000,1
2026-07-28,13,20,30000,2
2026-07-28,14,14,420000,1
2026-07-28,15,17,527000,2
2026-07-28,16,19,47500,1
2026-07-28,17,5,80000,1
2026-07-28,18,10,35000,1
2026-07-28,19,4,22000,1
2026-07-28,20,4,40000,1
2026-07-29,1,2,190000,2
2026-07-29,2,5,475000,1
2026-07-29,3,13,936000,1
2026-07-29,4,6,372000,1
2026-07-29,5,8,288000,2
2026-07-29,6,5,90000,1
2026-07-29,7,9,153000,1
2026-07-29,8,27,135000,1
2026-07-29,9,18,72000,1
2026-07-29,10,28,56000,2
2026-07-29,11,2,24000,1
2026-07-29,12,9,45000,1
2026-07-29,13,27,40500,1
2026-07-29,14,5,150000,3
2026-07-29,15,12,372000,2
2026-07-29,16,17,42500,2
2026-07-29,17,4,64000,1
2026-07-29,18,3,10500,3
2026-07-29,19,8,44000,2
2026-07-29,20,4,40000,1
2026-07-30,1,5,475000,1
2026-07-30,2,8,760000,2
2026-07-30,3,9,648000,1
2026-07-30,4,5,310000,2
2026-07-30,5,7,252000,1
2026-07-30,6,21,378000,2
2026-07-30,7,10,170000,1
2026-07-30,8,12,60000,1
2026-07-30,9,29,116000,1
2026-07-30,10,26,52000,2
2026-07-30,11,6,72000,1
2026-07-30,12,7,35000,1
2026-07-30,13,24,36000,1
2026-07-30,14,8,240000,1
2026-07-30,15,13,403000,1
2026-07-30,16,30,75000,3
2026-07-30,17,1,16000,1
2026-07-30,18,8,28000,2
2026-07-30,19,9,49500,2
2026-07-30,20,5,50000,1
2026-07-31,1,9,855000,3
2026-07-31,2,3,285000,3
2026-07-31,3,14,1008000,1
2026-07-31,4,1,62000,1
2026-07-31,5,8,288000,2
2026-07-31,6,10,180000,1
2026-07-31,7,6,102000,3
2026-07-31,8,16,80000,1
2026-07-31,9,24,96000,2
2026-07-31,10,30,60000,1
2026-07-31,11,6,72000,1
2026-07-31,12,6,30000,1
2026-07-31,13,32,48000,2
2026-07-31,14,8,240000,1
2026-07-31,15,17,527000,1
2026-07-31,16,24,60000,1
2026-07-31,17,4,64000,1
2026-07-31,18,4,14000,1
2026-07-31,19,7,38500,1
2026-07-31,20,4,40000,1
2026-08-01,1,11,1045000,2
2026-08-01,2,8,760000,2
2026-08-01,3,19,1368000,1
2026-08-01,4,8,496000,1
2026-08-01,5,13,468000,3
2026-08-01,6,18,324000,1
2026-08-01,7,10,170000,1
2026-08-01,8,20,100000,1
2026-08-01,9,16,64000,1
2026-08-01,10,27,54000,2
2026-08-01,11,9,108000,3
2026-08-01,12,7,35000,1
2026-08-01,13,42,63000,2
2026-08-01,14,13,390000,2
2026-08-01,15,19,589000,3
2026-08-01,16,17,42500,2
2026-08-01,17,8,128000,1
2026-08-01,18,9,31500,2
2026-08-01,19,9,49500,2
2026-08-01,20,4,40000,3
2026-08-02,1,17,1615000,1
2026-08-02,2,7,665000,1
2026-08-02,3,7,504000,1
2026-08-02,4,5,310000,1
2026-08-02,5,12,432000,1
2026-08-02,6,11,198000,1
2026-08-02,7,11,187000,1
2026-08-02,8,31,155000,1
2026-08-02,9,50,200000,1
2026-08-02,10,31,62000,1
2026-08-02,11,10,120000,1
2026-08-02,12,14,70000,3
2026-08-02,13,60,90000,2
2026-08-02,14,13,390000,1
2026-08-02,15,11,341000,1
2026-08-02,16,30,75000,1
2026-08-02,17,8,128000,1
2026-08-02,18,7,24500,1
2026-08-02,19,25,137500,1
2026-08-02,20,7,70000,1
2026-08-03,1,10,950000,1
2026-08-03,2,7,665000,1
2026-08-03,3,14,1008000,1
2026-08-03,4,2,124000,1
2026-08-03,5,10,360000,2
2026-08-03,6,21,378000,2
2026-08-03,7,8,136000,1
2026-08-03,8,19,95000,1
2026-08-03,9,17,68000,2
2026-08-03,10,44,88000,1
2026-08-03,11,10,120000,2
2026-08-03,12,6,30000,3
2026-08-03,13,35,52500,1
2026-08-03,14,7,210000,1
2026-08-03,15,19,589000,2
2026-08-03,16,26,65000,1
2026-08-03,17,6,96000,1
2026-08-03,18,7,24500,3
2026-08-03,19,23,126500,2
2026-08-03,20,3,30000,1
2026-08-04,1,4,380000,1
2026-08-04,2,4,380000,1
2026-08-04,3,8,576000,3
2026-08-04,4,4,248000,1
2026-08-04,5,8,288000,1
2026-08-04,6,11,198000,3
2026-08-04,7,7,119000,1
2026-08-04,8,24,120000,1
2026-08-04,9,21,84000,1
2026-08-04,10,27,54000,3
2026-08-04,11,9,108000,1
2026-08-04,12,7,35000,1
2026-08-04,13,32,48000,1
2026-08-04,14,10,300000,2
2026-08-04,15,10,310000,1
2026-08-04,16,6,15000,1
2026-08-04,17,5,80000,1
2026-08-04,18,7,24500,1
2026-08-04,19,19,104500,1
2026-08-04,20,6,60000,1
2026-08-05,1,11,1045000,2
2026-08-05,2,5,475000,1
2026-08-05,3,14,1008000,1
2026-08-05,4,12,744000,1
2026-08-05,5,5,180000,1
2026-08-05,6,18,324000,1
2026-08-05,7,15,255000,1
2026-08-05,8,22,110000,2
2026-08-05,9,37,148000,2
2026-08-05,10,23,46000,2
2026-08-05,11,6,72000,1
2026-08-05,12,9,45000,1
2026-08-05,13,15,22500,1
2026-08-05,14,5,150000,2
2026-08-05,15,13,403000,1
2026-08-05,16,28,70000,1
2026-08-05,17,6,96000,2
2026-08-05,18,7,24500,1
2026-08-05,19,14,77000,1
2026-08-05,20,5,50000,1
2026-08-06,1,10,950000,1
2026-08-06,2,5,475000,1
2026-08-06,3,12,864000,1
2026-08-06,4,6,372000,2
2026-08-06,5,11,396000,1
2026-08-06,6,12,216000,1
2026-08-06,7,11,187000,1
2026-08-06,8,10,50000,1
2026-08-06,9,14,56000,1
2026-08-06,10,30,60000,2
2026-08-06,11,5,60000,1
2026-08-06,12,6,30000,1
2026-08-06,13,36,54000,1
2026-08-06,14,6,180000,1
2026-08-06,15,14,434000,1
2026-08-06,16,28,70000,3
2026-08-06,17,6,96000,3
2026-08-06,18,8,28000,2
2026-08-06,19,9,49500,1
2026-08-06,20,6,60000,1
2026-08-07,1,5,475000,2
2026-08-07,2,3,285000,1
2026-08-07,3,4,288000,1
2026-08-07,4,10,620000,1
2026-08-07,5,7,252000,1
2026-08-07,6,13,234000,1
2026-08-07,7,6,102000,1
2026-08-07,8,22,110000,1
2026-08-07,9,19,76000,1
2026-08-07,10,15,30000,1
2026-08-07,11,6,72000,2
2026-08-07,12,4,20000,2
2026-08-07,13,23,34500,1
2026-08-07,14,2,60000,2
2026-08-07,15,10,310000,1
2026-08-07,16,21,52500,3
2026-08-07,18,3,10500,1
2026-08-07,19,9,49500,1
2026-08-07,20,4,40000,1
2026-08-08,1,17,1615000,1
2026-08-08,2,10,950000,1
2026-08-08,3,11,792000,2
2026-08-08,4,8,496000,1
2026-08-08,5,13,468000,1
2026-08-08,6,12,216000,1
2026-08-08,7,6,102000,2
2026-08-08,8,26,130000,1
2026-08-08,9,29,116000,2
2026-08-08,10,26,52000,2
2026-08-08,11,7,84000,1
2026-08-08,12,6,30000,2
2026-08-08,13,27,40500,2
2026-08-08,14,10,300000,1
2026-08-08,15,16,496000,1
2026-08-08,16,14,35000,1
2026-08-08,17,7,112000,1
2026-08-08,18,2,7000,2
2026-08-08,19,11,60500,1
2026-08-08,20,5,50000,1
2026-08-09,1,9,855000,2
2026-08-09,2,5,475000,1
2026-08-09,3,21,1512000,1
2026-08-09,4,5,310000,1
2026-08-09,5,18,648000,1
2026-08-09,6,17,306000,1
2026-08-09,7,11,187000,2
2026-08-09,8,31,155000,1
2026-08-09,9,54,216000,1
2026-08-09,10,21,42000,3
2026-08-09,11,4,48000,2
2026-08-09,12,6,30000,1
2026-08-09,13,39,58500,1
2026-08-09,14,4,120000,2
2026-08-09,15,15,465000,1
2026-08-09,16,34,85000,1
2026-08-09,17,5,80000,1
2026-08-09,18,5,17500,1
2026-08-09,19,10,55000,1
2026-08-09,20,6,60000,2
2026-08-10,1,6,570000,3
2026-08-10,2,8,760000,1
2026-08-10,3,17,1224000,3
2026-08-10,4,7,434000,1
2026-08-10,5,9,324000,2
2026-08-10,6,18,324000,1
2026-08-10,7,11,187000,1
2026-08-10,8,12,60000,1
2026-08-10,9,18,72000,2
2026-08-10,10,15,30000,1
2026-08-10,11,6,72000,1
2026-08-10,12,9,45000,2
2026-08-10,13,19,28500,1
2026-08-10,14,6,180000,2
2026-08-10,15,10,310000,2
2026-08-10,16,14,35000,2
2026-08-10,17,4,64000,2
2026-08-10,18,4,14000,2
2026-08-10,19,8,44000,3
2026-08-10,20,2,20000,1
2026-08-11,1,8,760000,1
2026-08-11,2,4,380000,1
2026-08-11,3,9,648000,1
2026-08-11,4,6,372000,1
2026-08-11,5,10,360000,2
2026-08-11,6,10,180000,1
2026-08-11,7,5,85000,3
2026-08-11,8,29,145000,1
2026-08-11,9,17,68000,1
2026-08-11,10,24,48000,1
2026-08-11,11,8,96000,1
2026-08-11,12,16,80000,2
2026-08-11,13,20,30000,1
2026-08-11,14,9,270000,2
2026-08-11,15,12,372000,1
2026-08-11,16,16,40000,1
2026-08-11,17,2,32000,2
2026-08-11,18,3,10500,1
2026-08-11,19,9,49500,1
2026-08-11,20,2,20000,2
2026-08-12,1,10,950000,1
2026-08-12,2,5,475000,1
2026-08-12,3,13,936000,1
2026-08-12,4,6,372000,1
2026-08-12,5,9,324000,2
2026-08-12,6,15,270000,1
2026-08-12,7,6,102000,2
2026-08-12,8,15,75000,3
2026-08-12,9,16,64000,1
2026-08-12,10,18,36000,2
2026-08-12,11,3,36000,3
2026-08-12,12,11,55000,2
2026-08-12,13,24,36000,1
2026-08-12,14,11,330000,1
2026-08-12,15,18,558000,1
2026-08-12,16,12,30000,1
2026-08-12,17,2,32000,1
2026-08-12,18,10,35000,1
2026-08-12,19,16,88000,1
2026-08-12,20,4,40000,2
2026-08-13,1,8,760000,1
2026-08-13,2,3,285000,1
2026-08-13,3,13,936000,1
2026-08-13,4,5,310000,3
2026-08-13,5,4,144000,1
2026-08-13,6,8,144000,1
2026-08-13,7,9,153000,2
2026-08-13,8,10,50000,1
2026-08-13,9,21,84000,2
2026-08-13,10,16,32000,2
2026-08-13,11,4,48000,2
2026-08-13,12,10,50000,1
2026-08-13,13,31,46500,1
2026-08-13,14,7,210000,2
2026-08-13,15,17,527000,2
2026-08-13,16,22,55000,1
2026-08-13,17,6,96000,2
2026-08-13,18,5,17500,2
2026-08-13,19,8,44000,3
2026-08-13,20,3,30000,2
2026-08-14,1,6,570000,3
2026-08-14,2,6,570000,2
2026-08-14,3,15,1080000,3
2026-08-14,4,9,558000,1
2026-08-14,5,5,180000,1
2026-08-14,6,18,324000,2
2026-08-14,7,4,68000,1
2026-08-14,8,23,115000,2
2026-08-14,9,19,76000,1
2026-08-14,10,30,60000,2
2026-08-14,11,3,36000,1
2026-08-14,12,10,50000,2
2026-08-14,13,19,28500,3
2026-08-14,14,6,180000,2
2026-08-14,15,12,372000,2
2026-08-14,16,9,22500,2
2026-08-14,17,4,64000,3
2026-08-14,18,9,31500,1
2026-08-14,19,19,104500,1
2026-08-14,20,5,50000,3
2026-08-15,1,14,1330000,1
2026-08-15,2,7,665000,1
2026-08-15,3,16,1152000,1
2026-08-15,4,6,372000,1
2026-08-15,5,12,432000,1
2026-08-15,6,17,306000,3
2026-08-15,7,9,153000,1
2026-08-15,8,26,130000,1
2026-08-15,9,30,120000,2
2026-08-15,10,37,74000,1
2026-08-15,11,4,48000,3
2026-08-15,12,8,40000,3
2026-08-15,13,57,85500,3
2026-08-15,14,14,420000,1
2026-08-15,15,19,589000,1
2026-08-15,16,23,57500,1
2026-08-15,17,5,80000,2
2026-08-15,18,8,28000,1
2026-08-15,19,21,115500,1
2026-08-15,20,2,20000,1
2026-08-16,1,6,570000,1
2026-08-16,2,9,855000,2
2026-08-16,3,13,936000,1
2026-08-16,4,6,372000,1
2026-08-16,5,7,252000,2
2026-08-16,6,12,216000,2
2026-08-16,7,7,119000,1
2026-08-16,8,46,230000,2
2026-08-16,9,30,120000,2
2026-08-16,10,29,58000,1
2026-08-16,11,8,96000,3
2026-08-16,12,11,55000,1
2026-08-16,13,48,72000,2
2026-08-16,14,14,420000,2
2026-08-16,15,13,403000,1
2026-08-16,16,20,50000,1
2026-08-16,17,6,96000,2
2026-08-16,18,5,17500,2
2026-08-16,19,13,71500,1
2026-08-16,20,6,60000,1
2026-08-17,1,9,855000,1
2026-08-17,2,1,95000,1
2026-08-17,3,14,1008000,2
2026-08-17,4,6,372000,2
2026-08-17,5,11,396000,1
2026-08-17,6,17,306000,1
2026-08-17,7,12,204000,1
2026-08-17,8,26,130000,1
2026-08-17,9,30,120000,2
2026-08-17,10,35,70000,1
2026-08-17,11,6,72000,1
2026-08-17,12,8,40000,2
2026-08-17,13,36,54000,1
2026-08-17,14,10,300000,2
2026-08-17,15,14,434000,2
2026-08-17,16,22,55000,3
2026-08-17,17,3,48000,3
2026-08-17,18,4,14000,2
2026-08-17,19,14,77000,1
2026-08-17,20,5,50000,1
2026-08-18,1,12,1140000,1
2026-08-18,2,2,190000,1
2026-08-18,3,10,720000,1
2026-08-18,4,7,434000,1
2026-08-18,5,12,432000,1
2026-08-18,6,15,270000,2
2026-08-18,7,9,153000,1
2026-08-18,8,10,50000,1
2026-08-18,9,14,56000,1
2026-08-18,10,27,54000,2
2026-08-18,11,3,36000,1
2026-08-18,12,6,30000,2
2026-08-18,13,33,49500,2
2026-08-18,14,5,150000,1
2026-08-18,15,19,589000,1
2026-08-18,16,27,67500,2
2026-08-18,17,2,32000,2
2026-08-18,18,4,14000,1
2026-08-18,19,2,11000,2
2026-08-18,20,3,30000,2
2026-08-19,1,9,855000,2
2026-08-19,2,4,380000,1
2026-08-19,3,13,936000,1
2026-08-19,4,3,186000,1
2026-08-19,5,11,396000,2
2026-08-19,6,11,198000,1
2026-08-19,7,9,153000,2
2026-08-19,8,17,85000,1
2026-08-19,9,13,52000,1
2026-08-19,10,16,32000,1
2026-08-19,11,8,96000,1
2026-08-19,12,8,40000,1
2026-08-19,13,37,55500,1
2026-08-19,14,8,240000,2
2026-08-19,15,15,465000,1
2026-08-19,16,9,22500,1
2026-08-19,17,3,48000,1
2026-08-19,18,5,17500,1
2026-08-19,19,16,88000,2
2026-08-19,20,6,60000,1
2026-08-20,1,11,1045000,1
2026-08-20,2,6,570000,2
2026-08-20,3,9,648000,1
2026-08-20,4,7,434000,2
2026-08-20,5,10,360000,2
2026-08-20,6,10,180000,1
2026-08-20,7,8,136000,1
2026-08-20,8,16,80000,2
2026-08-20,9,32,128000,1
2026-08-20,10,9,18000,2
2026-08-20,11,8,96000,3
2026-08-20,12,5,25000,1
2026-08-20,13,19,28500,1
2026-08-20,14,11,330000,2
2026-08-20,15,17,527000,3
2026-08-20,16,27,67500,2
2026-08-20,17,5,80000,1
2026-08-20,18,9,31500,2
2026-08-20,19,11,60500,1
2026-08-20,20,4,40000,2
2026-08-21,1,8,760000,2
2026-08-21,2,7,665000,2
2026-08-21,3,9,648000,1
2026-08-21,4,5,310000,2
2026-08-21,5,9,324000,1
2026-08-21,6,5,90000,2
2026-08-21,7,9,153000,1
2026-08-21,8,6,30000,1
2026-08-21,9,22,88000,2
2026-08-21,10,31,62000,1
2026-08-21,11,4,48000,1
2026-08-21,12,12,60000,2
2026-08-21,13,19,28500,2
2026-08-21,14,11,330000,3
2026-08-21,15,17,527000,1
2026-08-21,16,9,22500,1
2026-08-21,17,8,128000,1
2026-08-21,18,5,17500,2
2026-08-21,19,6,33000,1
2026-08-21,20,3,30000,3
2026-08-22,1,10,950000,3
2026-08-22,2,6,570000,3
2026-08-22,3,14,1008000,2
2026-08-22,4,7,434000,2
2026-08-22,5,13,468000,1
2026-08-22,6,13,234000,1
2026-08-22,7,5,85000,1
2026-08-22,8,25,125000,1
2026-08-22,9,8,32000,1
2026-08-22,10,33,66000,1
2026-08-22,11,4,48000,1
2026-08-22,12,9,45000,1
2026-08-22,13,51,76500,2
2026-08-22,14,6,180000,1
2026-08-22,15,19,589000,2
2026-08-22,16,20,50000,1
2026-08-22,17,8,128000,2
2026-08-22,18,5,17500,2
2026-08-22,19,9,49500,1
2026-08-22,20,6,60000,1
2026-08-23,1,9,855000,2
2026-08-23,2,4,380000,1
2026-08-23,3,12,864000,2
2026-08-23,4,7,434000,1
2026-08-23,5,15,540000,1
2026-08-23,6,6,108000,1
2026-08-23,7,10,170000,2
2026-08-23,8,32,160000,1
2026-08-23,9,32,128000,1
2026-08-23,10,41,82000,1
2026-08-23,11,6,72000,1
2026-08-23,12,8,40000,2
2026-08-23,13,44,66000,1
2026-08-23,14,10,300000,1
2026-08-23,15,14,434000,1
2026-08-23,16,26,65000,2
2026-08-23,17,3,48000,1
2026-08-23,18,5,17500,2
2026-08-23,19,11,60500,2
2026-08-23,20,7,70000,1
2026-08-24,2,5,475000,1
2026-08-24,3,12,864000,2
2026-08-24,4,3,186000,2
2026-08-24,5,10,360000,2
2026-08-24,6,15,270000,2
2026-08-24,7,10,170000,1
2026-08-24,8,3,15000,3
2026-08-24,9,31,124000,1
2026-08-24,10,19,38000,3
2026-08-24,11,7,84000,1
2026-08-24,12,9,45000,1
2026-08-24,13,23,34500,1
2026-08-24,14,9,270000,1
2026-08-24,15,13,403000,2
2026-08-24,16,7,17500,1
2026-08-24,17,5,80000,2
2026-08-24,18,4,14000,1
2026-08-24,19,7,38500,1
2026-08-24,20,4,40000,3
2026-08-25,1,8,760000,1
2026-08-25,2,4,380000,1
2026-08-25,3,13,936000,1
2026-08-25,4,4,248000,3
2026-08-25,5,8,288000,1
2026-08-25,6,13,234000,3
2026-08-25,7,13,221000,3
2026-08-25,8,17,85000,1
2026-08-25,9,29,116000,1
2026-08-25,10,25,50000,1
2026-08-25,11,4,48000,1
2026-08-25,12,7,35000,1
2026-08-25,13,28,42000,1
2026-08-25,14,9,270000,2
2026-08-25,15,19,589000,2
2026-08-25,16,22,55000,1
2026-08-25,17,5,80000,2
2026-08-25,18,4,14000,2
2026-08-25,19,8,44000,1
2026-08-25,20,3,30000,1
2026-08-26,1,8,760000,2
2026-08-26,2,4,380000,1
2026-08-26,3,14,1008000,1
2026-08-26,4,5,310000,2
2026-08-26,5,10,360000,1
2026-08-26,6,16,288000,1
2026-08-26,7,4,68000,1
2026-08-26,8,31,155000,1
2026-08-26,9,20,80000,2
2026-08-26,10,9,18000,2
2026-08-26,11,6,72000,1
2026-08-26,12,8,40000,1
2026-08-26,13,29,43500,1
2026-08-26,14,10,300000,1
2026-08-26,15,17,527000,1
2026-08-26,16,21,52500,1
2026-08-26,17,4,64000,2
2026-08-26,18,5,17500,2
2026-08-26,19,16,88000,1
2026-08-26,20,2,20000,1
2026-08-27,1,8,760000,2
2026-08-27,2,5,475000,2
2026-08-27,3,14,1008000,3
2026-08-27,4,5,310000,1
2026-08-27,5,5,180000,1
2026-08-27,6,14,252000,2
2026-08-27,7,9,153000,2
2026-08-27,8,27,135000,1
2026-08-27,9,13,52000,2
2026-08-27,10,33,66000,3
2026-08-27,11,10,120000,1
2026-08-27,12,7,35000,1
2026-08-27,13,20,30000,1
2026-08-27,14,6,180000,1
2026-08-27,15,15,465000,2
2026-08-27,16,23,57500,3
2026-08-27,17,3,48000,2
2026-08-27,18,8,28000,2
2026-08-27,19,6,33000,1
2026-08-27,20,2,20000,1
2026-08-28,1,10,950000,1
2026-08-28,2,2,190000,2
2026-08-28,3,11,792000,2
2026-08-28,4,13,806000,1
2026-08-28,5,9,324000,2
2026-08-28,6,9,162000,1
2026-08-28,7,8,136000,1
2026-08-28,8,17,85000,1
2026-08-28,9,23,92000,1
2026-08-28,10,29,58000,3
2026-08-28,11,3,36000,1
2026-08-28,12,12,60000,3
2026-08-28,13,31,46500,1
2026-08-28,14,10,300000,2
2026-08-28,15,13,403000,3
2026-08-28,16,27,67500,2
2026-08-28,17,3,48000,3
2026-08-28,18,6,21000,1
2026-08-28,19,6,33000,1
2026-08-28,20,3,30000,1
2026-08-29,1,13,1235000,2
2026-08-29,2,5,475000,2
2026-08-29,3,11,792000,1
2026-08-29,4,6,372000,1
2026-08-29,5,13,468000,1
2026-08-29,6,12,216000,2
2026-08-29,7,10,170000,3
2026-08-29,8,27,135000,1
2026-08-29,9,13,52000,3
2026-08-29,10,16,32000,3
2026-08-29,11,7,84000,1
2026-08-29,12,6,30000,2
2026-08-29,13,49,73500,1
2026-08-29,14,13,390000,3
2026-08-29,15,18,558000,1
2026-08-29,16,35,87500,1
2026-08-29,17,5,80000,1
2026-08-29,18,7,24500,3
2026-08-29,19,11,60500,2
2026-08-29,20,9,90000,1
2026-08-30,1,17,1615000,1
2026-08-30,2,6,570000,1
2026-08-30,3,15,1080000,2
2026-08-30,4,10,620000,1
2026-08-30,5,11,396000,2
2026-08-30,6,12,216000,1
2026-08-30,7,13,221000,1
2026-08-30,8,27,135000,1
2026-08-30,9,32,128000,1
2026-08-30,10,22,44000,1
2026-08-30,11,2,24000,2
2026-08-30,12,9,45000,3
2026-08-30,13,47,70500,1
2026-08-30,14,9,270000,1
2026-08-30,15,20,620000,1
2026-08-30,16,18,45000,1
2026-08-30,17,3,48000,2
2026-08-30,18,6,21000,1
2026-08-30,19,13,71500,1
2026-08-30,20,6,60000,1
2026-08-31,1,6,570000,1
2026-08-31,2,7,665000,1
2026-08-31,3,17,1224000,3
2026-08-31,4,6,372000,1
2026-08-31,5,13,468000,1
2026-08-31,6,9,162000,2
2026-08-31,7,11,187000,1
2026-08-31,8,24,120000,1
2026-08-31,9,27,108000,1
2026-08-31,10,24,48000,1
2026-08-31,12,6,30000,2
2026-08-31,13,25,37500,1
2026-08-31,14,5,150000,2
2026-08-31,15,15,465000,1
2026-08-31,16,17,42500,1
2026-08-31,17,2,32000,1
2026-08-31,18,4,14000,1
2026-08-31,19,7,38500,1
2026-08-31,20,6,60000,3
