transaksi_id,tanggal,waktu,produk_id,qty,harga_satuan,subtotal
1,2025-09-01,18:17,1,1,95000,95000
2,2025-09-01,10:14,1,9,95000,855000
3,2025-09-01,08:43,2,5,95000,475000
4,2025-09-01,08:37,3,9,72000,648000
5,2025-09-01,13:02,3,7,72000,504000
6,2025-09-01,10:14,4,11,62000,682000
7,2025-09-01,07:35,5,10,36000,360000
8,2025-09-01,17:44,6,14,18000,252000
9,2025-09-01,10:28,7,14,17000,238000
10,2025-09-01,19:55,8,26,5000,130000
11,2025-09-01,19:10,9,21,4000,84000
12,2025-09-01,11:09,10,22,2000,44000
13,2025-09-01,10:48,10,11,2000,22000
14,2025-09-01,08:24,11,5,12000,60000
15,2025-09-01,20:22,12,7,5000,35000
16,2025-09-01,18:29,13,3,1500,4500
17,2025-09-01,15:07,13,33,1500,49500
18,2025-09-01,15:18,14,1,30000,30000
19,2025-09-01,20:40,14,1,30000,30000
20,2025-09-01,16:56,14,1,30000,30000
21,2025-09-01,10:45,15,10,31000,310000
22,2025-09-01,08:02,15,1,31000,31000
23,2025-09-01,08:54,16,10,2500,25000
24,2025-09-01,10:55,16,9,2500,22500
25,2025-09-01,11:29,17,2,16000,32000
26,2025-09-01,09:23,18,3,3500,10500
27,2025-09-01,12:13,18,4,3500,14000
28,2025-09-01,21:43,19,6,5500,33000
29,2025-09-01,17:04,19,1,5500,5500
30,2025-09-01,15:46,20,1,10000,10000
31,2025-09-01,10:10,20,2,10000,20000
32,2025-09-02,11:59,1,13,95000,1235000
33,2025-09-02,17:20,2,2,95000,190000
34,2025-09-02,20:49,2,3,95000,285000
35,2025-09-02,20:02,3,4,72000,288000
36,2025-09-02,19:20,3,10,72000,720000
37,2025-09-02,08:13,4,4,62000,248000
38,2025-09-02,12:13,5,5,36000,180000
39,2025-09-02,17:31,5,3,36000,108000
40,2025-09-02,13:56,5,1,36000,36000
41,2025-09-02,11:08,6,8,18000,144000
42,2025-09-02,10:47,6,2,18000,36000
43,2025-09-02,15:34,6,6,18000,108000
44,2025-09-02,16:27,7,7,17000,119000
45,2025-09-02,12:14,8,13,5000,65000
46,2025-09-02,09:32,8,10,5000,50000
47,2025-09-02,19:03,9,20,4000,80000
48,2025-09-02,17:10,10,5,2000,10000
49,2025-09-02,19:43,10,21,2000,42000
50,2025-09-02,08:24,11,5,12000,60000
51,2025-09-02,14:33,12,14,5000,70000
52,2025-09-02,15:55,13,34,1500,51000
53,2025-09-02,17:56,14,3,30000,90000
54,2025-09-02,15:48,14,1,30000,30000
55,2025-09-02,11:49,14,1,30000,30000
56,2025-09-02,11:27,15,4,31000,124000
57,2025-09-02,09:29,15,16,31000,496000
58,2025-09-02,18:56,16,14,2500,35000
59,2025-09-02,19:11,17,3,16000,48000
60,2025-09-02,15:58,17,1,16000,16000
61,2025-09-02,17:19,18,2,3500,7000
62,2025-09-02,16:12,19,5,5500,27500
63,2025-09-02,09:23,19,1,5500,5500
64,2025-09-02,19:59,20,5,10000,50000
65,2025-09-02,15:58,20,1,10000,10000
66,2025-09-03,12:31,1,11,95000,1045000
67,2025-09-03,21:23,2,6,95000,570000
68,2025-09-03,10:03,3,5,72000,360000
69,2025-09-03,10:56,3,8,72000,576000
70,2025-09-03,08:05,4,7,62000,434000
71,2025-09-03,19:34,5,1,36000,36000
72,2025-09-03,19:08,5,6,36000,216000
73,2025-09-03,14:35,6,12,18000,216000
74,2025-09-03,15:55,7,9,17000,153000
75,2025-09-03,21:34,8,7,5000,35000
76,2025-09-03,19:46,8,21,5000,105000
77,2025-09-03,11:25,9,23,4000,92000
78,2025-09-03,17:41,9,4,4000,16000
79,2025-09-03,21:33,10,13,2000,26000
80,2025-09-03,10:14,11,7,12000,84000
81,2025-09-03,07:37,12,8,5000,40000
82,2025-09-03,16:14,13,28,1500,42000
83,2025-09-03,18:40,14,11,30000,330000
84,2025-09-03,08:57,15,20,31000,620000
85,2025-09-03,12:04,16,29,2500,72500
86,2025-09-03,11:42,17,3,16000,48000
87,2025-09-03,15:08,18,6,3500,21000
88,2025-09-03,16:30,19,10,5500,55000
89,2025-09-03,10:50,19,2,5500,11000
90,2025-09-03,13:12,20,7,10000,70000
91,2025-09-04,17:27,1,7,95000,665000
92,2025-09-04,13:29,2,5,95000,475000
93,2025-09-04,17:41,3,1,72000,72000
94,2025-09-04,17:06,3,8,72000,576000
95,2025-09-04,18:21,4,5,62000,310000
96,2025-09-04,10:12,5,2,36000,72000
97,2025-09-04,10:34,5,11,36000,396000
98,2025-09-04,13:11,6,22,18000,396000
99,2025-09-04,10:55,7,10,17000,170000
100,2025-09-04,08:03,8,15,5000,75000
101,2025-09-04,17:34,8,9,5000,45000
102,2025-09-04,20:00,8,3,5000,15000
103,2025-09-04,09:26,9,25,4000,100000
104,2025-09-04,14:30,9,1,4000,4000
105,2025-09-04,10:55,9,2,4000,8000
106,2025-09-04,07:10,10,23,2000,46000
107,2025-09-04,13:16,11,7,12000,84000
108,2025-09-04,13:44,12,8,5000,40000
109,2025-09-04,18:50,12,3,5000,15000
110,2025-09-04,15:42,12,2,5000,10000
111,2025-09-04,10:18,13,10,1500,15000
112,2025-09-04,10:03,13,24,1500,36000
113,2025-09-04,15:03,14,14,30000,420000
114,2025-09-04,07:37,15,1,31000,31000
115,2025-09-04,14:32,15,7,31000,217000
116,2025-09-04,07:32,16,17,2500,42500
117,2025-09-04,08:54,16,3,2500,7500
118,2025-09-04,09:04,16,8,2500,20000
119,2025-09-04,17:55,17,4,16000,64000
120,2025-09-04,08:56,18,6,3500,21000
121,2025-09-04,16:38,19,11,5500,60500
122,2025-09-04,08:26,20,2,10000,20000
123,2025-09-05,15:20,1,5,95000,475000
124,2025-09-05,21:16,1,3,95000,285000
125,2025-09-05,18:20,2,6,95000,570000
126,2025-09-05,13:08,3,18,72000,1296000
127,2025-09-05,14:20,4,3,62000,186000
128,2025-09-05,21:48,4,3,62000,186000
129,2025-09-05,16:36,5,1,36000,36000
130,2025-09-05,08:04,5,4,36000,144000
131,2025-09-05,15:13,5,4,36000,144000
132,2025-09-05,09:59,6,13,18000,234000
133,2025-09-05,08:56,7,12,17000,204000
134,2025-09-05,11:10,8,23,5000,115000
135,2025-09-05,15:45,9,21,4000,84000
136,2025-09-05,19:41,10,33,2000,66000
137,2025-09-05,17:52,11,7,12000,84000
138,2025-09-05,21:42,12,11,5000,55000
139,2025-09-05,21:08,13,28,1500,42000
140,2025-09-05,21:06,14,8,30000,240000
141,2025-09-05,11:18,15,3,31000,93000
142,2025-09-05,16:13,15,12,31000,372000
143,2025-09-05,17:40,16,4,2500,10000
144,2025-09-05,20:16,16,8,2500,20000
145,2025-09-05,11:57,17,5,16000,80000
146,2025-09-05,17:27,18,1,3500,3500
147,2025-09-05,20:17,18,1,3500,3500
148,2025-09-05,07:00,18,5,3500,17500
149,2025-09-05,09:40,19,11,5500,60500
150,2025-09-05,14:35,20,1,10000,10000
151,2025-09-05,18:27,20,3,10000,30000
152,2025-09-05,15:00,20,1,10000,10000
153,2025-09-06,21:44,1,6,95000,570000
154,2025-09-06,20:23,2,3,95000,285000
155,2025-09-06,16:35,2,1,95000,95000
156,2025-09-06,09:27,2,1,95000,95000
157,2025-09-06,11:23,3,13,72000,936000
158,2025-09-06,21:22,4,1,62000,62000
159,2025-09-06,10:43,4,4,62000,248000
160,2025-09-06,08:22,5,11,36000,396000
161,2025-09-06,16:47,6,14,18000,252000
162,2025-09-06,09:59,6,3,18000,54000
163,2025-09-06,21:26,7,3,17000,51000
164,2025-09-06,07:11,7,3,17000,51000
165,2025-09-06,18:59,7,9,17000,153000
166,2025-09-06,21:26,8,28,5000,140000
167,2025-09-06,11:10,9,16,4000,64000
168,2025-09-06,19:44,9,17,4000,68000
169,2025-09-06,20:02,10,29,2000,58000
170,2025-09-06,10:52,11,1,12000,12000
171,2025-09-06,21:29,11,1,12000,12000
172,2025-09-06,20:50,12,8,5000,40000
173,2025-09-06,07:42,13,15,1500,22500
174,2025-09-06,10:25,13,24,1500,36000
175,2025-09-06,20:04,14,19,30000,570000
176,2025-09-06,17:32,15,5,31000,155000
177,2025-09-06,13:43,15,6,31000,186000
178,2025-09-06,20:34,15,4,31000,124000
179,2025-09-06,07:07,16,25,2500,62500
180,2025-09-06,09:37,17,3,16000,48000
181,2025-09-06,11:02,17,2,16000,32000
182,2025-09-06,13:22,18,4,3500,14000
183,2025-09-06,13:38,19,11,5500,60500
184,2025-09-06,15:07,19,8,5500,44000
185,2025-09-06,16:12,20,6,10000,60000
186,2025-09-07,18:27,1,13,95000,1235000
187,2025-09-07,21:51,2,4,95000,380000
188,2025-09-07,18:47,3,19,72000,1368000
189,2025-09-07,12:27,4,1,62000,62000
190,2025-09-07,08:42,4,3,62000,186000
191,2025-09-07,17:54,5,10,36000,360000
192,2025-09-07,08:46,5,2,36000,72000
193,2025-09-07,21:19,5,1,36000,36000
194,2025-09-07,17:26,6,25,18000,450000
195,2025-09-07,18:18,7,8,17000,136000
196,2025-09-07,10:26,8,21,5000,105000
197,2025-09-07,17:47,9,13,4000,52000
198,2025-09-07,21:11,9,18,4000,72000
199,2025-09-07,13:35,10,10,2000,20000
200,2025-09-07,20:00,10,15,2000,30000
201,2025-09-07,10:27,11,3,12000,36000
202,2025-09-07,17:20,12,5,5000,25000
203,2025-09-07,14:28,12,3,5000,15000
204,2025-09-07,10:32,13,28,1500,42000
205,2025-09-07,21:50,14,12,30000,360000
206,2025-09-07,08:18,15,11,31000,341000
207,2025-09-07,15:42,15,1,31000,31000
208,2025-09-07,08:52,16,22,2500,55000
209,2025-09-07,19:15,16,11,2500,27500
210,2025-09-07,19:12,17,1,16000,16000
211,2025-09-07,09:01,17,2,16000,32000
212,2025-09-07,14:39,18,5,3500,17500
213,2025-09-07,14:26,19,3,5500,16500
214,2025-09-07,21:40,19,14,5500,77000
215,2025-09-07,18:44,20,3,10000,30000
216,2025-09-08,13:15,1,8,95000,760000
217,2025-09-08,18:00,2,7,95000,665000
218,2025-09-08,19:27,3,1,72000,72000
219,2025-09-08,10:11,3,6,72000,432000
220,2025-09-08,15:29,4,6,62000,372000
221,2025-09-08,07:35,4,1,62000,62000
222,2025-09-08,20:07,5,10,36000,360000
223,2025-09-08,19:29,6,17,18000,306000
224,2025-09-08,16:20,7,5,17000,85000
225,2025-09-08,19:57,7,1,17000,17000
226,2025-09-08,20:46,8,9,5000,45000
227,2025-09-08,20:58,9,14,4000,56000
228,2025-09-08,15:28,9,11,4000,44000
229,2025-09-08,20:30,10,24,2000,48000
230,2025-09-08,14:16,10,3,2000,6000
231,2025-09-08,19:49,11,3,12000,36000
232,2025-09-08,15:31,11,3,12000,36000
233,2025-09-08,14:04,12,3,5000,15000
234,2025-09-08,18:18,12,5,5000,25000
235,2025-09-08,12:20,13,24,1500,36000
236,2025-09-08,09:09,14,1,30000,30000
237,2025-09-08,10:24,14,7,30000,210000
238,2025-09-08,10:04,15,12,31000,372000
239,2025-09-08,13:26,15,3,31000,93000
240,2025-09-08,14:26,16,15,2500,37500
241,2025-09-08,20:26,17,6,16000,96000
242,2025-09-08,19:37,18,6,3500,21000
243,2025-09-08,13:30,19,1,5500,5500
244,2025-09-08,07:22,19,3,5500,16500
245,2025-09-08,11:48,19,1,5500,5500
246,2025-09-08,21:53,20,5,10000,50000
247,2025-09-09,18:47,1,5,95000,475000
248,2025-09-09,16:57,2,6,95000,570000
249,2025-09-09,10:17,3,15,72000,1080000
250,2025-09-09,07:24,4,5,62000,310000
251,2025-09-09,17:51,5,12,36000,432000
252,2025-09-09,09:53,6,15,18000,270000
253,2025-09-09,09:39,7,10,17000,170000
254,2025-09-09,21:25,8,29,5000,145000
255,2025-09-09,17:01,9,20,4000,80000
256,2025-09-09,13:08,10,19,2000,38000
257,2025-09-09,07:16,11,1,12000,12000
258,2025-09-09,13:20,11,3,12000,36000
259,2025-09-09,12:21,12,6,5000,30000
260,2025-09-09,11:48,13,13,1500,19500
261,2025-09-09,20:26,13,16,1500,24000
262,2025-09-09,08:30,14,8,30000,240000
263,2025-09-09,15:03,15,15,31000,465000
264,2025-09-09,17:04,16,12,2500,30000
265,2025-09-09,19:41,16,4,2500,10000
266,2025-09-09,07:48,16,8,2500,20000
267,2025-09-09,10:12,17,4,16000,64000
268,2025-09-09,09:15,18,5,3500,17500
269,2025-09-09,09:30,18,3,3500,10500
270,2025-09-09,14:44,19,4,5500,22000
271,2025-09-09,11:49,19,5,5500,27500
272,2025-09-09,16:38,20,9,10000,90000
273,2025-09-10,19:52,1,6,95000,570000
274,2025-09-10,09:19,1,1,95000,95000
275,2025-09-10,08:37,1,2,95000,190000
276,2025-09-10,11:36,2,3,95000,285000
277,2025-09-10,13:45,3,4,72000,288000
278,2025-09-10,10:04,3,4,72000,288000
279,2025-09-10,20:40,4,8,62000,496000
280,2025-09-10,18:49,5,9,36000,324000
281,2025-09-10,17:38,6,16,18000,288000
282,2025-09-10,12:34,7,1,17000,17000
283,2025-09-10,13:42,7,9,17000,153000
284,2025-09-10,15:41,8,17,5000,85000
285,2025-09-10,20:26,9,16,4000,64000
286,2025-09-10,13:23,10,2,2000,4000
287,2025-09-10,17:57,10,11,2000,22000
288,2025-09-10,13:11,11,2,12000,24000
289,2025-09-10,18:33,11,3,12000,36000
290,2025-09-10,14:27,12,5,5000,25000
291,2025-09-10,20:46,12,4,5000,20000
292,2025-09-10,16:17,12,1,5000,5000
293,2025-09-10,10:53,13,31,1500,46500
294,2025-09-10,10:48,14,2,30000,60000
295,2025-09-10,14:36,14,1,30000,30000
296,2025-09-10,16:42,14,1,30000,30000
297,2025-09-10,07:31,15,15,31000,465000
298,2025-09-10,14:13,16,6,2500,15000
299,2025-09-10,12:51,16,16,2500,40000
300,2025-09-10,11:56,17,2,16000,32000
301,2025-09-10,21:17,18,6,3500,21000
302,2025-09-10,15:12,19,10,5500,55000
303,2025-09-10,18:26,20,3,10000,30000
304,2025-09-11,19:15,1,8,95000,760000
305,2025-09-11,14:50,2,4,95000,380000
306,2025-09-11,07:05,2,1,95000,95000
307,2025-09-11,13:44,3,15,72000,1080000
308,2025-09-11,17:37,4,9,62000,558000
309,2025-09-11,15:33,5,6,36000,216000
310,2025-09-11,18:35,6,10,18000,180000
311,2025-09-11,18:29,7,10,17000,170000
312,2025-09-11,11:14,8,21,5000,105000
313,2025-09-11,10:20,9,25,4000,100000
314,2025-09-11,15:48,10,53,2000,106000
315,2025-09-11,10:47,11,2,12000,24000
316,2025-09-11,14:17,11,5,12000,60000
317,2025-09-11,16:18,12,9,5000,45000
318,2025-09-11,08:53,12,1,5000,5000
319,2025-09-11,10:23,13,37,1500,55500
320,2025-09-11,07:45,14,9,30000,270000
321,2025-09-11,11:02,15,14,31000,434000
322,2025-09-11,18:08,16,18,2500,45000
323,2025-09-11,17:55,16,3,2500,7500
324,2025-09-11,19:31,16,3,2500,7500
325,2025-09-11,07:36,17,2,16000,32000
326,2025-09-11,14:28,18,5,3500,17500
327,2025-09-11,07:16,19,8,5500,44000
328,2025-09-11,20:04,20,2,10000,20000
329,2025-09-11,13:31,20,1,10000,10000
330,2025-09-11,08:36,20,2,10000,20000
331,2025-09-12,09:09,1,1,95000,95000
332,2025-09-12,19:36,1,12,95000,1140000
333,2025-09-12,08:35,2,1,95000,95000
334,2025-09-12,19:26,2,1,95000,95000
335,2025-09-12,16:38,2,1,95000,95000
336,2025-09-12,19:33,3,4,72000,288000
337,2025-09-12,13:28,3,10,72000,720000
338,2025-09-12,11:36,4,1,62000,62000
339,2025-09-12,16:03,4,1,62000,62000
340,2025-09-12,16:47,4,1,62000,62000
341,2025-09-12,19:13,5,8,36000,288000
342,2025-09-12,17:05,6,9,18000,162000
343,2025-09-12,09:15,6,9,18000,162000
344,2025-09-12,08:10,7,9,17000,153000
345,2025-09-12,14:44,8,11,5000,55000
346,2025-09-12,11:02,9,17,4000,68000
347,2025-09-12,18:18,10,30,2000,60000
348,2025-09-12,08:43,11,2,12000,24000
349,2025-09-12,10:59,11,2,12000,24000
350,2025-09-12,19:40,12,8,5000,40000
351,2025-09-12,19:59,13,30,1500,45000
352,2025-09-12,08:34,14,6,30000,180000
353,2025-09-12,09:58,15,21,31000,651000
354,2025-09-12,09:04,16,23,2500,57500
355,2025-09-12,19:19,18,6,3500,21000
356,2025-09-12,20:36,19,7,5500,38500
357,2025-09-12,14:44,20,4,10000,40000
358,2025-09-12,11:44,20,1,10000,10000
359,2025-09-12,13:17,20,1,10000,10000
360,2025-09-13,14:28,1,8,95000,760000
361,2025-09-13,07:56,2,6,95000,570000
362,2025-09-13,12:38,3,16,72000,1152000
363,2025-09-13,08:14,4,9,62000,558000
364,2025-09-13,19:43,5,5,36000,180000
365,2025-09-13,20:17,5,1,36000,36000
366,2025-09-13,16:02,5,2,36000,72000
367,2025-09-13,14:33,6,3,18000,54000
368,2025-09-13,17:28,6,10,18000,180000
369,2025-09-13,13:40,7,2,17000,34000
370,2025-09-13,20:31,7,5,17000,85000
371,2025-09-13,08:30,7,2,17000,34000
372,2025-09-13,12:20,8,20,5000,100000
373,2025-09-13,12:26,9,11,4000,44000
374,2025-09-13,18:31,9,36,4000,144000
375,2025-09-13,13:52,10,33,2000,66000
376,2025-09-13,14:05,11,1,12000,12000
377,2025-09-13,12:16,11,2,12000,24000
378,2025-09-13,19:25,12,11,5000,55000
379,2025-09-13,07:42,13,53,1500,79500
380,2025-09-13,20:34,13,6,1500,9000
381,2025-09-13,07:12,14,14,30000,420000
382,2025-09-13,16:48,15,10,31000,310000
383,2025-09-13,14:48,16,19,2500,47500
384,2025-09-13,11:35,17,7,16000,112000
385,2025-09-13,11:28,18,4,3500,14000
386,2025-09-13,08:01,19,8,5500,44000
387,2025-09-13,17:38,19,8,5500,44000
388,2025-09-13,11:35,20,2,10000,20000
389,2025-09-13,07:35,20,4,10000,40000
390,2025-09-14,10:53,1,8,95000,760000
391,2025-09-14,17:53,2,4,95000,380000
392,2025-09-14,09:31,2,1,95000,95000
393,2025-09-14,21:45,2,1,95000,95000
394,2025-09-14,18:17,3,2,72000,144000
395,2025-09-14,14:30,4,5,62000,310000
396,2025-09-14,15:09,5,10,36000,360000
397,2025-09-14,21:38,6,9,18000,162000
398,2025-09-14,21:08,7,15,17000,255000
399,2025-09-14,19:50,8,5,5000,25000
400,2025-09-14,20:26,8,8,5000,40000
401,2025-09-14,19:32,9,26,4000,104000
402,2025-09-14,07:18,10,31,2000,62000
403,2025-09-14,20:09,11,8,12000,96000
404,2025-09-14,14:34,11,2,12000,24000
405,2025-09-14,12:35,12,5,5000,25000
406,2025-09-14,14:59,13,25,1500,37500
407,2025-09-14,12:55,13,25,1500,37500
408,2025-09-14,18:15,14,10,30000,300000
409,2025-09-14,10:54,15,12,31000,372000
410,2025-09-14,12:47,16,2,2500,5000
411,2025-09-14,14:45,16,24,2500,60000
412,2025-09-14,17:50,17,2,16000,32000
413,2025-09-14,20:41,17,2,16000,32000
414,2025-09-14,09:31,17,1,16000,16000
415,2025-09-14,16:21,18,1,3500,3500
416,2025-09-14,20:06,18,3,3500,10500
417,2025-09-14,20:54,18,1,3500,3500
418,2025-09-14,15:58,19,14,5500,77000
419,2025-09-14,18:09,20,4,10000,40000
420,2025-09-15,17:09,1,8,95000,760000
421,2025-09-15,19:16,2,6,95000,570000
422,2025-09-15,18:25,3,16,72000,1152000
423,2025-09-15,20:43,4,2,62000,124000
424,2025-09-15,20:34,4,2,62000,124000
425,2025-09-15,12:40,5,15,36000,540000
426,2025-09-15,20:34,6,4,18000,72000
427,2025-09-15,07:39,6,1,18000,18000
428,2025-09-15,17:43,7,8,17000,136000
429,2025-09-15,08:27,8,8,5000,40000
430,2025-09-15,08:48,8,12,5000,60000
431,2025-09-15,17:45,8,1,5000,5000
432,2025-09-15,09:44,9,15,4000,60000
433,2025-09-15,11:57,9,8,4000,32000
434,2025-09-15,12:50,10,20,2000,40000
435,2025-09-15,12:23,11,5,12000,60000
436,2025-09-15,10:33,12,6,5000,30000
437,2025-09-15,17:50,13,25,1500,37500
438,2025-09-15,09:05,14,10,30000,300000
439,2025-09-15,16:43,15,7,31000,217000
440,2025-09-15,10:31,15,9,31000,279000
441,2025-09-15,14:40,16,3,2500,7500
442,2025-09-15,11:29,16,4,2500,10000
443,2025-09-15,11:42,16,8,2500,20000
444,2025-09-15,19:29,17,5,16000,80000
445,2025-09-15,14:22,18,2,3500,7000
446,2025-09-15,16:19,18,1,3500,3500
447,2025-09-15,17:27,18,3,3500,10500
448,2025-09-15,20:19,19,8,5500,44000
449,2025-09-15,10:24,19,4,5500,22000
450,2025-09-15,10:24,20,1,10000,10000
451,2025-09-15,16:22,20,4,10000,40000
452,2025-09-16,18:18,1,6,95000,570000
453,2025-09-16,20:42,2,4,95000,380000
454,2025-09-16,07:36,3,14,72000,1008000
455,2025-09-16,18:03,4,7,62000,434000
456,2025-09-16,21:38,4,1,62000,62000
457,2025-09-16,19:51,5,5,36000,180000
458,2025-09-16,10:38,5,4,36000,144000
459,2025-09-16,17:12,6,4,18000,72000
460,2025-09-16,16:16,6,10,18000,180000
461,2025-09-16,17:06,7,3,17000,51000
462,2025-09-16,21:40,7,8,17000,136000
463,2025-09-16,19:28,8,5,5000,25000
464,2025-09-16,07:37,8,9,5000,45000
465,2025-09-16,09:05,9,25,4000,100000
466,2025-09-16,09:12,10,11,2000,22000
467,2025-09-16,09:50,10,7,2000,14000
468,2025-09-16,15:56,10,5,2000,10000
469,2025-09-16,20:10,11,3,12000,36000
470,2025-09-16,11:58,11,1,12000,12000
471,2025-09-16,20:30,11,1,12000,12000
472,2025-09-16,19:07,12,5,5000,25000
473,2025-09-16,14:04,12,3,5000,15000
474,2025-09-16,09:48,12,2,5000,10000
475,2025-09-16,12:05,13,26,1500,39000
476,2025-09-16,19:25,13,9,1500,13500
477,2025-09-16,07:16,13,1,1500,1500
478,2025-09-16,14:23,14,10,30000,300000
479,2025-09-16,16:24,15,9,31000,279000
480,2025-09-16,20:40,15,9,31000,279000
481,2025-09-16,10:30,16,4,2500,10000
482,2025-09-16,07:39,16,11,2500,27500
483,2025-09-16,21:35,16,5,2500,12500
484,2025-09-16,16:14,17,5,16000,80000
485,2025-09-16,21:44,18,4,3500,14000
486,2025-09-16,11:41,18,1,3500,3500
487,2025-09-16,09:02,19,11,5500,60500
488,2025-09-16,08:06,20,2,10000,20000
489,2025-09-16,10:56,20,1,10000,10000
490,2025-09-16,15:08,20,1,10000,10000
491,2025-09-17,12:42,1,8,95000,760000
492,2025-09-17,21:26,2,4,95000,380000
493,2025-09-17,17:06,2,1,95000,95000
494,2025-09-17,20:31,2,1,95000,95000
495,2025-09-17,07:44,3,5,72000,360000
496,2025-09-17,12:13,3,4,72000,288000
497,2025-09-17,10:54,4,11,62000,682000
498,2025-09-17,17:23,5,7,36000,252000
499,2025-09-17,17:22,6,8,18000,144000
500,2025-09-17,11:12,7,11,17000,187000
501,2025-09-17,17:13,8,15,5000,75000
502,2025-09-17,17:40,8,1,5000,5000
503,2025-09-17,16:01,8,6,5000,30000
504,2025-09-17,12:15,9,26,4000,104000
505,2025-09-17,08:53,10,26,2000,52000
506,2025-09-17,19:35,10,1,2000,2000
507,2025-09-17,10:37,10,2,2000,4000
508,2025-09-17,20:14,11,5,12000,60000
509,2025-09-17,09:50,12,5,5000,25000
510,2025-09-17,20:09,13,1,1500,1500
511,2025-09-17,09:34,13,9,1500,13500
512,2025-09-17,11:51,13,20,1500,30000
513,2025-09-17,17:55,14,6,30000,180000
514,2025-09-17,07:22,15,17,31000,527000
515,2025-09-17,16:20,16,8,2500,20000
516,2025-09-17,07:11,16,11,2500,27500
517,2025-09-17,09:47,17,2,16000,32000
518,2025-09-17,08:47,18,5,3500,17500
519,2025-09-17,14:49,19,11,5500,60500
520,2025-09-17,16:06,20,4,10000,40000
521,2025-09-18,10:39,1,6,95000,570000
522,2025-09-18,19:58,2,5,95000,475000
523,2025-09-18,11:29,3,9,72000,648000
524,2025-09-18,17:01,3,3,72000,216000
525,2025-09-18,14:54,4,5,62000,310000
526,2025-09-18,17:06,5,8,36000,288000
527,2025-09-18,21:28,6,14,18000,252000
528,2025-09-18,08:20,7,5,17000,85000
529,2025-09-18,09:17,8,2,5000,10000
530,2025-09-18,16:40,8,7,5000,35000
531,2025-09-18,18:20,9,17,4000,68000
532,2025-09-18,16:33,10,23,2000,46000
533,2025-09-18,15:38,11,6,12000,72000
534,2025-09-18,19:44,12,11,5000,55000
535,2025-09-18,17:41,13,36,1500,54000
536,2025-09-18,18:55,14,5,30000,150000
537,2025-09-18,10:27,14,2,30000,60000
538,2025-09-18,10:26,15,14,31000,434000
539,2025-09-18,14:25,16,13,2500,32500
540,2025-09-18,08:20,17,3,16000,48000
541,2025-09-18,17:16,18,5,3500,17500
542,2025-09-18,09:43,19,11,5500,60500
543,2025-09-18,20:05,20,1,10000,10000
544,2025-09-18,08:27,20,1,10000,10000
545,2025-09-18,08:47,20,1,10000,10000
546,2025-09-19,15:03,1,3,95000,285000
547,2025-09-19,16:35,1,6,95000,570000
548,2025-09-19,17:07,2,7,95000,665000
549,2025-09-19,20:42,3,11,72000,792000
550,2025-09-19,11:38,4,4,62000,248000
551,2025-09-19,11:22,4,1,62000,62000
552,2025-09-19,08:36,4,2,62000,124000
553,2025-09-19,09:42,5,11,36000,396000
554,2025-09-19,20:06,6,12,18000,216000
555,2025-09-19,15:23,7,9,17000,153000
556,2025-09-19,11:36,8,18,5000,90000
557,2025-09-19,13:54,9,22,4000,88000
558,2025-09-19,19:52,10,19,2000,38000
559,2025-09-19,07:38,11,5,12000,60000
560,2025-09-19,21:42,11,1,12000,12000
561,2025-09-19,07:11,12,5,5000,25000
562,2025-09-19,11:44,12,4,5000,20000
563,2025-09-19,12:00,13,22,1500,33000
564,2025-09-19,09:55,13,18,1500,27000
565,2025-09-19,17:25,14,10,30000,300000
566,2025-09-19,18:40,15,21,31000,651000
567,2025-09-19,15:13,16,2,2500,5000
568,2025-09-19,13:26,16,12,2500,30000
569,2025-09-19,14:21,16,1,2500,2500
570,2025-09-19,11:46,17,5,16000,80000
571,2025-09-19,16:38,18,6,3500,21000
572,2025-09-19,07:09,19,17,5500,93500
573,2025-09-19,16:03,20,3,10000,30000
574,2025-09-20,14:42,1,3,95000,285000
575,2025-09-20,13:31,1,5,95000,475000
576,2025-09-20,11:13,2,4,95000,380000
577,2025-09-20,19:32,2,1,95000,95000
578,2025-09-20,13:07,3,6,72000,432000
579,2025-09-20,17:37,4,6,62000,372000
580,2025-09-20,17:19,5,9,36000,324000
581,2025-09-20,13:38,6,16,18000,288000
582,2025-09-20,10:19,7,11,17000,187000
583,2025-09-20,11:20,8,9,5000,45000
584,2025-09-20,08:00,8,17,5000,85000
585,2025-09-20,14:47,8,18,5000,90000
586,2025-09-20,09:24,9,39,4000,156000
587,2025-09-20,10:32,10,24,2000,48000
588,2025-09-20,17:51,11,4,12000,48000
589,2025-09-20,13:55,12,10,5000,50000
590,2025-09-20,07:29,13,14,1500,21000
591,2025-09-20,21:04,13,12,1500,18000
592,2025-09-20,16:25,14,14,30000,420000
593,2025-09-20,18:40,14,3,30000,90000
594,2025-09-20,08:25,15,19,31000,589000
595,2025-09-20,12:10,16,19,2500,47500
596,2025-09-20,20:44,17,1,16000,16000
597,2025-09-20,21:23,17,1,16000,16000
598,2025-09-20,20:06,18,8,3500,28000
599,2025-09-20,16:25,19,13,5500,71500
600,2025-09-20,13:55,20,7,10000,70000
601,2025-09-21,12:14,1,5,95000,475000
602,2025-09-21,09:04,2,5,95000,475000
603,2025-09-21,08:33,3,14,72000,1008000
604,2025-09-21,21:49,4,7,62000,434000
605,2025-09-21,18:52,5,10,36000,360000
606,2025-09-21,10:06,6,5,18000,90000
607,2025-09-21,09:16,6,13,18000,234000
608,2025-09-21,16:09,7,7,17000,119000
609,2025-09-21,08:11,8,21,5000,105000
610,2025-09-21,19:40,8,4,5000,20000
611,2025-09-21,19:36,9,31,4000,124000
612,2025-09-21,17:59,10,29,2000,58000
613,2025-09-21,21:36,10,5,2000,10000
614,2025-09-21,12:55,11,5,12000,60000
615,2025-09-21,17:20,11,3,12000,36000
616,2025-09-21,08:30,12,5,5000,25000
617,2025-09-21,11:50,13,24,1500,36000
618,2025-09-21,07:22,14,15,30000,450000
619,2025-09-21,11:29,15,16,31000,496000
620,2025-09-21,07:23,16,17,2500,42500
621,2025-09-21,17:55,17,1,16000,16000
622,2025-09-21,20:05,17,7,16000,112000
623,2025-09-21,13:29,18,5,3500,17500
624,2025-09-21,16:35,18,1,3500,3500
625,2025-09-21,21:51,19,2,5500,11000
626,2025-09-21,16:41,19,15,5500,82500
627,2025-09-21,10:20,19,2,5500,11000
628,2025-09-21,07:28,20,2,10000,20000
629,2025-09-21,08:51,20,3,10000,30000
630,2025-09-22,18:05,1,6,95000,570000
631,2025-09-22,15:41,1,6,95000,570000
632,2025-09-22,10:45,2,8,95000,760000
633,2025-09-22,14:33,3,11,72000,792000
634,2025-09-22,09:23,4,9,62000,558000
635,2025-09-22,11:24,5,11,36000,396000
636,2025-09-22,12:43,6,19,18000,342000
637,2025-09-22,19:40,7,6,17000,102000
638,2025-09-22,12:06,8,3,5000,15000
639,2025-09-22,15:43,8,19,5000,95000
640,2025-09-22,11:46,9,28,4000,112000
641,2025-09-22,20:09,10,10,2000,20000
642,2025-09-22,12:05,10,1,2000,2000
643,2025-09-22,09:58,11,3,12000,36000
644,2025-09-22,17:44,12,3,5000,15000
645,2025-09-22,16:45,13,5,1500,7500
646,2025-09-22,08:19,13,22,1500,33000
647,2025-09-22,17:50,14,10,30000,300000
648,2025-09-22,09:42,15,19,31000,589000
649,2025-09-22,08:41,16,17,2500,42500
650,2025-09-22,17:27,16,3,2500,7500
651,2025-09-22,07:23,17,6,16000,96000
652,2025-09-22,10:21,18,3,3500,10500
653,2025-09-22,10:08,19,2,5500,11000
654,2025-09-22,09:04,19,1,5500,5500
655,2025-09-22,11:54,19,1,5500,5500
656,2025-09-22,19:34,20,3,10000,30000
657,2025-09-22,20:47,20,1,10000,10000
658,2025-09-23,17:21,1,1,95000,95000
659,2025-09-23,21:49,1,7,95000,665000
660,2025-09-23,13:09,2,3,95000,285000
661,2025-09-23,09:11,2,1,95000,95000
662,2025-09-23,18:28,3,2,72000,144000
663,2025-09-23,07:26,3,3,72000,216000
664,2025-09-23,18:15,4,6,62000,372000
665,2025-09-23,10:34,5,3,36000,108000
666,2025-09-23,10:19,5,2,36000,72000
667,2025-09-23,19:50,5,1,36000,36000
668,2025-09-23,20:12,6,16,18000,288000
669,2025-09-23,16:28,7,9,17000,153000
670,2025-09-23,11:49,8,12,5000,60000
671,2025-09-23,15:26,9,18,4000,72000
672,2025-09-23,19:38,10,14,2000,28000
673,2025-09-23,09:55,10,1,2000,2000
674,2025-09-23,11:03,10,2,2000,4000
675,2025-09-23,15:59,11,3,12000,36000
676,2025-09-23,08:45,11,2,12000,24000
677,2025-09-23,11:05,12,2,5000,10000
678,2025-09-23,19:10,12,8,5000,40000
679,2025-09-23,21:32,13,22,1500,33000
680,2025-09-23,13:05,14,9,30000,270000
681,2025-09-23,21:22,15,4,31000,124000
682,2025-09-23,21:01,15,8,31000,248000
683,2025-09-23,13:03,15,1,31000,31000
684,2025-09-23,12:15,16,15,2500,37500
685,2025-09-23,08:23,17,3,16000,48000
686,2025-09-23,12:59,18,4,3500,14000
687,2025-09-23,18:41,19,8,5500,44000
688,2025-09-23,09:08,20,3,10000,30000
689,2025-09-24,21:53,1,12,95000,1140000
690,2025-09-24,20:08,2,5,95000,475000
691,2025-09-24,14:39,3,8,72000,576000
692,2025-09-24,07:57,3,1,72000,72000
693,2025-09-24,11:13,4,7,62000,434000
694,2025-09-24,08:49,5,7,36000,252000
695,2025-09-24,11:15,5,2,36000,72000
696,2025-09-24,07:15,6,13,18000,234000
697,2025-09-24,19:39,7,10,17000,170000
698,2025-09-24,08:53,8,22,5000,110000
699,2025-09-24,18:09,9,1,4000,4000
700,2025-09-24,11:27,9,8,4000,32000
701,2025-09-24,07:39,9,9,4000,36000
702,2025-09-24,16:26,10,20,2000,40000
703,2025-09-24,17:05,11,5,12000,60000
704,2025-09-24,12:04,12,2,5000,10000
705,2025-09-24,20:30,13,1,1500,1500
706,2025-09-24,07:40,13,13,1500,19500
707,2025-09-24,13:23,13,4,1500,6000
708,2025-09-24,07:22,14,11,30000,330000
709,2025-09-24,10:46,15,12,31000,372000
710,2025-09-24,17:40,15,7,31000,217000
711,2025-09-24,16:47,16,18,2500,45000
712,2025-09-24,07:22,17,1,16000,16000
713,2025-09-24,15:21,17,3,16000,48000
714,2025-09-24,20:49,18,2,3500,7000
715,2025-09-24,17:29,18,4,3500,14000
716,2025-09-24,09:51,19,16,5500,88000
717,2025-09-24,09:04,19,3,5500,16500
718,2025-09-24,18:49,19,1,5500,5500
719,2025-09-24,10:02,20,1,10000,10000
720,2025-09-24,19:12,20,3,10000,30000
721,2025-09-24,21:02,20,2,10000,20000
722,2025-09-25,11:32,1,7,95000,665000
723,2025-09-25,20:34,2,3,95000,285000
724,2025-09-25,07:48,3,7,72000,504000
725,2025-09-25,12:55,4,3,62000,186000
726,2025-09-25,19:03,4,4,62000,248000
727,2025-09-25,11:07,5,3,36000,108000
728,2025-09-25,19:23,5,5,36000,180000
729,2025-09-25,13:47,6,8,18000,144000
730,2025-09-25,13:21,7,7,17000,119000
731,2025-09-25,12:59,8,8,5000,40000
732,2025-09-25,19:33,8,2,5000,10000
733,2025-09-25,11:51,8,1,5000,5000
734,2025-09-25,13:05,9,33,4000,132000
735,2025-09-25,20:11,10,31,2000,62000
736,2025-09-25,12:06,11,5,12000,60000
737,2025-09-25,17:18,12,11,5000,55000
738,2025-09-25,16:45,13,30,1500,45000
739,2025-09-25,18:28,14,5,30000,150000
740,2025-09-25,07:46,15,19,31000,589000
741,2025-09-25,16:27,16,12,2500,30000
742,2025-09-25,11:40,16,11,2500,27500
743,2025-09-25,17:40,17,1,16000,16000
744,2025-09-25,13:23,17,1,16000,16000
745,2025-09-25,15:51,17,1,16000,16000
746,2025-09-25,07:09,18,2,3500,7000
747,2025-09-25,20:38,18,3,3500,10500
748,2025-09-25,07:08,19,4,5500,22000
749,2025-09-25,08:15,19,2,5500,11000
750,2025-09-25,12:24,20,1,10000,10000
751,2025-09-25,16:02,20,1,10000,10000
752,2025-09-26,12:23,1,8,95000,760000
753,2025-09-26,14:48,1,2,95000,190000
754,2025-09-26,09:33,2,8,95000,760000
755,2025-09-26,12:41,3,7,72000,504000
756,2025-09-26,08:01,4,8,62000,496000
757,2025-09-26,15:24,5,4,36000,144000
758,2025-09-26,21:35,5,4,36000,144000
759,2025-09-26,19:16,6,11,18000,198000
760,2025-09-26,16:18,7,2,17000,34000
761,2025-09-26,18:58,7,5,17000,85000
762,2025-09-26,09:54,8,4,5000,20000
763,2025-09-26,08:28,8,1,5000,5000
764,2025-09-26,09:57,8,7,5000,35000
765,2025-09-26,19:43,9,3,4000,12000
766,2025-09-26,20:20,9,19,4000,76000
767,2025-09-26,15:34,10,3,2000,6000
768,2025-09-26,11:57,10,15,2000,30000
769,2025-09-26,09:45,11,6,12000,72000
770,2025-09-26,17:11,12,6,5000,30000
771,2025-09-26,19:23,12,1,5000,5000
772,2025-09-26,08:12,13,28,1500,42000
773,2025-09-26,19:31,14,2,30000,60000
774,2025-09-26,07:23,14,3,30000,90000
775,2025-09-26,12:29,15,13,31000,403000
776,2025-09-26,09:39,16,18,2500,45000
777,2025-09-26,21:05,16,6,2500,15000
778,2025-09-26,13:45,17,4,16000,64000
779,2025-09-26,13:49,18,3,3500,10500
780,2025-09-26,13:52,18,1,3500,3500
781,2025-09-26,09:20,19,10,5500,55000
782,2025-09-26,14:43,20,4,10000,40000
783,2025-09-26,15:22,20,2,10000,20000
784,2025-09-27,20:49,1,5,95000,475000
785,2025-09-27,16:11,2,7,95000,665000
786,2025-09-27,13:32,3,3,72000,216000
787,2025-09-27,21:55,3,9,72000,648000
788,2025-09-27,08:33,4,9,62000,558000
789,2025-09-27,09:10,5,9,36000,324000
790,2025-09-27,18:14,6,7,18000,126000
791,2025-09-27,15:57,7,6,17000,102000
792,2025-09-27,08:16,8,27,5000,135000
793,2025-09-27,15:17,9,33,4000,132000
794,2025-09-27,11:39,10,21,2000,42000
795,2025-09-27,15:41,11,8,12000,96000
796,2025-09-27,16:09,12,4,5000,20000
797,2025-09-27,16:46,13,38,1500,57000
798,2025-09-27,20:55,14,2,30000,60000
799,2025-09-27,07:05,14,1,30000,30000
800,2025-09-27,07:41,14,2,30000,60000
801,2025-09-27,17:13,15,5,31000,155000
802,2025-09-27,19:36,15,8,31000,248000
803,2025-09-27,17:01,16,23,2500,57500
804,2025-09-27,17:34,17,3,16000,48000
805,2025-09-27,11:30,18,5,3500,17500
806,2025-09-27,19:43,19,18,5500,99000
807,2025-09-27,14:04,20,4,10000,40000
808,2025-09-28,14:26,1,3,95000,285000
809,2025-09-28,14:29,1,11,95000,1045000
810,2025-09-28,16:09,2,3,95000,285000
811,2025-09-28,18:20,3,16,72000,1152000
812,2025-09-28,13:08,4,6,62000,372000
813,2025-09-28,19:23,4,5,62000,310000
814,2025-09-28,08:20,5,4,36000,144000
815,2025-09-28,08:17,6,11,18000,198000
816,2025-09-28,09:06,7,12,17000,204000
817,2025-09-28,13:55,8,25,5000,125000
818,2025-09-28,20:57,9,16,4000,64000
819,2025-09-28,09:52,9,18,4000,72000
820,2025-09-28,16:46,10,24,2000,48000
821,2025-09-28,19:10,11,7,12000,84000
822,2025-09-28,15:29,12,8,5000,40000
823,2025-09-28,11:31,13,50,1500,75000
824,2025-09-28,13:32,14,11,30000,330000
825,2025-09-28,10:13,15,16,31000,496000
826,2025-09-28,07:03,16,20,2500,50000
827,2025-09-28,16:56,17,4,16000,64000
828,2025-09-28,11:34,18,4,3500,14000
829,2025-09-28,07:54,18,1,3500,3500
830,2025-09-28,09:56,19,15,5500,82500
831,2025-09-28,12:48,20,4,10000,40000
832,2025-09-29,07:25,1,8,95000,760000
833,2025-09-29,15:12,2,8,95000,760000
834,2025-09-29,11:04,3,14,72000,1008000
835,2025-09-29,14:48,4,6,62000,372000
836,2025-09-29,20:39,5,13,36000,468000
837,2025-09-29,09:06,6,2,18000,36000
838,2025-09-29,13:23,6,10,18000,180000
839,2025-09-29,15:23,7,2,17000,34000
840,2025-09-29,19:09,7,2,17000,34000
841,2025-09-29,15:25,8,11,5000,55000
842,2025-09-29,07:02,9,9,4000,36000
843,2025-09-29,12:51,10,22,2000,44000
844,2025-09-29,14:09,11,6,12000,72000
845,2025-09-29,09:20,12,9,5000,45000
846,2025-09-29,21:39,12,3,5000,15000
847,2025-09-29,13:39,13,32,1500,48000
848,2025-09-29,16:21,14,3,30000,90000
849,2025-09-29,15:53,14,4,30000,120000
850,2025-09-29,14:45,15,17,31000,527000
851,2025-09-29,14:52,16,6,2500,15000
852,2025-09-29,12:43,17,4,16000,64000
853,2025-09-29,13:37,18,7,3500,24500
854,2025-09-29,21:46,19,4,5500,22000
855,2025-09-29,16:30,20,1,10000,10000
856,2025-09-29,11:41,20,5,10000,50000
857,2025-09-30,16:36,1,7,95000,665000
858,2025-09-30,10:46,1,1,95000,95000
859,2025-09-30,14:10,2,4,95000,380000
860,2025-09-30,18:39,3,13,72000,936000
861,2025-09-30,09:52,4,7,62000,434000
862,2025-09-30,17:15,4,4,62000,248000
863,2025-09-30,18:07,5,10,36000,360000
864,2025-09-30,14:20,6,15,18000,270000
865,2025-09-30,13:44,7,7,17000,119000
866,2025-09-30,15:49,8,12,5000,60000
867,2025-09-30,20:54,9,16,4000,64000
868,2025-09-30,18:46,9,11,4000,44000
869,2025-09-30,09:33,10,18,2000,36000
870,2025-09-30,12:42,11,6,12000,72000
871,2025-09-30,13:20,12,6,5000,30000
872,2025-09-30,15:22,13,15,1500,22500
873,2025-09-30,17:49,13,11,1500,16500
874,2025-09-30,20:46,13,7,1500,10500
875,2025-09-30,18:16,14,7,30000,210000
876,2025-09-30,16:30,14,1,30000,30000
877,2025-09-30,10:17,15,18,31000,558000
878,2025-09-30,10:19,16,16,2500,40000
879,2025-09-30,18:45,17,1,16000,16000
880,2025-09-30,14:20,17,2,16000,32000
881,2025-09-30,15:59,18,4,3500,14000
882,2025-09-30,11:07,19,6,5500,33000
883,2025-09-30,16:43,19,1,5500,5500
884,2025-09-30,15:24,19,1,5500,5500
885,2025-09-30,20:22,20,4,10000,40000
886,2025-09-30,19:51,20,1,10000,10000
887,2025-10-01,07:18,1,11,95000,1045000
888,2025-10-01,21:28,2,1,95000,95000
889,2025-10-01,17:16,2,1,95000,95000
890,2025-10-01,18:30,2,1,95000,95000
891,2025-10-01,20:34,3,16,72000,1152000
892,2025-10-01,15:44,4,11,62000,682000
893,2025-10-01,08:39,5,12,36000,432000
894,2025-10-01,10:03,6,8,18000,144000
895,2025-10-01,17:57,6,17,18000,306000
896,2025-10-01,17:14,7,8,17000,136000
897,2025-10-01,13:21,8,11,5000,55000
898,2025-10-01,17:49,9,2,4000,8000
899,2025-10-01,09:00,9,9,4000,36000
900,2025-10-01,17:59,10,11,2000,22000
901,2025-10-01,21:56,10,14,2000,28000
902,2025-10-01,14:30,10,16,2000,32000
903,2025-10-01,11:20,11,7,12000,84000
904,2025-10-01,11:41,11,1,12000,12000
905,2025-10-01,19:05,12,9,5000,45000
906,2025-10-01,15:47,13,15,1500,22500
907,2025-10-01,18:54,13,21,1500,31500
908,2025-10-01,21:53,14,1,30000,30000
909,2025-10-01,09:59,14,2,30000,60000
910,2025-10-01,21:02,14,2,30000,60000
911,2025-10-01,09:59,15,13,31000,403000
912,2025-10-01,18:55,15,8,31000,248000
913,2025-10-01,21:18,15,4,31000,124000
914,2025-10-01,11:36,16,1,2500,2500
915,2025-10-01,16:06,16,22,2500,55000
916,2025-10-01,14:41,17,2,16000,32000
917,2025-10-01,15:33,17,1,16000,16000
918,2025-10-01,14:56,17,1,16000,16000
919,2025-10-01,11:12,18,5,3500,17500
920,2025-10-01,19:07,18,2,3500,7000
921,2025-10-01,12:10,18,1,3500,3500
922,2025-10-01,11:45,19,11,5500,60500
923,2025-10-01,09:00,19,2,5500,11000
924,2025-10-01,16:43,20,3,10000,30000
925,2025-10-01,19:12,20,3,10000,30000
926,2025-10-02,20:40,1,7,95000,665000
927,2025-10-02,15:20,2,4,95000,380000
928,2025-10-02,08:25,2,2,95000,190000
929,2025-10-02,09:30,3,6,72000,432000
930,2025-10-02,12:59,3,14,72000,1008000
931,2025-10-02,11:24,4,11,62000,682000
932,2025-10-02,19:17,5,16,36000,576000
933,2025-10-02,18:36,6,5,18000,90000
934,2025-10-02,07:16,6,5,18000,90000
935,2025-10-02,17:23,6,3,18000,54000
936,2025-10-02,17:07,7,1,17000,17000
937,2025-10-02,14:19,7,6,17000,102000
938,2025-10-02,17:32,8,19,5000,95000
939,2025-10-02,18:07,9,23,4000,92000
940,2025-10-02,17:58,9,1,4000,4000
941,2025-10-02,11:23,9,1,4000,4000
942,2025-10-02,09:30,10,15,2000,30000
943,2025-10-02,09:29,10,23,2000,46000
944,2025-10-02,13:44,11,1,12000,12000
945,2025-10-02,15:58,11,1,12000,12000
946,2025-10-02,15:51,12,13,5000,65000
947,2025-10-02,19:15,13,14,1500,21000
948,2025-10-02,17:48,13,19,1500,28500
949,2025-10-02,19:05,14,7,30000,210000
950,2025-10-02,15:45,15,13,31000,403000
951,2025-10-02,21:36,16,11,2500,27500
952,2025-10-02,20:35,17,6,16000,96000
953,2025-10-02,09:20,18,2,3500,7000
954,2025-10-02,20:33,18,2,3500,7000
955,2025-10-02,14:07,18,3,3500,10500
956,2025-10-02,14:05,19,5,5500,27500
957,2025-10-02,21:32,19,1,5500,5500
958,2025-10-02,07:29,20,3,10000,30000
959,2025-10-03,13:29,1,8,95000,760000
960,2025-10-03,15:29,2,9,95000,855000
961,2025-10-03,18:01,3,5,72000,360000
962,2025-10-03,13:16,3,7,72000,504000
963,2025-10-03,10:37,4,3,62000,186000
964,2025-10-03,08:02,4,1,62000,62000
965,2025-10-03,18:04,5,10,36000,360000
966,2025-10-03,07:59,6,14,18000,252000
967,2025-10-03,07:18,7,2,17000,34000
968,2025-10-03,13:11,7,1,17000,17000
969,2025-10-03,12:57,8,14,5000,70000
970,2025-10-03,13:28,8,6,5000,30000
971,2025-10-03,13:05,9,13,4000,52000
972,2025-10-03,17:42,9,10,4000,40000
973,2025-10-03,17:55,10,9,2000,18000
974,2025-10-03,12:07,10,25,2000,50000
975,2025-10-03,15:25,11,11,12000,132000
976,2025-10-03,18:14,12,12,5000,60000
977,2025-10-03,07:19,13,25,1500,37500
978,2025-10-03,14:43,13,7,1500,10500
979,2025-10-03,15:24,14,4,30000,120000
980,2025-10-03,20:14,14,1,30000,30000
981,2025-10-03,12:09,15,26,31000,806000
982,2025-10-03,21:56,16,23,2500,57500
983,2025-10-03,07:51,17,1,16000,16000
984,2025-10-03,17:26,17,3,16000,48000
985,2025-10-03,10:13,18,1,3500,3500
986,2025-10-03,08:06,18,5,3500,17500
987,2025-10-03,14:38,19,12,5500,66000
988,2025-10-03,10:47,20,1,10000,10000
989,2025-10-03,07:25,20,4,10000,40000
990,2025-10-04,15:13,1,10,95000,950000
991,2025-10-04,09:32,2,1,95000,95000
992,2025-10-04,11:14,2,5,95000,475000
993,2025-10-04,16:20,3,12,72000,864000
994,2025-10-04,16:38,3,4,72000,288000
995,2025-10-04,10:19,4,3,62000,186000
996,2025-10-04,21:09,4,4,62000,248000
997,2025-10-04,11:17,5,4,36000,144000
998,2025-10-04,07:35,5,4,36000,144000
999,2025-10-04,16:56,5,2,36000,72000
1000,2025-10-04,17:43,6,6,18000,108000
1001,2025-10-04,13:35,6,12,18000,216000
1002,2025-10-04,12:41,7,11,17000,187000
1003,2025-10-04,12:44,8,34,5000,170000
1004,2025-10-04,13:26,8,13,5000,65000
1005,2025-10-04,13:11,9,7,4000,28000
1006,2025-10-04,10:54,10,31,2000,62000
1007,2025-10-04,10:19,10,14,2000,28000
1008,2025-10-04,19:29,11,3,12000,36000
1009,2025-10-04,21:03,11,8,12000,96000
1010,2025-10-04,13:35,12,3,5000,15000
1011,2025-10-04,13:15,13,41,1500,61500
1012,2025-10-04,12:41,14,10,30000,300000
1013,2025-10-04,14:54,15,13,31000,403000
1014,2025-10-04,15:46,16,20,2500,50000
1015,2025-10-04,11:24,17,1,16000,16000
1016,2025-10-04,17:38,17,2,16000,32000
1017,2025-10-04,10:51,18,2,3500,7000
1018,2025-10-04,19:37,18,9,3500,31500
1019,2025-10-04,10:30,19,18,5500,99000
1020,2025-10-04,10:55,19,3,5500,16500
1021,2025-10-04,10:59,20,3,10000,30000
1022,2025-10-04,10:47,20,1,10000,10000
1023,2025-10-04,08:47,20,4,10000,40000
1024,2025-10-05,18:38,1,8,95000,760000
1025,2025-10-05,18:13,1,2,95000,190000
1026,2025-10-05,13:58,1,5,95000,475000
1027,2025-10-05,12:49,2,4,95000,380000
1028,2025-10-05,14:34,3,14,72000,1008000
1029,2025-10-05,11:23,4,5,62000,310000
1030,2025-10-05,15:56,4,5,62000,310000
1031,2025-10-05,08:51,5,9,36000,324000
1032,2025-10-05,21:13,6,16,18000,288000
1033,2025-10-05,12:20,6,3,18000,54000
1034,2025-10-05,13:02,6,2,18000,36000
1035,2025-10-05,10:47,7,11,17000,187000
1036,2025-10-05,11:35,8,26,5000,130000
1037,2025-10-05,13:18,9,38,4000,152000
1038,2025-10-05,09:12,9,3,4000,12000
1039,2025-10-05,12:14,9,1,4000,4000
1040,2025-10-05,20:15,10,39,2000,78000
1041,2025-10-05,17:43,11,6,12000,72000
1042,2025-10-05,19:52,12,13,5000,65000
1043,2025-10-05,18:41,13,32,1500,48000
1044,2025-10-05,09:46,14,8,30000,240000
1045,2025-10-05,19:22,14,6,30000,180000
1046,2025-10-05,18:34,15,20,31000,620000
1047,2025-10-05,21:56,16,23,2500,57500
1048,2025-10-05,17:03,17,6,16000,96000
1049,2025-10-05,20:54,18,4,3500,14000
1050,2025-10-05,20:42,19,21,5500,115500
1051,2025-10-05,07:26,20,5,10000,50000
1052,2025-10-06,17:14,1,6,95000,570000
1053,2025-10-06,09:00,2,6,95000,570000
1054,2025-10-06,14:23,3,9,72000,648000
1055,2025-10-06,17:42,4,4,62000,248000
1056,2025-10-06,07:00,5,4,36000,144000
1057,2025-10-06,15:35,5,1,36000,36000
1058,2025-10-06,13:00,5,1,36000,36000
1059,2025-10-06,18:17,6,16,18000,288000
1060,2025-10-06,11:01,7,6,17000,102000
1061,2025-10-06,18:43,8,29,5000,145000
1062,2025-10-06,21:11,9,8,4000,32000
1063,2025-10-06,08:33,10,37,2000,74000
1064,2025-10-06,10:39,11,6,12000,72000
1065,2025-10-06,20:22,12,7,5000,35000
1066,2025-10-06,13:05,13,25,1500,37500
1067,2025-10-06,13:29,14,9,30000,270000
1068,2025-10-06,18:14,15,14,31000,434000
1069,2025-10-06,20:54,16,26,2500,65000
1070,2025-10-06,20:41,17,4,16000,64000
1071,2025-10-06,13:24,18,1,3500,3500
1072,2025-10-06,13:35,18,5,3500,17500
1073,2025-10-06,17:00,19,8,5500,44000
1074,2025-10-06,14:54,20,1,10000,10000
1075,2025-10-06,13:41,20,3,10000,30000
1076,2025-10-07,20:06,1,5,95000,475000
1077,2025-10-07,21:33,1,3,95000,285000
1078,2025-10-07,21:55,2,1,95000,95000
1079,2025-10-07,18:56,2,1,95000,95000
1080,2025-10-07,16:30,2,1,95000,95000
1081,2025-10-07,21:04,3,7,72000,504000
1082,2025-10-07,21:34,4,3,62000,186000
1083,2025-10-07,16:42,4,5,62000,310000
1084,2025-10-07,21:54,5,10,36000,360000
1085,2025-10-07,10:37,6,13,18000,234000
1086,2025-10-07,20:45,7,9,17000,153000
1087,2025-10-07,11:10,8,3,5000,15000
1088,2025-10-07,16:15,8,17,5000,85000
1089,2025-10-07,20:24,9,18,4000,72000
1090,2025-10-07,12:24,10,18,2000,36000
1091,2025-10-07,19:47,10,1,2000,2000
1092,2025-10-07,18:46,11,6,12000,72000
1093,2025-10-07,18:22,12,5,5000,25000
1094,2025-10-07,13:14,13,33,1500,49500
1095,2025-10-07,16:49,14,2,30000,60000
1096,2025-10-07,16:38,14,1,30000,30000
1097,2025-10-07,19:20,15,18,31000,558000
1098,2025-10-07,11:50,16,22,2500,55000
1099,2025-10-07,12:35,17,2,16000,32000
1100,2025-10-07,13:27,17,1,16000,16000
1101,2025-10-07,09:43,17,1,16000,16000
1102,2025-10-07,13:05,18,7,3500,24500
1103,2025-10-07,19:15,19,5,5500,27500
1104,2025-10-07,18:04,19,10,5500,55000
1105,2025-10-07,09:24,20,6,10000,60000
1106,2025-10-08,18:24,1,1,95000,95000
1107,2025-10-08,12:23,1,2,95000,190000
1108,2025-10-08,07:19,2,2,95000,190000
1109,2025-10-08,19:17,3,10,72000,720000
1110,2025-10-08,08:11,4,7,62000,434000
1111,2025-10-08,15:35,5,11,36000,396000
1112,2025-10-08,08:01,6,10,18000,180000
1113,2025-10-08,15:05,7,9,17000,153000
1114,2025-10-08,19:20,8,13,5000,65000
1115,2025-10-08,11:26,9,1,4000,4000
1116,2025-10-08,13:49,9,16,4000,64000
1117,2025-10-08,21:35,10,14,2000,28000
1118,2025-10-08,17:24,11,1,12000,12000
1119,2025-10-08,09:08,11,1,12000,12000
1120,2025-10-08,11:19,11,2,12000,24000
1121,2025-10-08,09:04,12,4,5000,20000
1122,2025-10-08,11:26,13,22,1500,33000
1123,2025-10-08,19:04,14,10,30000,300000
1124,2025-10-08,10:46,15,12,31000,372000
1125,2025-10-08,14:06,16,13,2500,32500
1126,2025-10-08,09:19,16,22,2500,55000
1127,2025-10-08,13:21,17,4,16000,64000
1128,2025-10-08,19:55,18,4,3500,14000
1129,2025-10-08,12:28,18,2,3500,7000
1130,2025-10-08,20:52,19,6,5500,33000
1131,2025-10-08,09:19,20,5,10000,50000
1132,2025-10-08,12:38,20,1,10000,10000
1133,2025-10-09,12:11,1,2,95000,190000
1134,2025-10-09,13:20,1,2,95000,190000
1135,2025-10-09,11:47,1,2,95000,190000
1136,2025-10-09,16:50,2,4,95000,380000
1137,2025-10-09,10:20,2,1,95000,95000
1138,2025-10-09,20:50,3,19,72000,1368000
1139,2025-10-09,08:59,4,6,62000,372000
1140,2025-10-09,16:34,5,12,36000,432000
1141,2025-10-09,19:35,6,11,18000,198000
1142,2025-10-09,18:29,7,8,17000,136000
1143,2025-10-09,19:18,8,7,5000,35000
1144,2025-10-09,20:44,8,15,5000,75000
1145,2025-10-09,08:52,8,7,5000,35000
1146,2025-10-09,17:31,9,14,4000,56000
1147,2025-10-09,09:40,9,3,4000,12000
1148,2025-10-09,11:42,10,38,2000,76000
1149,2025-10-09,13:50,11,7,12000,84000
1150,2025-10-09,14:38,12,6,5000,30000
1151,2025-10-09,13:34,13,34,1500,51000
1152,2025-10-09,21:55,14,10,30000,300000
1153,2025-10-09,07:50,15,9,31000,279000
1154,2025-10-09,12:44,15,7,31000,217000
1155,2025-10-09,16:40,16,9,2500,22500
1156,2025-10-09,21:05,16,1,2500,2500
1157,2025-10-09,10:42,17,2,16000,32000
1158,2025-10-09,17:39,18,2,3500,7000
1159,2025-10-09,07:36,18,3,3500,10500
1160,2025-10-09,19:21,19,6,5500,33000
1161,2025-10-09,19:27,19,2,5500,11000
1162,2025-10-09,08:00,19,1,5500,5500
1163,2025-10-09,10:32,20,5,10000,50000
1164,2025-10-10,16:44,1,5,95000,475000
1165,2025-10-10,16:14,1,3,95000,285000
1166,2025-10-10,13:29,2,2,95000,190000
1167,2025-10-10,18:32,3,10,72000,720000
1168,2025-10-10,09:22,3,3,72000,216000
1169,2025-10-10,11:26,4,4,62000,248000
1170,2025-10-10,21:05,4,1,62000,62000
1171,2025-10-10,08:53,4,3,62000,186000
1172,2025-10-10,11:21,5,3,36000,108000
1173,2025-10-10,14:50,5,3,36000,108000
1174,2025-10-10,10:33,5,5,36000,180000
1175,2025-10-10,14:06,6,18,18000,324000
1176,2025-10-10,18:28,7,10,17000,170000
1177,2025-10-10,11:02,8,20,5000,100000
1178,2025-10-10,07:54,9,4,4000,16000
1179,2025-10-10,12:41,9,17,4000,68000
1180,2025-10-10,19:10,10,12,2000,24000
1181,2025-10-10,09:35,11,2,12000,24000
1182,2025-10-10,09:21,11,3,12000,36000
1183,2025-10-10,15:27,11,1,12000,12000
1184,2025-10-10,17:11,12,2,5000,10000
1185,2025-10-10,09:40,12,4,5000,20000
1186,2025-10-10,17:27,12,2,5000,10000
1187,2025-10-10,18:39,13,32,1500,48000
1188,2025-10-10,16:27,14,2,30000,60000
1189,2025-10-10,13:00,14,2,30000,60000
1190,2025-10-10,11:48,15,4,31000,124000
1191,2025-10-10,18:51,15,7,31000,217000
1192,2025-10-10,08:51,16,19,2500,47500
1193,2025-10-10,20:34,16,7,2500,17500
1194,2025-10-10,12:12,17,3,16000,48000
1195,2025-10-10,11:42,18,7,3500,24500
1196,2025-10-10,17:20,19,9,5500,49500
1197,2025-10-10,16:24,19,1,5500,5500
1198,2025-10-10,12:22,20,1,10000,10000
1199,2025-10-10,20:29,20,4,10000,40000
1200,2025-10-11,18:51,1,11,95000,1045000
1201,2025-10-11,11:58,1,3,95000,285000
1202,2025-10-11,17:08,2,1,95000,95000
1203,2025-10-11,12:07,2,4,95000,380000
1204,2025-10-11,08:11,3,14,72000,1008000
1205,2025-10-11,09:32,4,6,62000,372000
1206,2025-10-11,16:08,5,10,36000,360000
1207,2025-10-11,13:11,6,13,18000,234000
1208,2025-10-11,15:44,7,11,17000,187000
1209,2025-10-11,09:31,8,6,5000,30000
1210,2025-10-11,11:08,8,9,5000,45000
1211,2025-10-11,09:20,8,7,5000,35000
1212,2025-10-11,07:55,9,40,4000,160000
1213,2025-10-11,12:00,9,2,4000,8000
1214,2025-10-11,10:52,10,21,2000,42000
1215,2025-10-11,15:32,11,6,12000,72000
1216,2025-10-11,17:31,12,4,5000,20000
1217,2025-10-11,13:45,12,3,5000,15000
1218,2025-10-11,09:05,13,32,1500,48000
1219,2025-10-11,16:01,13,21,1500,31500
1220,2025-10-11,11:02,14,4,30000,120000
1221,2025-10-11,11:14,14,7,30000,210000
1222,2025-10-11,09:49,15,19,31000,589000
1223,2025-10-11,18:49,16,12,2500,30000
1224,2025-10-11,16:07,17,1,16000,16000
1225,2025-10-11,11:49,17,4,16000,64000
1226,2025-10-11,12:34,18,7,3500,24500
1227,2025-10-11,19:46,19,1,5500,5500
1228,2025-10-11,14:34,19,13,5500,71500
1229,2025-10-11,13:06,20,7,10000,70000
1230,2025-10-12,11:55,1,4,95000,380000
1231,2025-10-12,07:28,1,5,95000,475000
1232,2025-10-12,20:52,2,9,95000,855000
1233,2025-10-12,20:07,3,22,72000,1584000
1234,2025-10-12,10:51,4,2,62000,124000
1235,2025-10-12,18:37,4,4,62000,248000
1236,2025-10-12,09:39,5,7,36000,252000
1237,2025-10-12,09:50,5,3,36000,108000
1238,2025-10-12,10:51,6,22,18000,396000
1239,2025-10-12,12:34,7,15,17000,255000
1240,2025-10-12,15:10,8,22,5000,110000
1241,2025-10-12,18:18,9,26,4000,104000
1242,2025-10-12,11:54,10,27,2000,54000
1243,2025-10-12,21:43,11,3,12000,36000
1244,2025-10-12,19:50,12,2,5000,10000
1245,2025-10-12,13:58,12,4,5000,20000
1246,2025-10-12,11:55,13,29,1500,43500
1247,2025-10-12,20:08,14,6,30000,180000
1248,2025-10-12,10:09,14,1,30000,30000
1249,2025-10-12,10:48,15,14,31000,434000
1250,2025-10-12,20:43,15,1,31000,31000
1251,2025-10-12,09:36,16,24,2500,60000
1252,2025-10-12,13:24,17,6,16000,96000
1253,2025-10-12,14:04,17,2,16000,32000
1254,2025-10-12,13:32,18,1,3500,3500
1255,2025-10-12,18:17,18,3,3500,10500
1256,2025-10-12,14:31,19,12,5500,66000
1257,2025-10-12,12:37,19,6,5500,33000
1258,2025-10-12,19:54,20,5,10000,50000
1259,2025-10-13,14:40,1,6,95000,570000
1260,2025-10-13,17:44,1,1,95000,95000
1261,2025-10-13,08:50,2,6,95000,570000
1262,2025-10-13,10:27,3,8,72000,576000
1263,2025-10-13,11:20,4,4,62000,248000
1264,2025-10-13,20:18,4,3,62000,186000
1265,2025-10-13,16:08,5,10,36000,360000
1266,2025-10-13,14:50,6,16,18000,288000
1267,2025-10-13,17:48,7,9,17000,153000
1268,2025-10-13,08:40,8,33,5000,165000
1269,2025-10-13,07:07,9,15,4000,60000
1270,2025-10-13,21:54,9,2,4000,8000
1271,2025-10-13,14:00,10,21,2000,42000
1272,2025-10-13,18:58,11,2,12000,24000
1273,2025-10-13,09:56,11,1,12000,12000
1274,2025-10-13,17:19,11,1,12000,12000
1275,2025-10-13,21:56,12,6,5000,30000
1276,2025-10-13,17:23,13,25,1500,37500
1277,2025-10-13,12:42,14,11,30000,330000
1278,2025-10-13,13:40,15,6,31000,186000
1279,2025-10-13,11:46,15,1,31000,31000
1280,2025-10-13,18:48,15,12,31000,372000
1281,2025-10-13,17:05,16,16,2500,40000
1282,2025-10-13,10:30,17,1,16000,16000
1283,2025-10-13,08:08,17,1,16000,16000
1284,2025-10-13,15:43,18,6,3500,21000
1285,2025-10-13,07:44,19,8,5500,44000
1286,2025-10-13,08:55,20,5,10000,50000
1287,2025-10-14,09:30,1,8,95000,760000
1288,2025-10-14,13:05,2,2,95000,190000
1289,2025-10-14,08:20,3,2,72000,144000
1290,2025-10-14,12:56,3,14,72000,1008000
1291,2025-10-14,13:49,4,10,62000,620000
1292,2025-10-14,09:41,5,7,36000,252000
1293,2025-10-14,17:09,5,1,36000,36000
1294,2025-10-14,16:00,6,12,18000,216000
1295,2025-10-14,14:22,7,3,17000,51000
1296,2025-10-14,18:13,7,6,17000,102000
1297,2025-10-14,21:26,8,5,5000,25000
1298,2025-10-14,16:43,8,15,5000,75000
1299,2025-10-14,10:05,9,26,4000,104000
1300,2025-10-14,19:07,10,9,2000,18000
1301,2025-10-14,16:46,10,31,2000,62000
1302,2025-10-14,13:20,11,5,12000,60000
1303,2025-10-14,11:41,12,2,5000,10000
1304,2025-10-14,08:15,12,4,5000,20000
1305,2025-10-14,16:46,13,19,1500,28500
1306,2025-10-14,20:54,14,1,30000,30000
1307,2025-10-14,17:56,14,4,30000,120000
1308,2025-10-14,15:38,15,14,31000,434000
1309,2025-10-14,18:25,16,30,2500,75000
1310,2025-10-14,07:50,17,3,16000,48000
1311,2025-10-14,14:24,18,2,3500,7000
1312,2025-10-14,08:15,18,4,3500,14000
1313,2025-10-14,16:04,19,9,5500,49500
1314,2025-10-14,07:23,20,6,10000,60000
1315,2025-10-15,20:53,1,3,95000,285000
1316,2025-10-15,16:26,1,7,95000,665000
1317,2025-10-15,12:34,1,4,95000,380000
1318,2025-10-15,19:04,2,2,95000,190000
1319,2025-10-15,07:37,2,2,95000,190000
1320,2025-10-15,11:13,3,10,72000,720000
1321,2025-10-15,07:50,4,9,62000,558000
1322,2025-10-15,11:40,5,11,36000,396000
1323,2025-10-15,13:44,6,14,18000,252000
1324,2025-10-15,13:05,6,7,18000,126000
1325,2025-10-15,16:09,7,9,17000,153000
1326,2025-10-15,11:05,7,1,17000,17000
1327,2025-10-15,15:58,8,15,5000,75000
1328,2025-10-15,19:09,9,25,4000,100000
1329,2025-10-15,13:37,10,33,2000,66000
1330,2025-10-15,17:41,11,6,12000,72000
1331,2025-10-15,08:19,11,1,12000,12000
1332,2025-10-15,07:15,12,4,5000,20000
1333,2025-10-15,08:59,12,5,5000,25000
1334,2025-10-15,14:39,13,38,1500,57000
1335,2025-10-15,17:47,14,5,30000,150000
1336,2025-10-15,17:47,14,6,30000,180000
1337,2025-10-15,07:45,15,19,31000,589000
1338,2025-10-15,07:10,16,23,2500,57500
1339,2025-10-15,12:33,17,3,16000,48000
1340,2025-10-15,20:46,18,6,3500,21000
1341,2025-10-15,12:08,19,14,5500,77000
1342,2025-10-15,18:56,20,2,10000,20000
1343,2025-10-15,08:49,20,1,10000,10000
1344,2025-10-16,19:27,1,3,95000,285000
1345,2025-10-16,11:33,1,5,95000,475000
1346,2025-10-16,18:36,2,4,95000,380000
1347,2025-10-16,14:32,3,8,72000,576000
1348,2025-10-16,12:03,3,4,72000,288000
1349,2025-10-16,16:10,4,9,62000,558000
1350,2025-10-16,11:49,5,10,36000,360000
1351,2025-10-16,16:43,6,14,18000,252000
1352,2025-10-16,18:32,7,2,17000,34000
1353,2025-10-16,07:02,7,3,17000,51000
1354,2025-10-16,10:02,8,1,5000,5000
1355,2025-10-16,14:23,8,21,5000,105000
1356,2025-10-16,09:11,9,26,4000,104000
1357,2025-10-16,19:58,10,3,2000,6000
1358,2025-10-16,18:47,10,36,2000,72000
1359,2025-10-16,17:26,10,2,2000,4000
1360,2025-10-16,10:26,11,5,12000,60000
1361,2025-10-16,20:04,12,3,5000,15000
1362,2025-10-16,16:23,12,3,5000,15000
1363,2025-10-16,08:32,12,2,5000,10000
1364,2025-10-16,09:14,13,2,1500,3000
1365,2025-10-16,19:33,13,29,1500,43500
1366,2025-10-16,21:29,14,7,30000,210000
1367,2025-10-16,20:18,14,1,30000,30000
1368,2025-10-16,19:54,14,4,30000,120000
1369,2025-10-16,08:35,15,14,31000,434000
1370,2025-10-16,12:12,16,21,2500,52500
1371,2025-10-16,19:19,17,4,16000,64000
1372,2025-10-16,14:23,18,2,3500,7000
1373,2025-10-16,16:31,18,4,3500,14000
1374,2025-10-16,19:50,19,2,5500,11000
1375,2025-10-16,10:09,19,5,5500,27500
1376,2025-10-16,07:59,19,1,5500,5500
1377,2025-10-16,10:34,20,5,10000,50000
1378,2025-10-17,20:44,1,10,95000,950000
1379,2025-10-17,07:48,2,2,95000,190000
1380,2025-10-17,17:24,2,1,95000,95000
1381,2025-10-17,08:13,3,5,72000,360000
1382,2025-10-17,15:15,3,7,72000,504000
1383,2025-10-17,07:09,4,5,62000,310000
1384,2025-10-17,07:58,5,2,36000,72000
1385,2025-10-17,10:57,5,10,36000,360000
1386,2025-10-17,18:57,6,4,18000,72000
1387,2025-10-17,12:29,6,3,18000,54000
1388,2025-10-17,08:32,7,1,17000,17000
1389,2025-10-17,09:40,7,5,17000,85000
1390,2025-10-17,20:25,7,1,17000,17000
1391,2025-10-17,16:03,8,20,5000,100000
1392,2025-10-17,09:15,9,32,4000,128000
1393,2025-10-17,20:20,10,24,2000,48000
1394,2025-10-17,12:28,11,2,12000,24000
1395,2025-10-17,11:14,11,1,12000,12000
1396,2025-10-17,08:12,11,1,12000,12000
1397,2025-10-17,19:37,12,12,5000,60000
1398,2025-10-17,08:10,13,19,1500,28500
1399,2025-10-17,12:26,14,1,30000,30000
1400,2025-10-17,12:49,15,16,31000,496000
1401,2025-10-17,11:29,16,16,2500,40000
1402,2025-10-17,08:05,17,2,16000,32000
1403,2025-10-17,17:19,18,7,3500,24500
1404,2025-10-17,10:53,19,1,5500,5500
1405,2025-10-17,20:20,19,9,5500,49500
1406,2025-10-17,18:15,20,4,10000,40000
1407,2025-10-18,17:19,1,4,95000,380000
1408,2025-10-18,11:52,1,1,95000,95000
1409,2025-10-18,09:01,1,1,95000,95000
1410,2025-10-18,18:35,2,4,95000,380000
1411,2025-10-18,10:06,2,3,95000,285000
1412,2025-10-18,14:06,2,1,95000,95000
1413,2025-10-18,08:00,3,3,72000,216000
1414,2025-10-18,07:53,3,13,72000,936000
1415,2025-10-18,09:12,4,2,62000,124000
1416,2025-10-18,20:25,4,5,62000,310000
1417,2025-10-18,17:41,5,16,36000,576000
1418,2025-10-18,16:16,6,10,18000,180000
1419,2025-10-18,08:12,7,1,17000,17000
1420,2025-10-18,21:41,7,1,17000,17000
1421,2025-10-18,14:51,7,4,17000,68000
1422,2025-10-18,21:54,8,20,5000,100000
1423,2025-10-18,08:02,9,11,4000,44000
1424,2025-10-18,14:03,9,19,4000,76000
1425,2025-10-18,16:27,10,32,2000,64000
1426,2025-10-18,14:01,11,4,12000,48000
1427,2025-10-18,13:43,11,2,12000,24000
1428,2025-10-18,12:13,12,9,5000,45000
1429,2025-10-18,14:56,13,9,1500,13500
1430,2025-10-18,09:02,13,9,1500,13500
1431,2025-10-18,16:39,13,8,1500,12000
1432,2025-10-18,11:31,14,11,30000,330000
1433,2025-10-18,13:56,14,4,30000,120000
1434,2025-10-18,07:05,15,15,31000,465000
1435,2025-10-18,09:26,16,30,2500,75000
1436,2025-10-18,21:51,17,5,16000,80000
1437,2025-10-18,17:51,18,7,3500,24500
1438,2025-10-18,07:24,19,16,5500,88000
1439,2025-10-18,14:34,20,3,10000,30000
1440,2025-10-18,19:31,20,3,10000,30000
1441,2025-10-19,16:32,1,13,95000,1235000
1442,2025-10-19,11:11,2,9,95000,855000
1443,2025-10-19,16:14,3,15,72000,1080000
1444,2025-10-19,19:49,4,9,62000,558000
1445,2025-10-19,19:30,5,11,36000,396000
1446,2025-10-19,19:37,6,22,18000,396000
1447,2025-10-19,10:42,7,2,17000,34000
1448,2025-10-19,10:17,7,1,17000,17000
1449,2025-10-19,15:52,7,5,17000,85000
1450,2025-10-19,19:14,8,4,5000,20000
1451,2025-10-19,16:54,8,40,5000,200000
1452,2025-10-19,21:53,9,13,4000,52000
1453,2025-10-19,20:11,9,12,4000,48000
1454,2025-10-19,09:15,9,5,4000,20000
1455,2025-10-19,19:47,10,17,2000,34000
1456,2025-10-19,07:45,11,5,12000,60000
1457,2025-10-19,18:22,11,2,12000,24000
1458,2025-10-19,16:12,12,5,5000,25000
1459,2025-10-19,20:51,12,1,5000,5000
1460,2025-10-19,21:31,12,1,5000,5000
1461,2025-10-19,09:31,13,47,1500,70500
1462,2025-10-19,07:14,14,8,30000,240000
1463,2025-10-19,15:30,15,1,31000,31000
1464,2025-10-19,07:21,15,13,31000,403000
1465,2025-10-19,12:45,16,2,2500,5000
1466,2025-10-19,09:58,16,2,2500,5000
1467,2025-10-19,19:54,16,5,2500,12500
1468,2025-10-19,07:09,17,1,16000,16000
1469,2025-10-19,16:45,17,3,16000,48000
1470,2025-10-19,08:23,18,1,3500,3500
1471,2025-10-19,18:42,18,1,3500,3500
1472,2025-10-19,13:37,18,1,3500,3500
1473,2025-10-19,11:20,19,6,5500,33000
1474,2025-10-19,09:46,20,6,10000,60000
1475,2025-10-20,17:20,1,7,95000,665000
1476,2025-10-20,09:45,1,1,95000,95000
1477,2025-10-20,15:44,1,1,95000,95000
1478,2025-10-20,10:42,2,3,95000,285000
1479,2025-10-20,16:52,2,2,95000,190000
1480,2025-10-20,11:46,3,9,72000,648000
1481,2025-10-20,09:46,4,2,62000,124000
1482,2025-10-20,07:44,4,4,62000,248000
1483,2025-10-20,09:38,5,4,36000,144000
1484,2025-10-20,12:58,5,1,36000,36000
1485,2025-10-20,19:39,5,4,36000,144000
1486,2025-10-20,16:06,6,9,18000,162000
1487,2025-10-20,18:04,7,3,17000,51000
1488,2025-10-20,10:22,7,6,17000,102000
1489,2025-10-20,12:10,7,3,17000,51000
1490,2025-10-20,20:45,8,3,5000,15000
1491,2025-10-20,17:40,8,20,5000,100000
1492,2025-10-20,14:00,9,11,4000,44000
1493,2025-10-20,11:13,9,9,4000,36000
1494,2025-10-20,08:22,10,25,2000,50000
1495,2025-10-20,08:46,11,6,12000,72000
1496,2025-10-20,13:28,12,3,5000,15000
1497,2025-10-20,21:26,13,6,1500,9000
1498,2025-10-20,14:56,13,22,1500,33000
1499,2025-10-20,15:24,14,6,30000,180000
1500,2025-10-20,14:50,15,11,31000,341000
1501,2025-10-20,09:28,16,8,2500,20000
1502,2025-10-20,08:51,16,10,2500,25000
1503,2025-10-20,07:20,17,3,16000,48000
1504,2025-10-20,11:06,17,3,16000,48000
1505,2025-10-20,09:56,18,7,3500,24500
1506,2025-10-20,18:04,19,8,5500,44000
1507,2025-10-20,21:05,20,5,10000,50000
1508,2025-10-21,16:57,1,11,95000,1045000
1509,2025-10-21,07:27,2,6,95000,570000
1510,2025-10-21,09:03,3,3,72000,216000
1511,2025-10-21,08:21,3,7,72000,504000
1512,2025-10-21,10:12,3,2,72000,144000
1513,2025-10-21,15:46,4,5,62000,310000
1514,2025-10-21,17:18,5,9,36000,324000
1515,2025-10-21,11:15,5,1,36000,36000
1516,2025-10-21,08:03,5,1,36000,36000
1517,2025-10-21,15:53,6,15,18000,270000
1518,2025-10-21,07:23,7,11,17000,187000
1519,2025-10-21,08:18,8,22,5000,110000
1520,2025-10-21,16:30,9,21,4000,84000
1521,2025-10-21,10:06,9,7,4000,28000
1522,2025-10-21,09:40,10,20,2000,40000
1523,2025-10-21,08:30,11,8,12000,96000
1524,2025-10-21,19:25,12,3,5000,15000
1525,2025-10-21,14:31,12,5,5000,25000
1526,2025-10-21,08:41,13,17,1500,25500
1527,2025-10-21,15:24,13,28,1500,42000
1528,2025-10-21,21:24,14,6,30000,180000
1529,2025-10-21,14:02,15,20,31000,620000
1530,2025-10-21,14:16,16,21,2500,52500
1531,2025-10-21,11:36,17,2,16000,32000
1532,2025-10-21,19:44,18,5,3500,17500
1533,2025-10-21,17:22,19,1,5500,5500
1534,2025-10-21,19:34,19,7,5500,38500
1535,2025-10-21,19:37,20,5,10000,50000
1536,2025-10-22,07:53,1,9,95000,855000
1537,2025-10-22,15:26,2,3,95000,285000
1538,2025-10-22,14:19,3,8,72000,576000
1539,2025-10-22,08:25,3,1,72000,72000
1540,2025-10-22,21:54,3,2,72000,144000
1541,2025-10-22,16:57,4,9,62000,558000
1542,2025-10-22,15:51,4,2,62000,124000
1543,2025-10-22,16:09,5,14,36000,504000
1544,2025-10-22,19:28,6,15,18000,270000
1545,2025-10-22,09:13,7,9,17000,153000
1546,2025-10-22,07:27,8,5,5000,25000
1547,2025-10-22,08:43,8,13,5000,65000
1548,2025-10-22,20:40,9,26,4000,104000
1549,2025-10-22,16:16,10,17,2000,34000
1550,2025-10-22,18:58,11,5,12000,60000
1551,2025-10-22,13:35,12,1,5000,5000
1552,2025-10-22,13:35,12,2,5000,10000
1553,2025-10-22,11:33,13,32,1500,48000
1554,2025-10-22,20:00,14,9,30000,270000
1555,2025-10-22,16:33,15,10,31000,310000
1556,2025-10-22,19:26,15,3,31000,93000
1557,2025-10-22,09:09,16,29,2500,72500
1558,2025-10-22,16:48,17,2,16000,32000
1559,2025-10-22,16:49,18,1,3500,3500
1560,2025-10-22,08:50,18,1,3500,3500
1561,2025-10-22,11:55,18,1,3500,3500
1562,2025-10-22,12:56,19,10,5500,55000
1563,2025-10-22,13:41,20,6,10000,60000
1564,2025-10-23,16:30,1,12,95000,1140000
1565,2025-10-23,11:25,2,4,95000,380000
1566,2025-10-23,16:43,3,15,72000,1080000
1567,2025-10-23,13:56,4,1,62000,62000
1568,2025-10-23,21:21,4,5,62000,310000
1569,2025-10-23,18:30,5,1,36000,36000
1570,2025-10-23,21:17,5,8,36000,288000
1571,2025-10-23,12:52,6,1,18000,18000
1572,2025-10-23,19:19,6,16,18000,288000
1573,2025-10-23,20:31,7,10,17000,170000
1574,2025-10-23,08:55,8,6,5000,30000
1575,2025-10-23,10:08,8,2,5000,10000
1576,2025-10-23,18:28,9,31,4000,124000
1577,2025-10-23,11:46,10,21,2000,42000
1578,2025-10-23,13:38,10,14,2000,28000
1579,2025-10-23,14:13,11,1,12000,12000
1580,2025-10-23,21:52,11,3,12000,36000
1581,2025-10-23,14:48,12,8,5000,40000
1582,2025-10-23,12:52,13,33,1500,49500
1583,2025-10-23,19:10,14,8,30000,240000
1584,2025-10-23,18:32,15,13,31000,403000
1585,2025-10-23,19:54,16,15,2500,37500
1586,2025-10-23,16:01,17,3,16000,48000
1587,2025-10-23,21:53,18,8,3500,28000
1588,2025-10-23,07:15,19,11,5500,60500
1589,2025-10-23,07:58,20,4,10000,40000
1590,2025-10-24,10:17,1,9,95000,855000
1591,2025-10-24,14:32,3,15,72000,1080000
1592,2025-10-24,21:07,4,3,62000,186000
1593,2025-10-24,12:31,5,4,36000,144000
1594,2025-10-24,16:28,5,5,36000,180000
1595,2025-10-24,20:30,6,9,18000,162000
1596,2025-10-24,12:22,7,6,17000,102000
1597,2025-10-24,21:16,8,25,5000,125000
1598,2025-10-24,11:01,9,3,4000,12000
1599,2025-10-24,13:03,9,15,4000,60000
1600,2025-10-24,16:49,10,27,2000,54000
1601,2025-10-24,10:43,11,1,12000,12000
1602,2025-10-24,10:17,11,3,12000,36000
1603,2025-10-24,17:26,11,1,12000,12000
1604,2025-10-24,20:49,12,9,5000,45000
1605,2025-10-24,14:58,13,22,1500,33000
1606,2025-10-24,09:41,13,1,1500,1500
1607,2025-10-24,09:38,13,7,1500,10500
1608,2025-10-24,11:38,14,1,30000,30000
1609,2025-10-24,19:19,14,3,30000,90000
1610,2025-10-24,13:57,15,9,31000,279000
1611,2025-10-24,13:54,15,8,31000,248000
1612,2025-10-24,11:13,16,17,2500,42500
1613,2025-10-24,17:33,17,1,16000,16000
1614,2025-10-24,16:06,18,4,3500,14000
1615,2025-10-24,07:32,18,1,3500,3500
1616,2025-10-24,11:43,19,6,5500,33000
1617,2025-10-24,08:30,19,5,5500,27500
1618,2025-10-24,08:21,19,4,5500,22000
1619,2025-10-24,11:41,20,3,10000,30000
1620,2025-10-24,18:57,20,2,10000,20000
1621,2025-10-24,17:19,20,1,10000,10000
1622,2025-10-25,15:48,1,10,95000,950000
1623,2025-10-25,07:51,2,5,95000,475000
1624,2025-10-25,13:42,3,10,72000,720000
1625,2025-10-25,12:43,3,3,72000,216000
1626,2025-10-25,07:41,4,12,62000,744000
1627,2025-10-25,11:16,5,12,36000,432000
1628,2025-10-25,18:02,6,7,18000,126000
1629,2025-10-25,16:45,6,7,18000,126000
1630,2025-10-25,16:52,6,3,18000,54000
1631,2025-10-25,18:45,7,13,17000,221000
1632,2025-10-25,15:40,8,29,5000,145000
1633,2025-10-25,12:32,9,22,4000,88000
1634,2025-10-25,11:54,9,6,4000,24000
1635,2025-10-25,17:56,10,28,2000,56000
1636,2025-10-25,11:06,11,6,12000,72000
1637,2025-10-25,18:16,12,8,5000,40000
1638,2025-10-25,19:58,13,36,1500,54000
1639,2025-10-25,09:43,13,10,1500,15000
1640,2025-10-25,10:22,14,2,30000,60000
1641,2025-10-25,10:47,14,8,30000,240000
1642,2025-10-25,19:56,15,14,31000,434000
1643,2025-10-25,12:23,15,4,31000,124000
1644,2025-10-25,11:29,16,22,2500,55000
1645,2025-10-25,07:55,17,4,16000,64000
1646,2025-10-25,17:37,17,1,16000,16000
1647,2025-10-25,16:04,18,2,3500,7000
1648,2025-10-25,10:32,19,18,5500,99000
1649,2025-10-25,17:24,20,6,10000,60000
1650,2025-10-26,13:03,1,14,95000,1330000
1651,2025-10-26,09:12,3,5,72000,360000
1652,2025-10-26,12:26,3,16,72000,1152000
1653,2025-10-26,12:55,4,4,62000,248000
1654,2025-10-26,18:11,4,1,62000,62000
1655,2025-10-26,19:05,4,2,62000,124000
1656,2025-10-26,17:11,5,14,36000,504000
1657,2025-10-26,07:00,6,10,18000,180000
1658,2025-10-26,10:48,7,12,17000,204000
1659,2025-10-26,14:50,8,6,5000,30000
1660,2025-10-26,19:49,8,11,5000,55000
1661,2025-10-26,16:27,9,25,4000,100000
1662,2025-10-26,13:30,10,26,2000,52000
1663,2025-10-26,13:00,10,21,2000,42000
1664,2025-10-26,10:46,11,6,12000,72000
1665,2025-10-26,07:57,12,9,5000,45000
1666,2025-10-26,20:33,13,47,1500,70500
1667,2025-10-26,17:00,14,12,30000,360000
1668,2025-10-26,10:44,15,4,31000,124000
1669,2025-10-26,21:22,15,12,31000,372000
1670,2025-10-26,08:24,16,25,2500,62500
1671,2025-10-26,11:10,17,10,16000,160000
1672,2025-10-26,07:19,18,6,3500,21000
1673,2025-10-26,16:33,19,8,5500,44000
1674,2025-10-26,12:27,19,5,5500,27500
1675,2025-10-26,21:43,19,1,5500,5500
1676,2025-10-26,12:48,20,3,10000,30000
1677,2025-10-26,10:10,20,2,10000,20000
1678,2025-10-26,21:58,20,2,10000,20000
1679,2025-10-27,10:14,1,1,95000,95000
1680,2025-10-27,18:08,1,9,95000,855000
1681,2025-10-27,07:37,2,7,95000,665000
1682,2025-10-27,08:23,3,13,72000,936000
1683,2025-10-27,13:56,4,1,62000,62000
1684,2025-10-27,17:16,4,3,62000,186000
1685,2025-10-27,07:38,5,10,36000,360000
1686,2025-10-27,07:42,5,4,36000,144000
1687,2025-10-27,20:01,6,9,18000,162000
1688,2025-10-27,08:26,7,9,17000,153000
1689,2025-10-27,08:35,8,13,5000,65000
1690,2025-10-27,18:09,9,21,4000,84000
1691,2025-10-27,17:40,10,27,2000,54000
1692,2025-10-27,13:42,11,6,12000,72000
1693,2025-10-27,15:17,12,9,5000,45000
1694,2025-10-27,13:53,13,9,1500,13500
1695,2025-10-27,21:06,13,33,1500,49500
1696,2025-10-27,16:07,14,9,30000,270000
1697,2025-10-27,19:06,15,14,31000,434000
1698,2025-10-27,16:12,16,25,2500,62500
1699,2025-10-27,12:45,17,2,16000,32000
1700,2025-10-27,13:18,17,3,16000,48000
1701,2025-10-27,15:31,18,3,3500,10500
1702,2025-10-27,10:00,19,8,5500,44000
1703,2025-10-27,07:42,19,2,5500,11000
1704,2025-10-27,08:58,19,2,5500,11000
1705,2025-10-27,16:42,20,6,10000,60000
1706,2025-10-28,08:49,1,7,95000,665000
1707,2025-10-28,18:46,2,7,95000,665000
1708,2025-10-28,11:41,3,11,72000,792000
1709,2025-10-28,11:16,4,7,62000,434000
1710,2025-10-28,08:52,5,9,36000,324000
1711,2025-10-28,07:54,6,14,18000,252000
1712,2025-10-28,19:43,7,6,17000,102000
1713,2025-10-28,18:07,8,8,5000,40000
1714,2025-10-28,19:56,9,32,4000,128000
1715,2025-10-28,20:08,10,18,2000,36000
1716,2025-10-28,12:22,11,1,12000,12000
1717,2025-10-28,21:28,11,2,12000,24000
1718,2025-10-28,12:52,12,1,5000,5000
1719,2025-10-28,12:11,12,1,5000,5000
1720,2025-10-28,08:25,12,1,5000,5000
1721,2025-10-28,14:17,13,25,1500,37500
1722,2025-10-28,20:30,14,3,30000,90000
1723,2025-10-28,19:26,14,1,30000,30000
1724,2025-10-28,08:08,15,6,31000,186000
1725,2025-10-28,18:46,15,13,31000,403000
1726,2025-10-28,20:10,16,26,2500,65000
1727,2025-10-28,21:37,17,2,16000,32000
1728,2025-10-28,16:43,18,10,3500,35000
1729,2025-10-28,16:24,19,13,5500,71500
1730,2025-10-28,07:55,20,3,10000,30000
1731,2025-10-28,17:56,20,1,10000,10000
1732,2025-10-29,14:58,1,1,95000,95000
1733,2025-10-29,14:07,1,1,95000,95000
1734,2025-10-29,07:04,2,8,95000,760000
1735,2025-10-29,11:41,2,1,95000,95000
1736,2025-10-29,18:55,3,7,72000,504000
1737,2025-10-29,17:55,4,1,62000,62000
1738,2025-10-29,12:33,4,2,62000,124000
1739,2025-10-29,18:39,5,12,36000,432000
1740,2025-10-29,17:46,6,24,18000,432000
1741,2025-10-29,12:42,7,12,17000,204000
1742,2025-10-29,09:53,8,13,5000,65000
1743,2025-10-29,20:35,8,8,5000,40000
1744,2025-10-29,07:00,9,20,4000,80000
1745,2025-10-29,17:59,9,5,4000,20000
1746,2025-10-29,20:30,10,31,2000,62000
1747,2025-10-29,08:48,11,2,12000,24000
1748,2025-10-29,14:20,11,5,12000,60000
1749,2025-10-29,11:03,12,8,5000,40000
1750,2025-10-29,15:41,13,30,1500,45000
1751,2025-10-29,20:15,14,7,30000,210000
1752,2025-10-29,14:51,15,12,31000,372000
1753,2025-10-29,08:54,16,18,2500,45000
1754,2025-10-29,12:07,17,1,16000,16000
1755,2025-10-29,08:25,18,3,3500,10500
1756,2025-10-29,13:02,18,1,3500,3500
1757,2025-10-29,15:35,18,1,3500,3500
1758,2025-10-29,08:50,19,6,5500,33000
1759,2025-10-29,21:32,20,2,10000,20000
1760,2025-10-29,15:13,20,1,10000,10000
1761,2025-10-30,12:23,1,4,95000,380000
1762,2025-10-30,20:03,1,4,95000,380000
1763,2025-10-30,12:35,2,4,95000,380000
1764,2025-10-30,19:39,2,3,95000,285000
1765,2025-10-30,18:42,3,14,72000,1008000
1766,2025-10-30,14:07,4,3,62000,186000
1767,2025-10-30,17:14,5,7,36000,252000
1768,2025-10-30,12:53,6,17,18000,306000
1769,2025-10-30,15:33,7,3,17000,51000
1770,2025-10-30,12:44,7,3,17000,51000
1771,2025-10-30,21:10,8,16,5000,80000
1772,2025-10-30,20:45,9,25,4000,100000
1773,2025-10-30,08:16,10,14,2000,28000
1774,2025-10-30,16:12,10,3,2000,6000
1775,2025-10-30,21:54,11,6,12000,72000
1776,2025-10-30,14:52,12,4,5000,20000
1777,2025-10-30,12:06,13,23,1500,34500
1778,2025-10-30,19:26,13,2,1500,3000
1779,2025-10-30,17:53,14,8,30000,240000
1780,2025-10-30,19:57,15,2,31000,62000
1781,2025-10-30,14:29,15,8,31000,248000
1782,2025-10-30,09:31,16,17,2500,42500
1783,2025-10-30,07:33,16,5,2500,12500
1784,2025-10-30,20:37,17,2,16000,32000
1785,2025-10-30,14:59,17,1,16000,16000
1786,2025-10-30,21:58,18,6,3500,21000
1787,2025-10-30,16:11,19,10,5500,55000
1788,2025-10-30,08:24,20,2,10000,20000
1789,2025-10-30,17:38,20,5,10000,50000
1790,2025-10-31,15:56,1,3,95000,285000
1791,2025-10-31,13:26,1,5,95000,475000
1792,2025-10-31,13:21,2,1,95000,95000
1793,2025-10-31,11:28,2,2,95000,190000
1794,2025-10-31,19:08,2,1,95000,95000
1795,2025-10-31,16:44,3,12,72000,864000
1796,2025-10-31,11:53,4,5,62000,310000
1797,2025-10-31,18:35,4,3,62000,186000
1798,2025-10-31,17:13,5,9,36000,324000
1799,2025-10-31,10:13,5,1,36000,36000
1800,2025-10-31,17:22,6,5,18000,90000
1801,2025-10-31,21:43,6,9,18000,162000
1802,2025-10-31,18:41,7,7,17000,119000
1803,2025-10-31,15:44,8,3,5000,15000
1804,2025-10-31,17:20,8,9,5000,45000
1805,2025-10-31,18:07,8,1,5000,5000
1806,2025-10-31,14:37,9,9,4000,36000
1807,2025-10-31,16:42,9,3,4000,12000
1808,2025-10-31,11:56,10,35,2000,70000
1809,2025-10-31,20:27,10,3,2000,6000
1810,2025-10-31,07:24,11,1,12000,12000
1811,2025-10-31,09:03,11,2,12000,24000
1812,2025-10-31,11:48,12,2,5000,10000
1813,2025-10-31,19:10,12,4,5000,20000
1814,2025-10-31,09:53,13,22,1500,33000
1815,2025-10-31,07:44,13,1,1500,1500
1816,2025-10-31,19:18,13,1,1500,1500
1817,2025-10-31,15:02,14,10,30000,300000
1818,2025-10-31,14:06,15,14,31000,434000
1819,2025-10-31,18:35,16,22,2500,55000
1820,2025-10-31,20:14,16,5,2500,12500
1821,2025-10-31,10:32,17,1,16000,16000
1822,2025-10-31,19:50,17,1,16000,16000
1823,2025-10-31,18:42,18,3,3500,10500
1824,2025-10-31,07:59,18,3,3500,10500
1825,2025-10-31,13:50,19,7,5500,38500
1826,2025-10-31,07:47,20,3,10000,30000
1827,2025-10-31,11:12,20,1,10000,10000
1828,2025-10-31,16:55,20,4,10000,40000
1829,2025-11-01,14:53,1,7,95000,665000
1830,2025-11-01,10:58,1,1,95000,95000
1831,2025-11-01,17:23,2,6,95000,570000
1832,2025-11-01,19:37,2,2,95000,190000
1833,2025-11-01,16:12,3,19,72000,1368000
1834,2025-11-01,11:28,4,4,62000,248000
1835,2025-11-01,09:43,4,5,62000,310000
1836,2025-11-01,09:47,5,12,36000,432000
1837,2025-11-01,13:02,6,17,18000,306000
1838,2025-11-01,15:16,7,12,17000,204000
1839,2025-11-01,16:54,8,29,5000,145000
1840,2025-11-01,12:29,9,45,4000,180000
1841,2025-11-01,07:09,10,10,2000,20000
1842,2025-11-01,21:20,10,47,2000,94000
1843,2025-11-01,19:59,11,6,12000,72000
1844,2025-11-01,14:50,12,3,5000,15000
1845,2025-11-01,16:35,12,2,5000,10000
1846,2025-11-01,19:45,13,43,1500,64500
1847,2025-11-01,10:11,14,22,30000,660000
1848,2025-11-01,19:32,15,15,31000,465000
1849,2025-11-01,15:34,16,39,2500,97500
1850,2025-11-01,12:14,17,9,16000,144000
1851,2025-11-01,12:23,18,3,3500,10500
1852,2025-11-01,11:13,18,3,3500,10500
1853,2025-11-01,15:52,19,17,5500,93500
1854,2025-11-01,19:41,19,1,5500,5500
1855,2025-11-01,07:07,19,1,5500,5500
1856,2025-11-01,10:57,20,8,10000,80000
1857,2025-11-01,17:39,20,1,10000,10000
1858,2025-11-02,17:56,1,4,95000,380000
1859,2025-11-02,12:24,1,1,95000,95000
1860,2025-11-02,21:50,1,6,95000,570000
1861,2025-11-02,15:46,2,4,95000,380000
1862,2025-11-02,11:01,2,1,95000,95000
1863,2025-11-02,21:33,2,1,95000,95000
1864,2025-11-02,15:51,3,6,72000,432000
1865,2025-11-02,15:28,3,8,72000,576000
1866,2025-11-02,11:57,4,6,62000,372000
1867,2025-11-02,15:05,5,6,36000,216000
1868,2025-11-02,08:10,5,5,36000,180000
1869,2025-11-02,17:04,6,9,18000,162000
1870,2025-11-02,10:42,6,1,18000,18000
1871,2025-11-02,17:49,6,1,18000,18000
1872,2025-11-02,17:27,7,12,17000,204000
1873,2025-11-02,15:53,8,7,5000,35000
1874,2025-11-02,18:56,8,15,5000,75000
1875,2025-11-02,18:43,9,28,4000,112000
1876,2025-11-02,09:01,9,2,4000,8000
1877,2025-11-02,14:45,9,7,4000,28000
1878,2025-11-02,08:04,10,18,2000,36000
1879,2025-11-02,19:16,11,8,12000,96000
1880,2025-11-02,16:52,12,12,5000,60000
1881,2025-11-02,11:26,13,22,1500,33000
1882,2025-11-02,17:25,14,13,30000,390000
1883,2025-11-02,07:24,15,22,31000,682000
1884,2025-11-02,07:41,16,9,2500,22500
1885,2025-11-02,18:39,16,7,2500,17500
1886,2025-11-02,18:37,17,9,16000,144000
1887,2025-11-02,20:04,18,8,3500,28000
1888,2025-11-02,15:06,19,12,5500,66000
1889,2025-11-02,17:19,20,6,10000,60000
1890,2025-11-03,19:59,1,5,95000,475000
1891,2025-11-03,14:24,1,5,95000,475000
1892,2025-11-03,17:01,2,5,95000,475000
1893,2025-11-03,15:14,3,15,72000,1080000
1894,2025-11-03,13:50,4,5,62000,310000
1895,2025-11-03,11:40,5,9,36000,324000
1896,2025-11-03,09:19,5,2,36000,72000
1897,2025-11-03,07:35,6,6,18000,108000
1898,2025-11-03,20:35,6,3,18000,54000
1899,2025-11-03,07:00,7,10,17000,170000
1900,2025-11-03,13:34,8,14,5000,70000
1901,2025-11-03,08:19,9,19,4000,76000
1902,2025-11-03,18:57,10,39,2000,78000
1903,2025-11-03,13:57,11,4,12000,48000
1904,2025-11-03,17:54,11,5,12000,60000
1905,2025-11-03,09:11,12,10,5000,50000
1906,2025-11-03,20:16,13,25,1500,37500
1907,2025-11-03,09:42,14,8,30000,240000
1908,2025-11-03,20:48,15,2,31000,62000
1909,2025-11-03,21:35,15,19,31000,589000
1910,2025-11-03,15:04,16,23,2500,57500
1911,2025-11-03,08:16,17,8,16000,128000
1912,2025-11-03,18:37,18,7,3500,24500
1913,2025-11-03,12:22,19,12,5500,66000
1914,2025-11-03,17:15,20,5,10000,50000
1915,2025-11-04,16:04,1,9,95000,855000
1916,2025-11-04,14:21,2,2,95000,190000
1917,2025-11-04,16:42,2,2,95000,190000
1918,2025-11-04,11:44,2,1,95000,95000
1919,2025-11-04,16:36,3,16,72000,1152000
1920,2025-11-04,12:27,4,10,62000,620000
1921,2025-11-04,12:15,5,9,36000,324000
1922,2025-11-04,11:53,6,7,18000,126000
1923,2025-11-04,12:08,6,2,18000,36000
1924,2025-11-04,21:30,7,3,17000,51000
1925,2025-11-04,14:28,7,2,17000,34000
1926,2025-11-04,11:31,8,24,5000,120000
1927,2025-11-04,09:41,9,16,4000,64000
1928,2025-11-04,20:52,10,5,2000,10000
1929,2025-11-04,09:57,10,5,2000,10000
1930,2025-11-04,11:46,11,7,12000,84000
1931,2025-11-04,18:04,12,2,5000,10000
1932,2025-11-04,21:01,12,14,5000,70000
1933,2025-11-04,20:37,13,2,1500,3000
1934,2025-11-04,16:25,13,32,1500,48000
1935,2025-11-04,21:02,14,4,30000,120000
1936,2025-11-04,15:16,14,7,30000,210000
1937,2025-11-04,15:30,15,17,31000,527000
1938,2025-11-04,12:25,16,5,2500,12500
1939,2025-11-04,10:57,16,17,2500,42500
1940,2025-11-04,09:29,17,3,16000,48000
1941,2025-11-04,15:32,17,3,16000,48000
1942,2025-11-04,12:32,18,6,3500,21000
1943,2025-11-04,10:54,19,12,5500,66000
1944,2025-11-04,09:28,20,2,10000,20000
1945,2025-11-04,09:11,20,3,10000,30000
1946,2025-11-04,16:36,20,1,10000,10000
1947,2025-11-05,18:46,1,2,95000,190000
1948,2025-11-05,14:22,1,5,95000,475000
1949,2025-11-05,19:31,2,7,95000,665000
1950,2025-11-05,11:23,3,13,72000,936000
1951,2025-11-05,17:13,4,6,62000,372000
1952,2025-11-05,19:23,5,13,36000,468000
1953,2025-11-05,21:29,6,11,18000,198000
1954,2025-11-05,17:20,7,1,17000,17000
1955,2025-11-05,08:45,7,9,17000,153000
1956,2025-11-05,16:34,8,9,5000,45000
1957,2025-11-05,16:11,8,5,5000,25000
1958,2025-11-05,13:41,8,6,5000,30000
1959,2025-11-05,16:41,9,33,4000,132000
1960,2025-11-05,15:16,10,3,2000,6000
1961,2025-11-05,13:58,10,29,2000,58000
1962,2025-11-05,13:22,11,6,12000,72000
1963,2025-11-05,14:50,12,6,5000,30000
1964,2025-11-05,14:56,12,5,5000,25000
1965,2025-11-05,21:08,13,33,1500,49500
1966,2025-11-05,14:10,13,13,1500,19500
1967,2025-11-05,15:41,14,10,30000,300000
1968,2025-11-05,09:11,15,17,31000,527000
1969,2025-11-05,16:45,16,13,2500,32500
1970,2025-11-05,13:51,17,1,16000,16000
1971,2025-11-05,12:46,17,1,16000,16000
1972,2025-11-05,17:30,18,6,3500,21000
1973,2025-11-05,16:10,19,9,5500,49500
1974,2025-11-05,07:15,20,4,10000,40000
1975,2025-11-05,07:08,20,1,10000,10000
1976,2025-11-06,09:08,1,8,95000,760000
1977,2025-11-06,21:36,2,1,95000,95000
1978,2025-11-06,09:03,2,4,95000,380000
1979,2025-11-06,21:11,3,11,72000,792000
1980,2025-11-06,13:38,4,8,62000,496000
1981,2025-11-06,08:13,5,1,36000,36000
1982,2025-11-06,14:38,5,5,36000,180000
1983,2025-11-06,14:55,5,4,36000,144000
1984,2025-11-06,10:53,6,5,18000,90000
1985,2025-11-06,09:50,7,6,17000,102000
1986,2025-11-06,19:11,8,17,5000,85000
1987,2025-11-06,11:10,9,9,4000,36000
1988,2025-11-06,18:43,9,5,4000,20000
1989,2025-11-06,14:38,10,29,2000,58000
1990,2025-11-06,10:24,11,9,12000,108000
1991,2025-11-06,08:01,12,10,5000,50000
1992,2025-11-06,20:58,13,28,1500,42000
1993,2025-11-06,13:52,14,12,30000,360000
1994,2025-11-06,08:11,15,15,31000,465000
1995,2025-11-06,16:38,16,17,2500,42500
1996,2025-11-06,19:34,17,3,16000,48000
1997,2025-11-06,08:05,18,5,3500,17500
1998,2025-11-06,09:57,19,8,5500,44000
1999,2025-11-06,21:49,20,1,10000,10000
2000,2025-11-06,17:41,20,4,10000,40000
2001,2025-11-07,13:23,1,8,95000,760000
2002,2025-11-07,10:51,2,4,95000,380000
2003,2025-11-07,14:50,2,1,95000,95000
2004,2025-11-07,16:51,3,6,72000,432000
2005,2025-11-07,18:58,3,7,72000,504000
2006,2025-11-07,13:08,4,2,62000,124000
2007,2025-11-07,11:30,4,7,62000,434000
2008,2025-11-07,11:38,5,2,36000,72000
2009,2025-11-07,21:34,5,10,36000,360000
2010,2025-11-07,10:00,6,7,18000,126000
2011,2025-11-07,16:33,7,1,17000,17000
2012,2025-11-07,08:33,7,2,17000,34000
2013,2025-11-07,17:13,8,23,5000,115000
2014,2025-11-07,13:23,9,6,4000,24000
2015,2025-11-07,08:09,9,6,4000,24000
2016,2025-11-07,16:16,10,23,2000,46000
2017,2025-11-07,15:27,11,3,12000,36000
2018,2025-11-07,16:17,12,3,5000,15000
2019,2025-11-07,10:26,13,26,1500,39000
2020,2025-11-07,15:50,13,7,1500,10500
2021,2025-11-07,15:30,13,1,1500,1500
2022,2025-11-07,15:35,14,10,30000,300000
2023,2025-11-07,11:36,15,13,31000,403000
2024,2025-11-07,18:25,16,4,2500,10000
2025,2025-11-07,18:14,17,1,16000,16000
2026,2025-11-07,14:50,17,2,16000,32000
2027,2025-11-07,08:13,18,2,3500,7000
2028,2025-11-07,15:25,18,4,3500,14000
2029,2025-11-07,16:44,19,3,5500,16500
2030,2025-11-07,17:45,19,1,5500,5500
2031,2025-11-07,13:40,20,5,10000,50000
2032,2025-11-08,08:52,1,11,95000,1045000
2033,2025-11-08,21:38,2,7,95000,665000
2034,2025-11-08,08:16,3,14,72000,1008000
2035,2025-11-08,08:38,4,5,62000,310000
2036,2025-11-08,13:59,5,14,36000,504000
2037,2025-11-08,15:18,6,10,18000,180000
2038,2025-11-08,18:38,6,3,18000,54000
2039,2025-11-08,07:49,6,1,18000,18000
2040,2025-11-08,14:00,7,8,17000,136000
2041,2025-11-08,10:54,7,2,17000,34000
2042,2025-11-08,11:12,8,17,5000,85000
2043,2025-11-08,07:50,8,1,5000,5000
2044,2025-11-08,15:44,9,26,4000,104000
2045,2025-11-08,09:43,10,22,2000,44000
2046,2025-11-08,10:41,11,6,12000,72000
2047,2025-11-08,09:05,12,13,5000,65000
2048,2025-11-08,17:25,13,13,1500,19500
2049,2025-11-08,13:37,13,6,1500,9000
2050,2025-11-08,10:33,13,6,1500,9000
2051,2025-11-08,18:04,14,4,30000,120000
2052,2025-11-08,18:53,15,18,31000,558000
2053,2025-11-08,15:58,15,1,31000,31000
2054,2025-11-08,16:22,15,1,31000,31000
2055,2025-11-08,20:17,16,21,2500,52500
2056,2025-11-08,10:29,17,3,16000,48000
2057,2025-11-08,11:11,18,5,3500,17500
2058,2025-11-08,13:32,18,1,3500,3500
2059,2025-11-08,08:35,18,2,3500,7000
2060,2025-11-08,11:21,19,11,5500,60500
2061,2025-11-08,21:34,20,5,10000,50000
2062,2025-11-08,20:50,20,2,10000,20000
2063,2025-11-08,16:16,20,1,10000,10000
2064,2025-11-09,16:30,1,7,95000,665000
2065,2025-11-09,19:15,1,6,95000,570000
2066,2025-11-09,17:29,2,4,95000,380000
2067,2025-11-09,21:37,2,1,95000,95000
2068,2025-11-09,08:16,3,16,72000,1152000
2069,2025-11-09,08:24,3,6,72000,432000
2070,2025-11-09,17:44,4,2,62000,124000
2071,2025-11-09,10:51,4,4,62000,248000
2072,2025-11-09,12:33,5,13,36000,468000
2073,2025-11-09,18:53,6,16,18000,288000
2074,2025-11-09,11:05,7,14,17000,238000
2075,2025-11-09,18:52,8,41,5000,205000
2076,2025-11-09,15:59,9,31,4000,124000
2077,2025-11-09,12:22,10,23,2000,46000
2078,2025-11-09,16:17,11,8,12000,96000
2079,2025-11-09,18:43,12,7,5000,35000
2080,2025-11-09,18:12,13,13,1500,19500
2081,2025-11-09,10:47,13,32,1500,48000
2082,2025-11-09,10:55,13,13,1500,19500
2083,2025-11-09,10:12,14,10,30000,300000
2084,2025-11-09,12:09,15,10,31000,310000
2085,2025-11-09,19:06,15,4,31000,124000
2086,2025-11-09,08:43,16,24,2500,60000
2087,2025-11-09,19:54,17,1,16000,16000
2088,2025-11-09,15:02,17,1,16000,16000
2089,2025-11-09,20:30,17,1,16000,16000
2090,2025-11-09,12:31,18,4,3500,14000
2091,2025-11-09,14:11,19,9,5500,49500
2092,2025-11-09,19:58,19,10,5500,55000
2093,2025-11-09,13:14,20,4,10000,40000
2094,2025-11-10,07:33,1,2,95000,190000
2095,2025-11-10,19:27,1,3,95000,285000
2096,2025-11-10,15:02,2,5,95000,475000
2097,2025-11-10,13:55,3,15,72000,1080000
2098,2025-11-10,14:07,4,2,62000,124000
2099,2025-11-10,18:33,4,6,62000,372000
2100,2025-11-10,18:00,5,12,36000,432000
2101,2025-11-10,10:24,6,10,18000,180000
2102,2025-11-10,12:23,7,5,17000,85000
2103,2025-11-10,09:35,8,9,5000,45000
2104,2025-11-10,11:15,8,18,5000,90000
2105,2025-11-10,16:21,9,19,4000,76000
2106,2025-11-10,14:27,10,23,2000,46000
2107,2025-11-10,18:48,11,8,12000,96000
2108,2025-11-10,20:25,12,9,5000,45000
2109,2025-11-10,09:36,13,33,1500,49500
2110,2025-11-10,16:43,14,14,30000,420000
2111,2025-11-10,08:46,15,13,31000,403000
2112,2025-11-10,10:35,16,25,2500,62500
2113,2025-11-10,13:12,17,4,16000,64000
2114,2025-11-10,18:09,18,6,3500,21000
2115,2025-11-10,07:11,19,15,5500,82500
2116,2025-11-10,09:57,20,5,10000,50000
2117,2025-11-11,19:31,1,6,95000,570000
2118,2025-11-11,11:16,1,3,95000,285000
2119,2025-11-11,16:03,2,6,95000,570000
2120,2025-11-11,18:10,3,10,72000,720000
2121,2025-11-11,20:16,4,5,62000,310000
2122,2025-11-11,17:06,5,7,36000,252000
2123,2025-11-11,12:16,6,5,18000,90000
2124,2025-11-11,15:35,7,13,17000,221000
2125,2025-11-11,07:26,8,5,5000,25000
2126,2025-11-11,08:22,8,3,5000,15000
2127,2025-11-11,20:43,8,3,5000,15000
2128,2025-11-11,16:41,9,7,4000,28000
2129,2025-11-11,17:34,9,10,4000,40000
2130,2025-11-11,09:49,9,3,4000,12000
2131,2025-11-11,12:43,10,22,2000,44000
2132,2025-11-11,19:47,11,6,12000,72000
2133,2025-11-11,08:24,12,9,5000,45000
2134,2025-11-11,17:09,13,30,1500,45000
2135,2025-11-11,20:10,13,6,1500,9000
2136,2025-11-11,13:40,14,3,30000,90000
2137,2025-11-11,16:36,14,3,30000,90000
2138,2025-11-11,21:04,15,14,31000,434000
2139,2025-11-11,12:14,16,21,2500,52500
2140,2025-11-11,17:18,17,3,16000,48000
2141,2025-11-11,17:25,18,5,3500,17500
2142,2025-11-11,11:56,18,3,3500,10500
2143,2025-11-11,20:23,19,11,5500,60500
2144,2025-11-11,14:26,20,5,10000,50000
2145,2025-11-11,09:11,20,1,10000,10000
2146,2025-11-12,18:15,1,3,95000,285000
2147,2025-11-12,17:16,1,6,95000,570000
2148,2025-11-12,09:25,2,1,95000,95000
2149,2025-11-12,08:06,2,2,95000,190000
2150,2025-11-12,08:59,2,4,95000,380000
2151,2025-11-12,07:01,3,9,72000,648000
2152,2025-11-12,19:25,3,3,72000,216000
2153,2025-11-12,08:06,4,4,62000,248000
2154,2025-11-12,09:05,5,10,36000,360000
2155,2025-11-12,11:14,6,7,18000,126000
2156,2025-11-12,10:47,6,4,18000,72000
2157,2025-11-12,17:08,7,7,17000,119000
2158,2025-11-12,20:10,8,21,5000,105000
2159,2025-11-12,17:22,9,30,4000,120000
2160,2025-11-12,20:30,10,11,2000,22000
2161,2025-11-12,14:55,10,14,2000,28000
2162,2025-11-12,11:35,11,6,12000,72000
2163,2025-11-12,18:34,12,12,5000,60000
2164,2025-11-12,16:29,13,31,1500,46500
2165,2025-11-12,21:36,14,11,30000,330000
2166,2025-11-12,13:33,14,4,30000,120000
2167,2025-11-12,11:58,15,9,31000,279000
2168,2025-11-12,12:30,15,7,31000,217000
2169,2025-11-12,19:05,16,9,2500,22500
2170,2025-11-12,12:26,17,5,16000,80000
2171,2025-11-12,11:00,18,6,3500,21000
2172,2025-11-12,20:48,19,14,5500,77000
2173,2025-11-12,11:30,20,3,10000,30000
2174,2025-11-12,15:00,20,3,10000,30000
2175,2025-11-13,19:30,1,4,95000,380000
2176,2025-11-13,11:00,1,3,95000,285000
2177,2025-11-13,16:14,2,1,95000,95000
2178,2025-11-13,19:00,2,1,95000,95000
2179,2025-11-13,10:26,3,11,72000,792000
2180,2025-11-13,13:15,4,4,62000,248000
2181,2025-11-13,09:45,4,1,62000,62000
2182,2025-11-13,20:24,5,4,36000,144000
2183,2025-11-13,10:16,5,4,36000,144000
2184,2025-11-13,17:15,6,16,18000,288000
2185,2025-11-13,19:58,7,12,17000,204000
2186,2025-11-13,11:41,8,9,5000,45000
2187,2025-11-13,18:34,8,11,5000,55000
2188,2025-11-13,10:54,9,7,4000,28000
2189,2025-11-13,08:11,9,7,4000,28000
2190,2025-11-13,08:40,10,28,2000,56000
2191,2025-11-13,14:17,11,8,12000,96000
2192,2025-11-13,10:20,12,4,5000,20000
2193,2025-11-13,07:09,12,2,5000,10000
2194,2025-11-13,15:01,13,28,1500,42000
2195,2025-11-13,08:18,14,8,30000,240000
2196,2025-11-13,18:28,15,12,31000,372000
2197,2025-11-13,08:09,16,8,2500,20000
2198,2025-11-13,07:31,16,15,2500,37500
2199,2025-11-13,13:19,17,3,16000,48000
2200,2025-11-13,12:29,18,4,3500,14000
2201,2025-11-13,18:50,18,2,3500,7000
2202,2025-11-13,08:53,19,6,5500,33000
2203,2025-11-13,07:17,20,1,10000,10000
2204,2025-11-13,19:25,20,3,10000,30000
2205,2025-11-14,14:11,1,9,95000,855000
2206,2025-11-14,20:16,2,4,95000,380000
2207,2025-11-14,08:49,3,1,72000,72000
2208,2025-11-14,18:15,3,16,72000,1152000
2209,2025-11-14,14:15,4,6,62000,372000
2210,2025-11-14,10:29,5,1,36000,36000
2211,2025-11-14,18:49,5,9,36000,324000
2212,2025-11-14,17:13,6,17,18000,306000
2213,2025-11-14,17:19,7,5,17000,85000
2214,2025-11-14,18:02,8,2,5000,10000
2215,2025-11-14,18:59,8,3,5000,15000
2216,2025-11-14,15:33,8,1,5000,5000
2217,2025-11-14,14:40,9,11,4000,44000
2218,2025-11-14,12:56,10,34,2000,68000
2219,2025-11-14,17:13,11,4,12000,48000
2220,2025-11-14,12:00,12,4,5000,20000
2221,2025-11-14,09:50,12,7,5000,35000
2222,2025-11-14,11:37,12,3,5000,15000
2223,2025-11-14,19:15,13,25,1500,37500
2224,2025-11-14,07:37,14,8,30000,240000
2225,2025-11-14,18:38,15,16,31000,496000
2226,2025-11-14,09:23,15,3,31000,93000
2227,2025-11-14,09:31,16,8,2500,20000
2228,2025-11-14,08:43,16,24,2500,60000
2229,2025-11-14,07:03,17,6,16000,96000
2230,2025-11-14,12:41,17,1,16000,16000
2231,2025-11-14,15:50,18,8,3500,28000
2232,2025-11-14,14:14,19,13,5500,71500
2233,2025-11-14,15:50,20,5,10000,50000
2234,2025-11-15,19:57,1,6,95000,570000
2235,2025-11-15,14:46,1,7,95000,665000
2236,2025-11-15,18:24,2,5,95000,475000
2237,2025-11-15,09:16,3,11,72000,792000
2238,2025-11-15,18:28,4,4,62000,248000
2239,2025-11-15,15:18,4,3,62000,186000
2240,2025-11-15,14:12,5,11,36000,396000
2241,2025-11-15,15:22,6,13,18000,234000
2242,2025-11-15,14:17,7,12,17000,204000
2243,2025-11-15,08:33,8,11,5000,55000
2244,2025-11-15,09:28,8,25,5000,125000
2245,2025-11-15,11:34,9,31,4000,124000
2246,2025-11-15,07:49,10,43,2000,86000
2247,2025-11-15,18:11,11,2,12000,24000
2248,2025-11-15,21:01,11,2,12000,24000
2249,2025-11-15,19:39,12,3,5000,15000
2250,2025-11-15,10:20,12,5,5000,25000
2251,2025-11-15,15:52,13,22,1500,33000
2252,2025-11-15,13:12,13,10,1500,15000
2253,2025-11-15,14:49,14,3,30000,90000
2254,2025-11-15,16:18,15,15,31000,465000
2255,2025-11-15,17:20,16,22,2500,55000
2256,2025-11-15,15:42,17,8,16000,128000
2257,2025-11-15,20:08,18,7,3500,24500
2258,2025-11-15,07:12,19,8,5500,44000
2259,2025-11-15,10:06,20,8,10000,80000
2260,2025-11-16,17:53,1,15,95000,1425000
2261,2025-11-16,14:33,2,7,95000,665000
2262,2025-11-16,11:03,3,10,72000,720000
2263,2025-11-16,12:14,3,3,72000,216000
2264,2025-11-16,07:59,4,1,62000,62000
2265,2025-11-16,21:13,4,4,62000,248000
2266,2025-11-16,14:51,5,2,36000,72000
2267,2025-11-16,17:03,5,8,36000,288000
2268,2025-11-16,18:56,6,20,18000,360000
2269,2025-11-16,12:50,7,15,17000,255000
2270,2025-11-16,11:33,8,40,5000,200000
2271,2025-11-16,07:46,8,1,5000,5000
2272,2025-11-16,11:04,9,26,4000,104000
2273,2025-11-16,08:46,10,17,2000,34000
2274,2025-11-16,10:34,10,1,2000,2000
2275,2025-11-16,13:12,10,1,2000,2000
2276,2025-11-16,17:15,11,7,12000,84000
2277,2025-11-16,09:35,12,4,5000,20000
2278,2025-11-16,18:06,13,27,1500,40500
2279,2025-11-16,19:40,13,15,1500,22500
2280,2025-11-16,17:29,14,9,30000,270000
2281,2025-11-16,21:06,15,7,31000,217000
2282,2025-11-16,09:50,15,7,31000,217000
2283,2025-11-16,13:32,16,11,2500,27500
2284,2025-11-16,09:34,17,6,16000,96000
2285,2025-11-16,21:20,18,2,3500,7000
2286,2025-11-16,15:20,18,2,3500,7000
2287,2025-11-16,20:23,18,1,3500,3500
2288,2025-11-16,17:27,19,8,5500,44000
2289,2025-11-17,16:15,1,3,95000,285000
2290,2025-11-17,16:34,1,4,95000,380000
2291,2025-11-17,19:35,2,8,95000,760000
2292,2025-11-17,14:28,3,5,72000,360000
2293,2025-11-17,13:00,3,6,72000,432000
2294,2025-11-17,18:02,3,5,72000,360000
2295,2025-11-17,21:19,4,1,62000,62000
2296,2025-11-17,07:19,4,2,62000,124000
2297,2025-11-17,10:13,4,3,62000,186000
2298,2025-11-17,19:52,5,1,36000,36000
2299,2025-11-17,18:52,5,7,36000,252000
2300,2025-11-17,15:32,6,15,18000,270000
2301,2025-11-17,21:36,7,6,17000,102000
2302,2025-11-17,07:29,8,19,5000,95000
2303,2025-11-17,09:16,9,27,4000,108000
2304,2025-11-17,16:15,10,34,2000,68000
2305,2025-11-17,19:19,11,5,12000,60000
2306,2025-11-17,13:36,12,7,5000,35000
2307,2025-11-17,19:30,13,3,1500,4500
2308,2025-11-17,09:31,13,11,1500,16500
2309,2025-11-17,20:57,13,9,1500,13500
2310,2025-11-17,16:41,14,1,30000,30000
2311,2025-11-17,11:02,14,4,30000,120000
2312,2025-11-17,13:05,15,10,31000,310000
2313,2025-11-17,19:03,15,4,31000,124000
2314,2025-11-17,21:52,16,11,2500,27500
2315,2025-11-17,13:26,16,6,2500,15000
2316,2025-11-17,21:55,16,5,2500,12500
2317,2025-11-17,19:14,17,5,16000,80000
2318,2025-11-17,21:00,18,3,3500,10500
2319,2025-11-17,17:49,18,1,3500,3500
2320,2025-11-17,11:33,19,1,5500,5500
2321,2025-11-17,07:20,19,14,5500,77000
2322,2025-11-17,09:20,20,4,10000,40000
2323,2025-11-18,10:09,1,7,95000,665000
2324,2025-11-18,18:25,2,3,95000,285000
2325,2025-11-18,13:18,3,1,72000,72000
2326,2025-11-18,19:25,3,1,72000,72000
2327,2025-11-18,09:08,3,2,72000,144000
2328,2025-11-18,14:36,4,8,62000,496000
2329,2025-11-18,13:16,5,9,36000,324000
2330,2025-11-18,08:25,5,2,36000,72000
2331,2025-11-18,19:44,6,12,18000,216000
2332,2025-11-18,09:30,7,9,17000,153000
2333,2025-11-18,14:25,8,21,5000,105000
2334,2025-11-18,15:39,9,4,4000,16000
2335,2025-11-18,18:33,9,7,4000,28000
2336,2025-11-18,08:17,10,21,2000,42000
2337,2025-11-18,17:59,11,3,12000,36000
2338,2025-11-18,16:05,11,4,12000,48000
2339,2025-11-18,13:27,12,4,5000,20000
2340,2025-11-18,10:20,13,32,1500,48000
2341,2025-11-18,17:01,14,4,30000,120000
2342,2025-11-18,12:39,15,3,31000,93000
2343,2025-11-18,20:51,15,13,31000,403000
2344,2025-11-18,09:28,16,19,2500,47500
2345,2025-11-18,20:14,17,1,16000,16000
2346,2025-11-18,12:09,18,8,3500,28000
2347,2025-11-18,08:47,19,1,5500,5500
2348,2025-11-18,07:15,19,6,5500,33000
2349,2025-11-18,07:21,20,1,10000,10000
2350,2025-11-18,18:51,20,1,10000,10000
2351,2025-11-18,08:19,20,1,10000,10000
2352,2025-11-19,07:21,1,8,95000,760000
2353,2025-11-19,15:13,2,7,95000,665000
2354,2025-11-19,15:48,3,8,72000,576000
2355,2025-11-19,14:39,4,7,62000,434000
2356,2025-11-19,18:44,5,3,36000,108000
2357,2025-11-19,17:01,5,8,36000,288000
2358,2025-11-19,21:42,6,16,18000,288000
2359,2025-11-19,11:10,7,9,17000,153000
2360,2025-11-19,10:50,8,15,5000,75000
2361,2025-11-19,07:29,9,5,4000,20000
2362,2025-11-19,17:00,9,11,4000,44000
2363,2025-11-19,17:17,10,25,2000,50000
2364,2025-11-19,20:06,11,2,12000,24000
2365,2025-11-19,07:18,11,1,12000,12000
2366,2025-11-19,10:24,13,25,1500,37500
2367,2025-11-19,15:45,13,8,1500,12000
2368,2025-11-19,12:31,14,10,30000,300000
2369,2025-11-19,08:11,15,5,31000,155000
2370,2025-11-19,10:32,15,2,31000,62000
2371,2025-11-19,07:02,16,9,2500,22500
2372,2025-11-19,10:59,16,3,2500,7500
2373,2025-11-19,15:19,16,1,2500,2500
2374,2025-11-19,13:47,17,4,16000,64000
2375,2025-11-19,12:43,18,9,3500,31500
2376,2025-11-19,17:19,19,10,5500,55000
2377,2025-11-19,15:17,20,3,10000,30000
2378,2025-11-20,11:56,1,6,95000,570000
2379,2025-11-20,13:56,1,1,95000,95000
2380,2025-11-20,11:14,2,1,95000,95000
2381,2025-11-20,09:21,2,5,95000,475000
2382,2025-11-20,21:25,2,1,95000,95000
2383,2025-11-20,18:24,3,2,72000,144000
2384,2025-11-20,15:43,3,8,72000,576000
2385,2025-11-20,13:15,4,2,62000,124000
2386,2025-11-20,16:09,4,3,62000,186000
2387,2025-11-20,11:58,5,8,36000,288000
2388,2025-11-20,15:08,6,8,18000,144000
2389,2025-11-20,10:41,6,1,18000,18000
2390,2025-11-20,15:43,7,9,17000,153000
2391,2025-11-20,11:44,8,5,5000,25000
2392,2025-11-20,18:57,8,23,5000,115000
2393,2025-11-20,09:27,9,24,4000,96000
2394,2025-11-20,12:04,10,5,2000,10000
2395,2025-11-20,15:34,10,6,2000,12000
2396,2025-11-20,18:07,10,12,2000,24000
2397,2025-11-20,20:56,11,5,12000,60000
2398,2025-11-20,07:48,12,4,5000,20000
2399,2025-11-20,13:26,13,36,1500,54000
2400,2025-11-20,18:59,14,7,30000,210000
2401,2025-11-20,21:47,15,11,31000,341000
2402,2025-11-20,11:09,15,3,31000,93000
2403,2025-11-20,09:11,16,7,2500,17500
2404,2025-11-20,07:48,16,32,2500,80000
2405,2025-11-20,16:14,17,2,16000,32000
2406,2025-11-20,10:43,17,1,16000,16000
2407,2025-11-20,07:22,17,1,16000,16000
2408,2025-11-20,19:30,18,4,3500,14000
2409,2025-11-20,20:38,19,8,5500,44000
2410,2025-11-20,17:23,20,6,10000,60000
2411,2025-11-21,13:31,1,8,95000,760000
2412,2025-11-21,09:12,2,2,95000,190000
2413,2025-11-21,13:48,3,14,72000,1008000
2414,2025-11-21,10:47,4,2,62000,124000
2415,2025-11-21,17:12,4,2,62000,124000
2416,2025-11-21,19:13,4,1,62000,62000
2417,2025-11-21,21:28,5,14,36000,504000
2418,2025-11-21,18:20,6,16,18000,288000
2419,2025-11-21,20:29,6,2,18000,36000
2420,2025-11-21,13:49,7,4,17000,68000
2421,2025-11-21,07:38,7,3,17000,51000
2422,2025-11-21,18:20,8,13,5000,65000
2423,2025-11-21,13:39,8,13,5000,65000
2424,2025-11-21,15:06,9,19,4000,76000
2425,2025-11-21,14:29,9,1,4000,4000
2426,2025-11-21,20:56,9,2,4000,8000
2427,2025-11-21,10:33,10,31,2000,62000
2428,2025-11-21,18:02,11,7,12000,84000
2429,2025-11-21,15:48,12,5,5000,25000
2430,2025-11-21,10:18,13,2,1500,3000
2431,2025-11-21,14:25,13,23,1500,34500
2432,2025-11-21,14:10,14,5,30000,150000
2433,2025-11-21,13:18,14,5,30000,150000
2434,2025-11-21,18:33,15,1,31000,31000
2435,2025-11-21,21:09,15,12,31000,372000
2436,2025-11-21,17:28,16,17,2500,42500
2437,2025-11-21,15:07,17,2,16000,32000
2438,2025-11-21,16:57,18,6,3500,21000
2439,2025-11-21,13:26,19,5,5500,27500
2440,2025-11-21,12:28,19,12,5500,66000
2441,2025-11-21,14:37,20,3,10000,30000
2442,2025-11-22,21:29,1,4,95000,380000
2443,2025-11-22,08:16,1,7,95000,665000
2444,2025-11-22,17:58,2,9,95000,855000
2445,2025-11-22,18:46,3,3,72000,216000
2446,2025-11-22,08:05,3,11,72000,792000
2447,2025-11-22,14:40,4,8,62000,496000
2448,2025-11-22,15:45,5,8,36000,288000
2449,2025-11-22,19:32,6,17,18000,306000
2450,2025-11-22,13:35,7,3,17000,51000
2451,2025-11-22,13:02,7,7,17000,119000
2452,2025-11-22,16:55,8,22,5000,110000
2453,2025-11-22,17:55,8,14,5000,70000
2454,2025-11-22,20:09,9,41,4000,164000
2455,2025-11-22,18:03,10,53,2000,106000
2456,2025-11-22,11:46,11,8,12000,96000
2457,2025-11-22,11:40,12,8,5000,40000
2458,2025-11-22,09:07,12,1,5000,5000
2459,2025-11-22,07:39,13,13,1500,19500
2460,2025-11-22,19:16,13,27,1500,40500
2461,2025-11-22,14:54,14,9,30000,270000
2462,2025-11-22,19:00,15,16,31000,496000
2463,2025-11-22,10:13,16,16,2500,40000
2464,2025-11-22,16:42,16,4,2500,10000
2465,2025-11-22,13:28,17,5,16000,80000
2466,2025-11-22,16:00,18,8,3500,28000
2467,2025-11-22,15:17,19,9,5500,49500
2468,2025-11-22,20:52,20,5,10000,50000
2469,2025-11-22,10:03,20,2,10000,20000
2470,2025-11-23,07:41,1,15,95000,1425000
2471,2025-11-23,09:54,2,6,95000,570000
2472,2025-11-23,16:53,3,6,72000,432000
2473,2025-11-23,21:05,4,3,62000,186000
2474,2025-11-23,07:06,4,3,62000,186000
2475,2025-11-23,09:10,5,15,36000,540000
2476,2025-11-23,17:44,6,10,18000,180000
2477,2025-11-23,18:38,6,5,18000,90000
2478,2025-11-23,15:11,7,8,17000,136000
2479,2025-11-23,21:02,8,19,5000,95000
2480,2025-11-23,08:49,8,2,5000,10000
2481,2025-11-23,11:20,8,1,5000,5000
2482,2025-11-23,13:52,9,38,4000,152000
2483,2025-11-23,13:53,10,34,2000,68000
2484,2025-11-23,11:30,11,6,12000,72000
2485,2025-11-23,18:55,12,7,5000,35000
2486,2025-11-23,15:26,13,35,1500,52500
2487,2025-11-23,18:13,14,7,30000,210000
2488,2025-11-23,16:46,15,4,31000,124000
2489,2025-11-23,17:33,15,16,31000,496000
2490,2025-11-23,18:38,16,16,2500,40000
2491,2025-11-23,21:50,16,3,2500,7500
2492,2025-11-23,18:18,16,1,2500,2500
2493,2025-11-23,20:20,17,7,16000,112000
2494,2025-11-23,16:39,18,9,3500,31500
2495,2025-11-23,09:39,19,18,5500,99000
2496,2025-11-23,15:46,20,4,10000,40000
2497,2025-11-24,19:11,1,4,95000,380000
2498,2025-11-24,21:39,1,4,95000,380000
2499,2025-11-24,11:12,2,4,95000,380000
2500,2025-11-24,07:29,3,9,72000,648000
2501,2025-11-24,18:54,4,1,62000,62000
2502,2025-11-24,10:51,4,6,62000,372000
2503,2025-11-24,13:02,5,4,36000,144000
2504,2025-11-24,12:22,5,3,36000,108000
2505,2025-11-24,17:13,6,18,18000,324000
2506,2025-11-24,10:44,7,7,17000,119000
2507,2025-11-24,19:04,8,19,5000,95000
2508,2025-11-24,15:35,9,23,4000,92000
2509,2025-11-24,07:07,10,23,2000,46000
2510,2025-11-24,13:46,11,3,12000,36000
2511,2025-11-24,16:39,11,4,12000,48000
2512,2025-11-24,12:53,12,2,5000,10000
2513,2025-11-24,12:59,12,1,5000,5000
2514,2025-11-24,17:30,12,3,5000,15000
2515,2025-11-24,14:09,13,3,1500,4500
2516,2025-11-24,17:29,13,9,1500,13500
2517,2025-11-24,21:55,13,24,1500,36000
2518,2025-11-24,12:29,14,4,30000,120000
2519,2025-11-24,21:47,15,7,31000,217000
2520,2025-11-24,07:53,15,8,31000,248000
2521,2025-11-24,16:46,16,31,2500,77500
2522,2025-11-24,10:36,17,1,16000,16000
2523,2025-11-24,17:21,17,1,16000,16000
2524,2025-11-24,08:09,18,2,3500,7000
2525,2025-11-24,11:53,18,2,3500,7000
2526,2025-11-24,13:40,19,11,5500,60500
2527,2025-11-24,09:36,20,5,10000,50000
2528,2025-11-25,16:07,1,2,95000,190000
2529,2025-11-25,20:50,1,6,95000,570000
2530,2025-11-25,18:02,2,3,95000,285000
2531,2025-11-25,11:26,2,2,95000,190000
2532,2025-11-25,21:15,3,13,72000,936000
2533,2025-11-25,20:19,4,9,62000,558000
2534,2025-11-25,11:11,5,11,36000,396000
2535,2025-11-25,19:02,6,12,18000,216000
2536,2025-11-25,14:32,7,2,17000,34000
2537,2025-11-25,07:51,7,8,17000,136000
2538,2025-11-25,15:09,8,29,5000,145000
2539,2025-11-25,21:30,9,21,4000,84000
2540,2025-11-25,19:20,10,10,2000,20000
2541,2025-11-25,09:49,10,7,2000,14000
2542,2025-11-25,15:43,11,7,12000,84000
2543,2025-11-25,09:13,11,1,12000,12000
2544,2025-11-25,13:45,12,4,5000,20000
2545,2025-11-25,20:33,12,3,5000,15000
2546,2025-11-25,11:59,13,13,1500,19500
2547,2025-11-25,20:38,14,10,30000,300000
2548,2025-11-25,14:56,15,6,31000,186000
2549,2025-11-25,07:06,15,7,31000,217000
2550,2025-11-25,17:47,16,19,2500,47500
2551,2025-11-25,16:48,17,4,16000,64000
2552,2025-11-25,21:13,18,6,3500,21000
2553,2025-11-25,10:18,19,12,5500,66000
2554,2025-11-25,12:49,20,4,10000,40000
2555,2025-11-26,08:17,1,9,95000,855000
2556,2025-11-26,11:07,2,4,95000,380000
2557,2025-11-26,16:35,3,14,72000,1008000
2558,2025-11-26,10:34,4,8,62000,496000
2559,2025-11-26,12:17,5,7,36000,252000
2560,2025-11-26,18:51,6,18,18000,324000
2561,2025-11-26,10:10,7,7,17000,119000
2562,2025-11-26,16:57,8,23,5000,115000
2563,2025-11-26,14:03,9,24,4000,96000
2564,2025-11-26,14:57,10,38,2000,76000
2565,2025-11-26,13:03,11,1,12000,12000
2566,2025-11-26,08:27,11,4,12000,48000
2567,2025-11-26,18:38,12,7,5000,35000
2568,2025-11-26,20:44,13,21,1500,31500
2569,2025-11-26,18:28,13,8,1500,12000
2570,2025-11-26,12:52,14,3,30000,90000
2571,2025-11-26,10:45,14,4,30000,120000
2572,2025-11-26,21:48,15,3,31000,93000
2573,2025-11-26,19:29,15,14,31000,434000
2574,2025-11-26,08:52,16,10,2500,25000
2575,2025-11-26,08:29,17,1,16000,16000
2576,2025-11-26,11:43,17,1,16000,16000
2577,2025-11-26,14:14,18,2,3500,7000
2578,2025-11-26,10:09,18,2,3500,7000
2579,2025-11-26,11:58,19,10,5500,55000
2580,2025-11-26,12:25,19,3,5500,16500
2581,2025-11-26,21:42,20,7,10000,70000
2582,2025-11-27,20:56,1,7,95000,665000
2583,2025-11-27,14:01,2,4,95000,380000
2584,2025-11-27,08:22,3,12,72000,864000
2585,2025-11-27,20:10,4,9,62000,558000
2586,2025-11-27,12:38,5,7,36000,252000
2587,2025-11-27,15:06,6,15,18000,270000
2588,2025-11-27,18:50,7,11,17000,187000
2589,2025-11-27,15:41,8,21,5000,105000
2590,2025-11-27,11:34,9,23,4000,92000
2591,2025-11-27,16:26,10,32,2000,64000
2592,2025-11-27,10:35,12,9,5000,45000
2593,2025-11-27,14:24,13,25,1500,37500
2594,2025-11-27,10:52,14,2,30000,60000
2595,2025-11-27,19:27,15,7,31000,217000
2596,2025-11-27,16:50,15,9,31000,279000
2597,2025-11-27,18:15,16,28,2500,70000
2598,2025-11-27,17:04,17,3,16000,48000
2599,2025-11-27,16:53,18,6,3500,21000
2600,2025-11-27,14:07,18,1,3500,3500
2601,2025-11-27,14:20,19,15,5500,82500
2602,2025-11-27,20:28,20,6,10000,60000
2603,2025-11-28,13:04,1,11,95000,1045000
2604,2025-11-28,17:52,2,6,95000,570000
2605,2025-11-28,20:24,3,12,72000,864000
2606,2025-11-28,17:42,4,3,62000,186000
2607,2025-11-28,10:52,5,9,36000,324000
2608,2025-11-28,16:57,6,10,18000,180000
2609,2025-11-28,19:09,7,1,17000,17000
2610,2025-11-28,17:09,7,12,17000,204000
2611,2025-11-28,11:24,8,16,5000,80000
2612,2025-11-28,10:13,9,15,4000,60000
2613,2025-11-28,17:56,9,7,4000,28000
2614,2025-11-28,16:50,10,29,2000,58000
2615,2025-11-28,18:58,11,3,12000,36000
2616,2025-11-28,12:05,11,2,12000,24000
2617,2025-11-28,16:00,11,1,12000,12000
2618,2025-11-28,13:54,12,9,5000,45000
2619,2025-11-28,09:54,12,3,5000,15000
2620,2025-11-28,12:57,13,25,1500,37500
2621,2025-11-28,07:00,14,8,30000,240000
2622,2025-11-28,08:55,15,6,31000,186000
2623,2025-11-28,11:55,15,6,31000,186000
2624,2025-11-28,13:44,16,12,2500,30000
2625,2025-11-28,17:20,17,3,16000,48000
2626,2025-11-28,13:27,18,4,3500,14000
2627,2025-11-28,15:13,18,1,3500,3500
2628,2025-11-28,09:12,19,4,5500,22000
2629,2025-11-28,15:24,19,4,5500,22000
2630,2025-11-28,20:26,20,2,10000,20000
2631,2025-11-28,09:18,20,1,10000,10000
2632,2025-11-29,07:04,1,2,95000,190000
2633,2025-11-29,17:01,1,1,95000,95000
2634,2025-11-29,09:46,1,3,95000,285000
2635,2025-11-29,09:05,2,4,95000,380000
2636,2025-11-29,09:41,2,2,95000,190000
2637,2025-11-29,14:57,3,7,72000,504000
2638,2025-11-29,19:44,3,1,72000,72000
2639,2025-11-29,16:11,4,7,62000,434000
2640,2025-11-29,14:32,4,2,62000,124000
2641,2025-11-29,20:28,5,11,36000,396000
2642,2025-11-29,10:11,6,8,18000,144000
2643,2025-11-29,07:36,7,9,17000,153000
2644,2025-11-29,18:15,8,19,5000,95000
2645,2025-11-29,13:59,9,18,4000,72000
2646,2025-11-29,15:36,9,15,4000,60000
2647,2025-11-29,07:36,10,42,2000,84000
2648,2025-11-29,12:07,11,2,12000,24000
2649,2025-11-29,18:05,12,9,5000,45000
2650,2025-11-29,18:33,13,37,1500,55500
2651,2025-11-29,15:05,14,5,30000,150000
2652,2025-11-29,15:56,14,4,30000,120000
2653,2025-11-29,16:05,14,3,30000,90000
2654,2025-11-29,17:47,15,16,31000,496000
2655,2025-11-29,17:40,16,3,2500,7500
2656,2025-11-29,15:51,16,14,2500,35000
2657,2025-11-29,16:03,17,4,16000,64000
2658,2025-11-29,14:32,18,1,3500,3500
2659,2025-11-29,21:30,18,2,3500,7000
2660,2025-11-29,16:46,18,1,3500,3500
2661,2025-11-29,12:51,19,19,5500,104500
2662,2025-11-29,09:02,20,5,10000,50000
2663,2025-11-30,18:50,1,10,95000,950000
2664,2025-11-30,16:16,1,7,95000,665000
2665,2025-11-30,14:37,2,6,95000,570000
2666,2025-11-30,07:42,3,11,72000,792000
2667,2025-11-30,14:05,4,1,62000,62000
2668,2025-11-30,09:32,4,2,62000,124000
2669,2025-11-30,08:54,4,1,62000,62000
2670,2025-11-30,09:39,5,3,36000,108000
2671,2025-11-30,11:17,5,3,36000,108000
2672,2025-11-30,18:07,6,1,18000,18000
2673,2025-11-30,16:11,6,7,18000,126000
2674,2025-11-30,14:23,7,3,17000,51000
2675,2025-11-30,19:11,7,6,17000,102000
2676,2025-11-30,11:50,7,2,17000,34000
2677,2025-11-30,09:51,8,16,5000,80000
2678,2025-11-30,15:55,8,15,5000,75000
2679,2025-11-30,08:09,9,16,4000,64000
2680,2025-11-30,20:09,10,38,2000,76000
2681,2025-11-30,19:24,11,4,12000,48000
2682,2025-11-30,10:42,11,1,12000,12000
2683,2025-11-30,17:10,12,9,5000,45000
2684,2025-11-30,18:53,13,54,1500,81000
2685,2025-11-30,17:16,14,13,30000,390000
2686,2025-11-30,07:10,15,2,31000,62000
2687,2025-11-30,14:25,15,12,31000,372000
2688,2025-11-30,14:47,16,16,2500,40000
2689,2025-11-30,17:45,18,1,3500,3500
2690,2025-11-30,13:30,18,2,3500,7000
2691,2025-11-30,11:09,18,1,3500,3500
2692,2025-11-30,13:00,19,12,5500,66000
2693,2025-11-30,19:28,20,3,10000,30000
2694,2025-12-01,12:33,1,8,95000,760000
2695,2025-12-01,08:58,2,1,95000,95000
2696,2025-12-01,15:40,2,4,95000,380000
2697,2025-12-01,20:27,3,13,72000,936000
2698,2025-12-01,12:17,4,3,62000,186000
2699,2025-12-01,11:51,4,3,62000,186000
2700,2025-12-01,17:37,5,11,36000,396000
2701,2025-12-01,19:43,6,18,18000,324000
2702,2025-12-01,17:37,7,6,17000,102000
2703,2025-12-01,19:12,7,1,17000,17000
2704,2025-12-01,17:44,8,30,5000,150000
2705,2025-12-01,07:43,9,11,4000,44000
2706,2025-12-01,07:53,9,9,4000,36000
2707,2025-12-01,08:00,9,4,4000,16000
2708,2025-12-01,15:06,10,28,2000,56000
2709,2025-12-01,10:46,11,3,12000,36000
2710,2025-12-01,11:16,11,5,12000,60000
2711,2025-12-01,07:39,12,9,5000,45000
2712,2025-12-01,16:42,13,42,1500,63000
2713,2025-12-01,16:40,14,4,30000,120000
2714,2025-12-01,08:45,14,6,30000,180000
2715,2025-12-01,09:24,15,2,31000,62000
2716,2025-12-01,17:48,15,10,31000,310000
2717,2025-12-01,21:41,15,3,31000,93000
2718,2025-12-01,09:57,16,25,2500,62500
2719,2025-12-01,09:16,17,2,16000,32000
2720,2025-12-01,17:59,18,7,3500,24500
2721,2025-12-01,14:59,19,11,5500,60500
2722,2025-12-01,11:10,20,2,10000,20000
2723,2025-12-01,19:04,20,2,10000,20000
2724,2025-12-01,11:49,20,1,10000,10000
2725,2025-12-02,13:21,1,8,95000,760000
2726,2025-12-02,09:28,2,1,95000,95000
2727,2025-12-02,08:31,2,1,95000,95000
2728,2025-12-02,21:12,2,1,95000,95000
2729,2025-12-02,17:31,3,3,72000,216000
2730,2025-12-02,08:09,3,8,72000,576000
2731,2025-12-02,13:13,4,8,62000,496000
2732,2025-12-02,21:28,5,2,36000,72000
2733,2025-12-02,18:16,5,9,36000,324000
2734,2025-12-02,08:04,6,11,18000,198000
2735,2025-12-02,11:49,7,13,17000,221000
2736,2025-12-02,21:31,8,14,5000,70000
2737,2025-12-02,17:00,9,32,4000,128000
2738,2025-12-02,11:09,10,22,2000,44000
2739,2025-12-02,18:21,10,7,2000,14000
2740,2025-12-02,21:25,10,3,2000,6000
2741,2025-12-02,15:45,11,5,12000,60000
2742,2025-12-02,13:25,12,8,5000,40000
2743,2025-12-02,20:46,12,4,5000,20000
2744,2025-12-02,19:51,12,2,5000,10000
2745,2025-12-02,10:00,13,18,1500,27000
2746,2025-12-02,13:44,13,6,1500,9000
2747,2025-12-02,08:36,14,8,30000,240000
2748,2025-12-02,15:59,14,4,30000,120000
2749,2025-12-02,13:03,15,11,31000,341000
2750,2025-12-02,17:41,15,5,31000,155000
2751,2025-12-02,08:23,15,4,31000,124000
2752,2025-12-02,12:05,16,18,2500,45000
2753,2025-12-02,17:12,17,3,16000,48000
2754,2025-12-02,09:35,17,4,16000,64000
2755,2025-12-02,13:42,18,6,3500,21000
2756,2025-12-02,18:24,19,12,5500,66000
2757,2025-12-02,14:05,20,3,10000,30000
2758,2025-12-02,21:40,20,3,10000,30000
2759,2025-12-03,10:08,1,8,95000,760000
2760,2025-12-03,07:46,2,7,95000,665000
2761,2025-12-03,13:04,3,4,72000,288000
2762,2025-12-03,19:34,3,8,72000,576000
2763,2025-12-03,17:19,3,4,72000,288000
2764,2025-12-03,20:51,4,3,62000,186000
2765,2025-12-03,07:02,5,15,36000,540000
2766,2025-12-03,12:50,6,8,18000,144000
2767,2025-12-03,08:13,7,7,17000,119000
2768,2025-12-03,19:41,7,6,17000,102000
2769,2025-12-03,17:55,8,15,5000,75000
2770,2025-12-03,20:34,8,13,5000,65000
2771,2025-12-03,16:14,9,17,4000,68000
2772,2025-12-03,14:41,10,2,2000,4000
2773,2025-12-03,07:30,10,5,2000,10000
2774,2025-12-03,21:58,10,18,2000,36000
2775,2025-12-03,18:41,11,1,12000,12000
2776,2025-12-03,09:00,11,3,12000,36000
2777,2025-12-03,07:57,12,8,5000,40000
2778,2025-12-03,19:06,13,31,1500,46500
2779,2025-12-03,09:53,14,11,30000,330000
2780,2025-12-03,20:52,15,21,31000,651000
2781,2025-12-03,14:38,16,32,2500,80000
2782,2025-12-03,08:51,17,1,16000,16000
2783,2025-12-03,10:27,17,2,16000,32000
2784,2025-12-03,20:47,18,6,3500,21000
2785,2025-12-03,08:43,19,2,5500,11000
2786,2025-12-03,16:34,19,2,5500,11000
2787,2025-12-03,20:50,20,4,10000,40000
2788,2025-12-04,07:37,1,11,95000,1045000
2789,2025-12-04,08:07,2,9,95000,855000
2790,2025-12-04,19:26,3,9,72000,648000
2791,2025-12-04,12:35,4,6,62000,372000
2792,2025-12-04,10:59,5,11,36000,396000
2793,2025-12-04,09:06,6,17,18000,306000
2794,2025-12-04,16:24,7,6,17000,102000
2795,2025-12-04,19:10,7,2,17000,34000
2796,2025-12-04,14:05,8,23,5000,115000
2797,2025-12-04,09:59,9,21,4000,84000
2798,2025-12-04,17:37,10,28,2000,56000
2799,2025-12-04,18:51,11,4,12000,48000
2800,2025-12-04,19:49,11,4,12000,48000
2801,2025-12-04,09:13,12,9,5000,45000
2802,2025-12-04,11:33,13,30,1500,45000
2803,2025-12-04,10:11,14,8,30000,240000
2804,2025-12-04,16:11,15,1,31000,31000
2805,2025-12-04,18:31,15,15,31000,465000
2806,2025-12-04,17:52,16,3,2500,7500
2807,2025-12-04,19:19,16,17,2500,42500
2808,2025-12-04,07:35,17,4,16000,64000
2809,2025-12-04,08:33,18,10,3500,35000
2810,2025-12-04,20:48,19,10,5500,55000
2811,2025-12-04,15:32,19,2,5500,11000
2812,2025-12-04,10:29,19,1,5500,5500
2813,2025-12-04,11:03,20,2,10000,20000
2814,2025-12-04,10:07,20,3,10000,30000
2815,2025-12-05,14:11,1,8,95000,760000
2816,2025-12-05,09:42,1,3,95000,285000
2817,2025-12-05,12:18,2,1,95000,95000
2818,2025-12-05,10:27,2,3,95000,285000
2819,2025-12-05,11:21,2,1,95000,95000
2820,2025-12-05,07:06,3,15,72000,1080000
2821,2025-12-05,18:03,3,2,72000,144000
2822,2025-12-05,19:01,4,2,62000,124000
2823,2025-12-05,14:32,4,2,62000,124000
2824,2025-12-05,08:04,4,4,62000,248000
2825,2025-12-05,16:37,5,8,36000,288000
2826,2025-12-05,12:26,5,3,36000,108000
2827,2025-12-05,17:57,6,18,18000,324000
2828,2025-12-05,19:07,7,6,17000,102000
2829,2025-12-05,08:15,8,12,5000,60000
2830,2025-12-05,10:24,9,14,4000,56000
2831,2025-12-05,21:14,9,2,4000,8000
2832,2025-12-05,16:31,10,29,2000,58000
2833,2025-12-05,13:09,11,11,12000,132000
2834,2025-12-05,16:29,12,15,5000,75000
2835,2025-12-05,12:08,13,40,1500,60000
2836,2025-12-05,10:40,14,10,30000,300000
2837,2025-12-05,11:12,15,11,31000,341000
2838,2025-12-05,07:44,16,19,2500,47500
2839,2025-12-05,11:08,17,3,16000,48000
2840,2025-12-05,14:29,18,5,3500,17500
2841,2025-12-05,19:21,19,10,5500,55000
2842,2025-12-05,11:38,20,4,10000,40000
2843,2025-12-06,19:40,1,4,95000,380000
2844,2025-12-06,15:54,2,2,95000,190000
2845,2025-12-06,10:05,2,5,95000,475000
2846,2025-12-06,13:54,2,1,95000,95000
2847,2025-12-06,20:13,3,10,72000,720000
2848,2025-12-06,20:29,4,8,62000,496000
2849,2025-12-06,18:27,5,17,36000,612000
2850,2025-12-06,10:20,6,4,18000,72000
2851,2025-12-06,13:37,6,7,18000,126000
2852,2025-12-06,21:37,7,3,17000,51000
2853,2025-12-06,13:02,8,19,5000,95000
2854,2025-12-06,07:30,8,1,5000,5000
2855,2025-12-06,18:49,8,4,5000,20000
2856,2025-12-06,13:33,9,40,4000,160000
2857,2025-12-06,19:51,10,47,2000,94000
2858,2025-12-06,14:31,11,1,12000,12000
2859,2025-12-06,10:05,11,2,12000,24000
2860,2025-12-06,07:44,12,10,5000,50000
2861,2025-12-06,09:22,13,14,1500,21000
2862,2025-12-06,11:15,13,20,1500,30000
2863,2025-12-06,07:30,14,2,30000,60000
2864,2025-12-06,17:19,14,8,30000,240000
2865,2025-12-06,14:54,15,24,31000,744000
2866,2025-12-06,16:01,16,12,2500,30000
2867,2025-12-06,20:45,17,2,16000,32000
2868,2025-12-06,13:11,17,1,16000,16000
2869,2025-12-06,19:55,17,2,16000,32000
2870,2025-12-06,14:45,18,7,3500,24500
2871,2025-12-06,13:57,19,3,5500,16500
2872,2025-12-06,18:21,19,16,5500,88000
2873,2025-12-06,11:27,20,5,10000,50000
2874,2025-12-07,15:36,1,10,95000,950000
2875,2025-12-07,19:13,1,2,95000,190000
2876,2025-12-07,16:56,2,1,95000,95000
2877,2025-12-07,12:47,2,4,95000,380000
2878,2025-12-07,21:03,3,9,72000,648000
2879,2025-12-07,08:24,3,3,72000,216000
2880,2025-12-07,12:29,3,3,72000,216000
2881,2025-12-07,12:11,4,3,62000,186000
2882,2025-12-07,17:35,4,3,62000,186000
2883,2025-12-07,18:49,5,9,36000,324000
2884,2025-12-07,10:08,5,4,36000,144000
2885,2025-12-07,17:30,6,4,18000,72000
2886,2025-12-07,18:48,6,2,18000,36000
2887,2025-12-07,16:55,6,7,18000,126000
2888,2025-12-07,19:14,7,4,17000,68000
2889,2025-12-07,12:22,7,6,17000,102000
2890,2025-12-07,21:17,7,1,17000,17000
2891,2025-12-07,13:17,8,26,5000,130000
2892,2025-12-07,12:22,9,41,4000,164000
2893,2025-12-07,15:33,10,29,2000,58000
2894,2025-12-07,18:34,11,1,12000,12000
2895,2025-12-07,17:52,11,1,12000,12000
2896,2025-12-07,11:28,12,12,5000,60000
2897,2025-12-07,17:44,13,26,1500,39000
2898,2025-12-07,19:56,13,4,1500,6000
2899,2025-12-07,21:56,14,8,30000,240000
2900,2025-12-07,08:25,15,13,31000,403000
2901,2025-12-07,08:06,16,10,2500,25000
2902,2025-12-07,09:17,16,22,2500,55000
2903,2025-12-07,09:31,18,12,3500,42000
2904,2025-12-07,10:33,19,19,5500,104500
2905,2025-12-07,13:43,20,1,10000,10000
2906,2025-12-07,15:59,20,2,10000,20000
2907,2025-12-07,09:30,20,2,10000,20000
2908,2025-12-08,14:47,1,7,95000,665000
2909,2025-12-08,10:04,2,3,95000,285000
2910,2025-12-08,07:55,2,2,95000,190000
2911,2025-12-08,17:21,3,9,72000,648000
2912,2025-12-08,13:37,3,4,72000,288000
2913,2025-12-08,17:50,4,8,62000,496000
2914,2025-12-08,16:42,5,11,36000,396000
2915,2025-12-08,14:29,6,9,18000,162000
2916,2025-12-08,11:36,6,5,18000,90000
2917,2025-12-08,19:19,7,8,17000,136000
2918,2025-12-08,11:14,8,17,5000,85000
2919,2025-12-08,11:49,9,20,4000,80000
2920,2025-12-08,12:18,10,10,2000,20000
2921,2025-12-08,14:10,10,23,2000,46000
2922,2025-12-08,18:34,11,2,12000,24000
2923,2025-12-08,11:11,11,5,12000,60000
2924,2025-12-08,10:07,13,10,1500,15000
2925,2025-12-08,07:20,13,6,1500,9000
2926,2025-12-08,16:08,13,18,1500,27000
2927,2025-12-08,12:11,14,8,30000,240000
2928,2025-12-08,18:02,15,14,31000,434000
2929,2025-12-08,09:23,16,12,2500,30000
2930,2025-12-08,14:34,16,5,2500,12500
2931,2025-12-08,08:58,17,3,16000,48000
2932,2025-12-08,07:25,17,1,16000,16000
2933,2025-12-08,21:31,17,1,16000,16000
2934,2025-12-08,21:20,18,4,3500,14000
2935,2025-12-08,09:00,18,3,3500,10500
2936,2025-12-08,17:45,19,5,5500,27500
2937,2025-12-08,11:30,19,1,5500,5500
2938,2025-12-08,21:18,19,1,5500,5500
2939,2025-12-08,19:36,20,3,10000,30000
2940,2025-12-08,18:58,20,1,10000,10000
2941,2025-12-08,21:28,20,1,10000,10000
2942,2025-12-09,08:46,1,5,95000,475000
2943,2025-12-09,07:08,2,2,95000,190000
2944,2025-12-09,11:01,3,2,72000,144000
2945,2025-12-09,13:39,3,8,72000,576000
2946,2025-12-09,12:05,4,4,62000,248000
2947,2025-12-09,12:03,4,4,62000,248000
2948,2025-12-09,16:33,5,4,36000,144000
2949,2025-12-09,10:50,5,8,36000,288000
2950,2025-12-09,07:05,6,5,18000,90000
2951,2025-12-09,15:54,6,4,18000,72000
2952,2025-12-09,14:43,6,7,18000,126000
2953,2025-12-09,15:25,7,2,17000,34000
2954,2025-12-09,10:31,7,8,17000,136000
2955,2025-12-09,16:32,8,21,5000,105000
2956,2025-12-09,13:09,9,15,4000,60000
2957,2025-12-09,18:54,9,1,4000,4000
2958,2025-12-09,13:23,9,1,4000,4000
2959,2025-12-09,07:18,10,28,2000,56000
2960,2025-12-09,11:28,11,7,12000,84000
2961,2025-12-09,10:46,12,2,5000,10000
2962,2025-12-09,21:28,12,7,5000,35000
2963,2025-12-09,19:28,13,27,1500,40500
2964,2025-12-09,11:10,13,11,1500,16500
2965,2025-12-09,18:57,14,7,30000,210000
2966,2025-12-09,13:08,14,2,30000,60000
2967,2025-12-09,08:09,15,10,31000,310000
2968,2025-12-09,10:19,15,6,31000,186000
2969,2025-12-09,20:33,16,26,2500,65000
2970,2025-12-09,08:00,17,1,16000,16000
2971,2025-12-09,13:40,17,1,16000,16000
2972,2025-12-09,21:17,17,1,16000,16000
2973,2025-12-09,15:29,18,4,3500,14000
2974,2025-12-09,10:11,19,3,5500,16500
2975,2025-12-09,20:24,19,6,5500,33000
2976,2025-12-09,14:02,20,3,10000,30000
2977,2025-12-10,20:37,1,3,95000,285000
2978,2025-12-10,11:31,1,3,95000,285000
2979,2025-12-10,14:14,2,4,95000,380000
2980,2025-12-10,07:09,3,9,72000,648000
2981,2025-12-10,17:53,4,6,62000,372000
2982,2025-12-10,17:42,5,1,36000,36000
2983,2025-12-10,21:18,5,4,36000,144000
2984,2025-12-10,14:58,6,14,18000,252000
2985,2025-12-10,07:07,7,4,17000,68000
2986,2025-12-10,19:17,7,5,17000,85000
2987,2025-12-10,08:38,8,12,5000,60000
2988,2025-12-10,14:36,9,19,4000,76000
2989,2025-12-10,13:55,9,7,4000,28000
2990,2025-12-10,17:30,10,32,2000,64000
2991,2025-12-10,15:46,11,1,12000,12000
2992,2025-12-10,16:01,11,1,12000,12000
2993,2025-12-10,20:16,11,1,12000,12000
2994,2025-12-10,07:09,12,6,5000,30000
2995,2025-12-10,21:44,13,24,1500,36000
2996,2025-12-10,09:03,14,5,30000,150000
2997,2025-12-10,13:40,15,17,31000,527000
2998,2025-12-10,11:18,16,12,2500,30000
2999,2025-12-10,15:40,16,1,2500,2500
3000,2025-12-10,21:04,16,5,2500,12500
3001,2025-12-10,19:40,17,3,16000,48000
3002,2025-12-10,08:38,18,2,3500,7000
3003,2025-12-10,12:55,19,9,5500,49500
3004,2025-12-10,12:52,19,3,5500,16500
3005,2025-12-10,11:43,20,2,10000,20000
3006,2025-12-10,18:44,20,1,10000,10000
3007,2025-12-11,15:37,1,8,95000,760000
3008,2025-12-11,09:00,2,5,95000,475000
3009,2025-12-11,11:23,3,16,72000,1152000
3010,2025-12-11,12:58,4,2,62000,124000
3011,2025-12-11,21:10,4,2,62000,124000
3012,2025-12-11,09:32,5,2,36000,72000
3013,2025-12-11,10:50,6,14,18000,252000
3014,2025-12-11,18:53,7,10,17000,170000
3015,2025-12-11,15:54,7,3,17000,51000
3016,2025-12-11,15:44,8,25,5000,125000
3017,2025-12-11,13:29,9,4,4000,16000
3018,2025-12-11,21:04,9,19,4000,76000
3019,2025-12-11,09:59,10,21,2000,42000
3020,2025-12-11,12:19,11,7,12000,84000
3021,2025-12-11,20:28,12,2,5000,10000
3022,2025-12-11,21:38,12,3,5000,15000
3023,2025-12-11,12:11,13,33,1500,49500
3024,2025-12-11,18:52,14,1,30000,30000
3025,2025-12-11,08:14,14,8,30000,240000
3026,2025-12-11,18:09,15,18,31000,558000
3027,2025-12-11,09:13,16,20,2500,50000
3028,2025-12-11,09:05,16,16,2500,40000
3029,2025-12-11,19:50,17,4,16000,64000
3030,2025-12-11,07:49,18,5,3500,17500
3031,2025-12-11,13:02,19,9,5500,49500
3032,2025-12-11,07:50,20,2,10000,20000
3033,2025-12-12,07:30,1,5,95000,475000
3034,2025-12-12,08:58,1,1,95000,95000
3035,2025-12-12,08:19,2,4,95000,380000
3036,2025-12-12,19:07,3,2,72000,144000
3037,2025-12-12,21:38,3,8,72000,576000
3038,2025-12-12,21:12,4,7,62000,434000
3039,2025-12-12,12:01,5,7,36000,252000
3040,2025-12-12,20:47,6,18,18000,324000
3041,2025-12-12,12:10,7,5,17000,85000
3042,2025-12-12,20:32,7,2,17000,34000
3043,2025-12-12,19:46,7,2,17000,34000
3044,2025-12-12,08:52,8,3,5000,15000
3045,2025-12-12,16:48,8,14,5000,70000
3046,2025-12-12,10:45,9,19,4000,76000
3047,2025-12-12,11:10,10,26,2000,52000
3048,2025-12-12,18:06,11,5,12000,60000
3049,2025-12-12,21:13,11,1,12000,12000
3050,2025-12-12,21:32,11,1,12000,12000
3051,2025-12-12,12:44,12,4,5000,20000
3052,2025-12-12,16:11,12,1,5000,5000
3053,2025-12-12,08:11,13,25,1500,37500
3054,2025-12-12,13:13,14,4,30000,120000
3055,2025-12-12,15:14,14,3,30000,90000
3056,2025-12-12,19:20,15,10,31000,310000
3057,2025-12-12,08:33,16,15,2500,37500
3058,2025-12-12,19:23,17,3,16000,48000
3059,2025-12-12,18:02,18,5,3500,17500
3060,2025-12-12,08:20,18,2,3500,7000
3061,2025-12-12,13:18,19,10,5500,55000
3062,2025-12-12,18:19,20,5,10000,50000
3063,2025-12-13,10:35,1,8,95000,760000
3064,2025-12-13,13:18,1,6,95000,570000
3065,2025-12-13,20:04,2,4,95000,380000
3066,2025-12-13,21:53,2,1,95000,95000
3067,2025-12-13,19:30,2,1,95000,95000
3068,2025-12-13,07:43,3,6,72000,432000
3069,2025-12-13,14:43,3,3,72000,216000
3070,2025-12-13,08:25,3,6,72000,432000
3071,2025-12-13,17:43,4,7,62000,434000
3072,2025-12-13,09:25,5,12,36000,432000
3073,2025-12-13,16:06,6,12,18000,216000
3074,2025-12-13,08:23,7,1,17000,17000
3075,2025-12-13,10:21,7,3,17000,51000
3076,2025-12-13,20:25,8,25,5000,125000
3077,2025-12-13,20:27,9,43,4000,172000
3078,2025-12-13,19:45,10,18,2000,36000
3079,2025-12-13,19:37,10,20,2000,40000
3080,2025-12-13,19:50,11,9,12000,108000
3081,2025-12-13,12:30,12,7,5000,35000
3082,2025-12-13,17:38,12,5,5000,25000
3083,2025-12-13,11:09,13,32,1500,48000
3084,2025-12-13,19:29,13,5,1500,7500
3085,2025-12-13,08:07,13,2,1500,3000
3086,2025-12-13,14:14,14,11,30000,330000
3087,2025-12-13,07:06,15,3,31000,93000
3088,2025-12-13,18:03,15,10,31000,310000
3089,2025-12-13,17:01,16,16,2500,40000
3090,2025-12-13,09:24,16,4,2500,10000
3091,2025-12-13,09:19,17,3,16000,48000
3092,2025-12-13,16:39,17,3,16000,48000
3093,2025-12-13,08:42,18,8,3500,28000
3094,2025-12-13,19:29,19,8,5500,44000
3095,2025-12-13,10:18,19,5,5500,27500
3096,2025-12-13,15:16,20,2,10000,20000
3097,2025-12-13,15:21,20,2,10000,20000
3098,2025-12-14,15:01,1,9,95000,855000
3099,2025-12-14,19:02,1,2,95000,190000
3100,2025-12-14,14:20,2,1,95000,95000
3101,2025-12-14,20:24,2,4,95000,380000
3102,2025-12-14,14:29,2,2,95000,190000
3103,2025-12-14,09:35,3,9,72000,648000
3104,2025-12-14,21:45,4,1,62000,62000
3105,2025-12-14,09:31,4,1,62000,62000
3106,2025-12-14,11:45,5,9,36000,324000
3107,2025-12-14,19:07,6,9,18000,162000
3108,2025-12-14,14:42,7,9,17000,153000
3109,2025-12-14,15:36,8,25,5000,125000
3110,2025-12-14,15:54,9,26,4000,104000
3111,2025-12-14,07:25,10,43,2000,86000
3112,2025-12-14,16:24,11,7,12000,84000
3113,2025-12-14,19:18,12,6,5000,30000
3114,2025-12-14,12:03,12,3,5000,15000
3115,2025-12-14,07:08,13,45,1500,67500
3116,2025-12-14,19:47,14,3,30000,90000
3117,2025-12-14,16:01,14,3,30000,90000
3118,2025-12-14,13:06,15,11,31000,341000
3119,2025-12-14,13:22,15,8,31000,248000
3120,2025-12-14,07:42,16,14,2500,35000
3121,2025-12-14,10:15,16,3,2500,7500
3122,2025-12-14,10:41,16,5,2500,12500
3123,2025-12-14,08:58,17,6,16000,96000
3124,2025-12-14,08:21,18,2,3500,7000
3125,2025-12-14,09:01,18,2,3500,7000
3126,2025-12-14,07:29,19,6,5500,33000
3127,2025-12-14,16:32,20,4,10000,40000
3128,2025-12-14,21:26,20,2,10000,20000
3129,2025-12-15,18:30,1,8,95000,760000
3130,2025-12-15,12:24,2,3,95000,285000
3131,2025-12-15,12:36,3,9,72000,648000
3132,2025-12-15,14:06,4,9,62000,558000
3133,2025-12-15,12:31,5,2,36000,72000
3134,2025-12-15,15:51,5,5,36000,180000
3135,2025-12-15,09:39,6,11,18000,198000
3136,2025-12-15,11:23,6,9,18000,162000
3137,2025-12-15,17:54,7,2,17000,34000
3138,2025-12-15,19:04,7,2,17000,34000
3139,2025-12-15,20:54,7,2,17000,34000
3140,2025-12-15,11:16,8,22,5000,110000
3141,2025-12-15,16:25,9,19,4000,76000
3142,2025-12-15,18:05,10,20,2000,40000
3143,2025-12-15,18:54,10,9,2000,18000
3144,2025-12-15,16:21,11,4,12000,48000
3145,2025-12-15,16:51,12,7,5000,35000
3146,2025-12-15,13:13,13,30,1500,45000
3147,2025-12-15,08:41,14,5,30000,150000
3148,2025-12-15,13:42,15,10,31000,310000
3149,2025-12-15,15:20,15,7,31000,217000
3150,2025-12-15,13:16,16,16,2500,40000
3151,2025-12-15,17:48,17,2,16000,32000
3152,2025-12-15,15:11,17,1,16000,16000
3153,2025-12-15,18:33,18,3,3500,10500
3154,2025-12-15,20:11,18,1,3500,3500
3155,2025-12-15,10:42,19,1,5500,5500
3156,2025-12-15,21:40,20,2,10000,20000
3157,2025-12-15,15:51,20,1,10000,10000
3158,2025-12-15,16:54,20,1,10000,10000
3159,2025-12-16,21:36,1,7,95000,665000
3160,2025-12-16,18:40,1,6,95000,570000
3161,2025-12-16,10:23,2,6,95000,570000
3162,2025-12-16,10:09,3,11,72000,792000
3163,2025-12-16,20:27,4,3,62000,186000
3164,2025-12-16,13:20,4,3,62000,186000
3165,2025-12-16,17:13,5,2,36000,72000
3166,2025-12-16,20:26,5,8,36000,288000
3167,2025-12-16,11:41,6,16,18000,288000
3168,2025-12-16,17:38,7,6,17000,102000
3169,2025-12-16,10:07,8,25,5000,125000
3170,2025-12-16,07:15,9,26,4000,104000
3171,2025-12-16,14:31,10,10,2000,20000
3172,2025-12-16,15:27,10,20,2000,40000
3173,2025-12-16,21:02,11,6,12000,72000
3174,2025-12-16,11:08,12,8,5000,40000
3175,2025-12-16,19:51,13,35,1500,52500
3176,2025-12-16,15:11,14,9,30000,270000
3177,2025-12-16,18:31,15,1,31000,31000
3178,2025-12-16,19:01,15,12,31000,372000
3179,2025-12-16,21:05,16,16,2500,40000
3180,2025-12-16,11:55,17,4,16000,64000
3181,2025-12-16,13:57,18,8,3500,28000
3182,2025-12-16,17:56,19,5,5500,27500
3183,2025-12-16,20:46,20,2,10000,20000
3184,2025-12-17,08:36,1,2,95000,190000
3185,2025-12-17,18:32,1,6,95000,570000
3186,2025-12-17,14:56,2,3,95000,285000
3187,2025-12-17,08:15,2,1,95000,95000
3188,2025-12-17,16:07,2,1,95000,95000
3189,2025-12-17,12:53,3,6,72000,432000
3190,2025-12-17,16:47,3,6,72000,432000
3191,2025-12-17,18:47,4,7,62000,434000
3192,2025-12-17,13:13,5,9,36000,324000
3193,2025-12-17,09:13,6,20,18000,360000
3194,2025-12-17,11:55,7,2,17000,34000
3195,2025-12-17,16:03,7,2,17000,34000
3196,2025-12-17,14:34,7,1,17000,17000
3197,2025-12-17,08:20,8,12,5000,60000
3198,2025-12-17,14:43,9,21,4000,84000
3199,2025-12-17,11:56,10,12,2000,24000
3200,2025-12-17,12:30,11,2,12000,24000
3201,2025-12-17,18:23,11,3,12000,36000
3202,2025-12-17,17:57,12,1,5000,5000
3203,2025-12-17,16:02,12,10,5000,50000
3204,2025-12-17,19:03,13,22,1500,33000
3205,2025-12-17,18:58,13,8,1500,12000
3206,2025-12-17,11:35,14,2,30000,60000
3207,2025-12-17,13:19,14,6,30000,180000
3208,2025-12-17,21:51,15,6,31000,186000
3209,2025-12-17,17:07,15,5,31000,155000
3210,2025-12-17,10:54,16,16,2500,40000
3211,2025-12-17,07:58,17,3,16000,48000
3212,2025-12-17,08:59,18,2,3500,7000
3213,2025-12-17,20:48,18,2,3500,7000
3214,2025-12-17,10:19,18,1,3500,3500
3215,2025-12-17,21:10,19,14,5500,77000
3216,2025-12-17,21:51,20,3,10000,30000
3217,2025-12-17,19:41,20,1,10000,10000
3218,2025-12-17,13:50,20,1,10000,10000
3219,2025-12-18,20:05,1,5,95000,475000
3220,2025-12-18,14:47,2,4,95000,380000
3221,2025-12-18,13:59,2,1,95000,95000
3222,2025-12-18,13:56,3,12,72000,864000
3223,2025-12-18,21:52,3,1,72000,72000
3224,2025-12-18,09:44,4,9,62000,558000
3225,2025-12-18,08:22,5,13,36000,468000
3226,2025-12-18,18:52,6,9,18000,162000
3227,2025-12-18,12:29,7,7,17000,119000
3228,2025-12-18,17:41,8,1,5000,5000
3229,2025-12-18,09:40,8,9,5000,45000
3230,2025-12-18,17:08,9,20,4000,80000
3231,2025-12-18,10:40,10,28,2000,56000
3232,2025-12-18,16:05,11,8,12000,96000
3233,2025-12-18,10:33,12,7,5000,35000
3234,2025-12-18,20:41,13,25,1500,37500
3235,2025-12-18,19:08,13,2,1500,3000
3236,2025-12-18,13:50,14,6,30000,180000
3237,2025-12-18,12:28,14,2,30000,60000
3238,2025-12-18,18:08,15,12,31000,372000
3239,2025-12-18,17:37,16,32,2500,80000
3240,2025-12-18,10:05,17,1,16000,16000
3241,2025-12-18,13:23,17,1,16000,16000
3242,2025-12-18,21:24,18,6,3500,21000
3243,2025-12-18,07:01,19,15,5500,82500
3244,2025-12-18,21:35,19,1,5500,5500
3245,2025-12-18,17:39,19,1,5500,5500
3246,2025-12-18,14:12,20,1,10000,10000
3247,2025-12-18,11:44,20,4,10000,40000
3248,2025-12-19,13:39,1,1,95000,95000
3249,2025-12-19,13:38,1,6,95000,570000
3250,2025-12-19,08:23,2,4,95000,380000
3251,2025-12-19,16:07,3,11,72000,792000
3252,2025-12-19,15:27,4,9,62000,558000
3253,2025-12-19,20:43,5,2,36000,72000
3254,2025-12-19,14:07,5,2,36000,72000
3255,2025-12-19,10:12,6,20,18000,360000
3256,2025-12-19,18:31,7,2,17000,34000
3257,2025-12-19,13:08,7,2,17000,34000
3258,2025-12-19,13:54,7,1,17000,17000
3259,2025-12-19,10:52,8,16,5000,80000
3260,2025-12-19,17:12,9,19,4000,76000
3261,2025-12-19,13:50,10,29,2000,58000
3262,2025-12-19,11:16,11,2,12000,24000
3263,2025-12-19,14:58,12,9,5000,45000
3264,2025-12-19,16:43,13,45,1500,67500
3265,2025-12-19,07:30,14,1,30000,30000
3266,2025-12-19,09:55,14,3,30000,90000
3267,2025-12-19,18:25,15,15,31000,465000
3268,2025-12-19,13:45,16,12,2500,30000
3269,2025-12-19,13:47,16,4,2500,10000
3270,2025-12-19,08:06,17,4,16000,64000
3271,2025-12-19,07:21,18,6,3500,21000
3272,2025-12-19,16:42,19,4,5500,22000
3273,2025-12-19,19:38,19,2,5500,11000
3274,2025-12-19,18:47,19,1,5500,5500
3275,2025-12-19,11:32,20,1,10000,10000
3276,2025-12-19,16:24,20,4,10000,40000
3277,2025-12-20,13:42,1,17,95000,1615000
3278,2025-12-20,21:35,2,6,95000,570000
3279,2025-12-20,09:16,3,16,72000,1152000
3280,2025-12-20,14:59,4,4,62000,248000
3281,2025-12-20,14:08,5,8,36000,288000
3282,2025-12-20,18:33,6,17,18000,306000
3283,2025-12-20,11:07,7,14,17000,238000
3284,2025-12-20,09:31,8,30,5000,150000
3285,2025-12-20,18:23,9,9,4000,36000
3286,2025-12-20,21:27,9,18,4000,72000
3287,2025-12-20,21:16,10,29,2000,58000
3288,2025-12-20,15:20,11,2,12000,24000
3289,2025-12-20,13:57,11,1,12000,12000
3290,2025-12-20,18:31,12,10,5000,50000
3291,2025-12-20,15:54,13,10,1500,15000
3292,2025-12-20,21:42,13,37,1500,55500
3293,2025-12-20,07:12,14,4,30000,120000
3294,2025-12-20,09:03,14,4,30000,120000
3295,2025-12-20,07:30,15,14,31000,434000
3296,2025-12-20,18:29,16,24,2500,60000
3297,2025-12-20,21:59,17,4,16000,64000
3298,2025-12-20,14:22,18,6,3500,21000
3299,2025-12-20,14:31,19,18,5500,99000
3300,2025-12-20,08:54,19,4,5500,22000
3301,2025-12-20,18:55,19,2,5500,11000
3302,2025-12-20,12:05,20,5,10000,50000
3303,2025-12-21,11:11,1,9,95000,855000
3304,2025-12-21,16:57,2,3,95000,285000
3305,2025-12-21,17:37,2,2,95000,190000
3306,2025-12-21,07:33,3,17,72000,1224000
3307,2025-12-21,13:58,4,2,62000,124000
3308,2025-12-21,08:15,4,5,62000,310000
3309,2025-12-21,21:21,5,2,36000,72000
3310,2025-12-21,07:18,5,7,36000,252000
3311,2025-12-21,13:23,6,4,18000,72000
3312,2025-12-21,16:59,6,17,18000,306000
3313,2025-12-21,07:05,7,6,17000,102000
3314,2025-12-21,14:53,7,2,17000,34000
3315,2025-12-21,18:42,7,6,17000,102000
3316,2025-12-21,17:17,8,21,5000,105000
3317,2025-12-21,07:21,9,13,4000,52000
3318,2025-12-21,18:46,10,29,2000,58000
3319,2025-12-21,21:51,10,6,2000,12000
3320,2025-12-21,16:08,10,4,2000,8000
3321,2025-12-21,07:51,11,5,12000,60000
3322,2025-12-21,19:03,12,6,5000,30000
3323,2025-12-21,18:04,12,4,5000,20000
3324,2025-12-21,16:24,13,19,1500,28500
3325,2025-12-21,11:11,14,13,30000,390000
3326,2025-12-21,19:55,15,11,31000,341000
3327,2025-12-21,07:54,16,28,2500,70000
3328,2025-12-21,13:49,17,5,16000,80000
3329,2025-12-21,17:48,18,4,3500,14000
3330,2025-12-21,11:31,19,3,5500,16500
3331,2025-12-21,19:27,19,2,5500,11000
3332,2025-12-21,18:51,19,7,5500,38500
3333,2025-12-21,17:06,20,2,10000,20000
3334,2025-12-21,20:23,20,2,10000,20000
3335,2025-12-21,15:12,20,2,10000,20000
3336,2025-12-22,21:24,1,8,95000,760000
3337,2025-12-22,16:38,2,6,95000,570000
3338,2025-12-22,19:27,3,17,72000,1224000
3339,2025-12-22,13:40,4,1,62000,62000
3340,2025-12-22,13:05,4,2,62000,124000
3341,2025-12-22,12:29,5,14,36000,504000
3342,2025-12-22,17:45,6,11,18000,198000
3343,2025-12-22,09:59,6,3,18000,54000
3344,2025-12-22,17:41,7,6,17000,102000
3345,2025-12-22,11:29,8,9,5000,45000
3346,2025-12-22,21:51,9,20,4000,80000
3347,2025-12-22,09:08,10,31,2000,62000
3348,2025-12-22,20:15,11,3,12000,36000
3349,2025-12-22,15:27,11,2,12000,24000
3350,2025-12-22,07:35,12,11,5000,55000
3351,2025-12-22,07:32,13,19,1500,28500
3352,2025-12-22,13:26,14,7,30000,210000
3353,2025-12-22,17:46,15,11,31000,341000
3354,2025-12-22,11:22,16,22,2500,55000
3355,2025-12-22,08:49,17,5,16000,80000
3356,2025-12-22,08:47,18,5,3500,17500
3357,2025-12-22,19:11,20,2,10000,20000
3358,2025-12-22,20:25,20,3,10000,30000
3359,2025-12-23,13:56,1,9,95000,855000
3360,2025-12-23,16:46,2,3,95000,285000
3361,2025-12-23,14:48,2,2,95000,190000
3362,2025-12-23,19:16,3,10,72000,720000
3363,2025-12-23,12:58,3,5,72000,360000
3364,2025-12-23,10:11,4,1,62000,62000
3365,2025-12-23,08:47,4,3,62000,186000
3366,2025-12-23,13:34,5,5,36000,180000
3367,2025-12-23,07:00,5,1,36000,36000
3368,2025-12-23,13:07,5,5,36000,180000
3369,2025-12-23,17:30,6,19,18000,342000
3370,2025-12-23,13:55,7,4,17000,68000
3371,2025-12-23,11:39,8,16,5000,80000
3372,2025-12-23,20:39,8,4,5000,20000
3373,2025-12-23,17:44,9,18,4000,72000
3374,2025-12-23,08:08,10,10,2000,20000
3375,2025-12-23,09:00,10,14,2000,28000
3376,2025-12-23,20:01,11,6,12000,72000
3377,2025-12-23,20:01,12,2,5000,10000
3378,2025-12-23,10:30,12,4,5000,20000
3379,2025-12-23,10:27,13,21,1500,31500
3380,2025-12-23,20:40,13,3,1500,4500
3381,2025-12-23,10:05,14,5,30000,150000
3382,2025-12-23,11:49,14,3,30000,90000
3383,2025-12-23,14:27,15,11,31000,341000
3384,2025-12-23,09:57,16,13,2500,32500
3385,2025-12-23,18:28,17,5,16000,80000
3386,2025-12-23,20:28,18,1,3500,3500
3387,2025-12-23,16:15,18,1,3500,3500
3388,2025-12-23,10:18,18,1,3500,3500
3389,2025-12-23,20:25,19,12,5500,66000
3390,2025-12-23,07:06,20,5,10000,50000
3391,2025-12-24,13:54,1,2,95000,190000
3392,2025-12-24,14:47,1,1,95000,95000
3393,2025-12-24,18:35,2,3,95000,285000
3394,2025-12-24,13:31,3,1,72000,72000
3395,2025-12-24,15:37,3,8,72000,576000
3396,2025-12-24,18:39,3,6,72000,432000
3397,2025-12-24,18:03,4,2,62000,124000
3398,2025-12-24,15:01,4,1,62000,62000
3399,2025-12-24,13:36,4,1,62000,62000
3400,2025-12-24,08:17,5,8,36000,288000
3401,2025-12-24,21:30,6,7,18000,126000
3402,2025-12-24,08:31,6,8,18000,144000
3403,2025-12-24,14:44,7,6,17000,102000
3404,2025-12-24,13:01,7,4,17000,68000
3405,2025-12-24,18:12,8,16,5000,80000
3406,2025-12-24,14:14,9,18,4000,72000
3407,2025-12-24,16:58,10,35,2000,70000
3408,2025-12-24,09:56,11,8,12000,96000
3409,2025-12-24,11:46,11,1,12000,12000
3410,2025-12-24,20:43,12,7,5000,35000
3411,2025-12-24,17:47,12,3,5000,15000
3412,2025-12-24,14:51,13,30,1500,45000
3413,2025-12-24,10:18,14,1,30000,30000
3414,2025-12-24,18:47,14,3,30000,90000
3415,2025-12-24,08:42,14,1,30000,30000
3416,2025-12-24,09:12,15,12,31000,372000
3417,2025-12-24,14:06,16,23,2500,57500
3418,2025-12-24,11:15,17,2,16000,32000
3419,2025-12-24,10:35,17,2,16000,32000
3420,2025-12-24,07:22,18,8,3500,28000
3421,2025-12-24,17:10,19,6,5500,33000
3422,2025-12-24,09:52,19,6,5500,33000
3423,2025-12-24,19:04,20,1,10000,10000
3424,2025-12-24,12:27,20,1,10000,10000
3425,2025-12-25,10:07,1,10,95000,950000
3426,2025-12-25,14:16,2,3,95000,285000
3427,2025-12-25,19:56,3,6,72000,432000
3428,2025-12-25,15:17,3,1,72000,72000
3429,2025-12-25,21:09,3,3,72000,216000
3430,2025-12-25,16:42,4,5,62000,310000
3431,2025-12-25,08:45,4,2,62000,124000
3432,2025-12-25,14:51,5,14,36000,504000
3433,2025-12-25,20:48,6,27,18000,486000
3434,2025-12-25,08:50,7,10,17000,170000
3435,2025-12-25,20:06,8,13,5000,65000
3436,2025-12-25,20:35,8,3,5000,15000
3437,2025-12-25,08:10,9,25,4000,100000
3438,2025-12-25,10:58,10,28,2000,56000
3439,2025-12-25,12:10,10,3,2000,6000
3440,2025-12-25,19:32,11,4,12000,48000
3441,2025-12-25,14:46,11,1,12000,12000
3442,2025-12-25,17:23,12,3,5000,15000
3443,2025-12-25,12:52,12,9,5000,45000
3444,2025-12-25,20:12,13,31,1500,46500
3445,2025-12-25,13:49,14,9,30000,270000
3446,2025-12-25,20:51,15,4,31000,124000
3447,2025-12-25,14:21,15,12,31000,372000
3448,2025-12-25,09:05,16,22,2500,55000
3449,2025-12-25,18:48,17,5,16000,80000
3450,2025-12-25,17:42,18,4,3500,14000
3451,2025-12-25,19:48,19,8,5500,44000
3452,2025-12-25,19:14,20,3,10000,30000
3453,2025-12-26,13:26,1,9,95000,855000
3454,2025-12-26,07:28,2,4,95000,380000
3455,2025-12-26,09:49,2,1,95000,95000
3456,2025-12-26,07:45,2,1,95000,95000
3457,2025-12-26,08:21,3,2,72000,144000
3458,2025-12-26,12:25,3,11,72000,792000
3459,2025-12-26,07:25,4,3,62000,186000
3460,2025-12-26,19:02,4,4,62000,248000
3461,2025-12-26,17:59,4,3,62000,186000
3462,2025-12-26,17:45,5,1,36000,36000
3463,2025-12-26,19:42,5,8,36000,288000
3464,2025-12-26,13:25,6,5,18000,90000
3465,2025-12-26,21:43,6,11,18000,198000
3466,2025-12-26,18:47,7,3,17000,51000
3467,2025-12-26,12:58,7,3,17000,51000
3468,2025-12-26,20:17,8,15,5000,75000
3469,2025-12-26,18:25,9,20,4000,80000
3470,2025-12-26,14:41,9,2,4000,8000
3471,2025-12-26,10:56,9,4,4000,16000
3472,2025-12-26,19:39,10,31,2000,62000
3473,2025-12-26,21:51,11,3,12000,36000
3474,2025-12-26,19:41,11,2,12000,24000
3475,2025-12-26,10:56,12,7,5000,35000
3476,2025-12-26,07:34,13,18,1500,27000
3477,2025-12-26,18:46,14,7,30000,210000
3478,2025-12-26,15:34,15,5,31000,155000
3479,2025-12-26,11:13,15,12,31000,372000
3480,2025-12-26,15:19,16,23,2500,57500
3481,2025-12-26,19:40,17,4,16000,64000
3482,2025-12-26,07:56,18,6,3500,21000
3483,2025-12-26,10:53,19,5,5500,27500
3484,2025-12-26,19:19,19,5,5500,27500
3485,2025-12-26,08:46,20,3,10000,30000
3486,2025-12-26,07:53,20,1,10000,10000
3487,2025-12-27,17:32,1,13,95000,1235000
3488,2025-12-27,07:48,2,7,95000,665000
3489,2025-12-27,14:19,3,2,72000,144000
3490,2025-12-27,16:47,3,14,72000,1008000
3491,2025-12-27,12:15,4,6,62000,372000
3492,2025-12-27,12:19,5,2,36000,72000
3493,2025-12-27,11:42,5,3,36000,108000
3494,2025-12-27,17:08,6,19,18000,342000
3495,2025-12-27,18:24,6,1,18000,18000
3496,2025-12-27,10:06,7,9,17000,153000
3497,2025-12-27,16:12,8,18,5000,90000
3498,2025-12-27,14:06,9,24,4000,96000
3499,2025-12-27,09:45,9,13,4000,52000
3500,2025-12-27,13:05,10,26,2000,52000
3501,2025-12-27,13:56,11,9,12000,108000
3502,2025-12-27,10:28,12,10,5000,50000
3503,2025-12-27,17:33,13,45,1500,67500
3504,2025-12-27,15:33,14,5,30000,150000
3505,2025-12-27,16:31,15,9,31000,279000
3506,2025-12-27,17:27,15,10,31000,310000
3507,2025-12-27,13:52,16,16,2500,40000
3508,2025-12-27,09:09,16,6,2500,15000
3509,2025-12-27,15:08,16,2,2500,5000
3510,2025-12-27,14:08,17,4,16000,64000
3511,2025-12-27,14:30,18,1,3500,3500
3512,2025-12-27,07:47,18,2,3500,7000
3513,2025-12-27,09:35,18,3,3500,10500
3514,2025-12-27,08:38,19,5,5500,27500
3515,2025-12-27,08:23,20,1,10000,10000
3516,2025-12-27,16:18,20,5,10000,50000
3517,2025-12-28,09:07,1,7,95000,665000
3518,2025-12-28,12:19,2,3,95000,285000
3519,2025-12-28,07:50,3,8,72000,576000
3520,2025-12-28,19:37,4,10,62000,620000
3521,2025-12-28,21:57,5,9,36000,324000
3522,2025-12-28,11:13,6,22,18000,396000
3523,2025-12-28,18:31,7,9,17000,153000
3524,2025-12-28,15:22,8,10,5000,50000
3525,2025-12-28,07:26,9,20,4000,80000
3526,2025-12-28,11:36,10,41,2000,82000
3527,2025-12-28,12:50,11,6,12000,72000
3528,2025-12-28,20:46,12,7,5000,35000
3529,2025-12-28,19:08,13,9,1500,13500
3530,2025-12-28,15:40,13,31,1500,46500
3531,2025-12-28,14:42,14,12,30000,360000
3532,2025-12-28,20:46,15,19,31000,589000
3533,2025-12-28,19:39,16,32,2500,80000
3534,2025-12-28,13:14,17,2,16000,32000
3535,2025-12-28,21:25,17,2,16000,32000
3536,2025-12-28,07:42,18,3,3500,10500
3537,2025-12-28,17:05,19,5,5500,27500
3538,2025-12-28,20:10,19,6,5500,33000
3539,2025-12-28,15:41,20,3,10000,30000
3540,2025-12-28,08:41,20,2,10000,20000
3541,2025-12-29,10:39,1,5,95000,475000
3542,2025-12-29,19:03,2,3,95000,285000
3543,2025-12-29,19:30,3,9,72000,648000
3544,2025-12-29,15:57,3,1,72000,72000
3545,2025-12-29,07:07,3,3,72000,216000
3546,2025-12-29,09:01,4,5,62000,310000
3547,2025-12-29,11:50,4,1,62000,62000
3548,2025-12-29,20:45,5,10,36000,360000
3549,2025-12-29,08:51,6,8,18000,144000
3550,2025-12-29,15:38,6,2,18000,36000
3551,2025-12-29,16:02,7,8,17000,136000
3552,2025-12-29,21:01,8,12,5000,60000
3553,2025-12-29,09:26,9,27,4000,108000
3554,2025-12-29,15:20,10,32,2000,64000
3555,2025-12-29,08:07,11,2,12000,24000
3556,2025-12-29,11:09,12,3,5000,15000
3557,2025-12-29,09:16,12,1,5000,5000
3558,2025-12-29,19:05,12,1,5000,5000
3559,2025-12-29,13:43,13,18,1500,27000
3560,2025-12-29,16:20,14,6,30000,180000
3561,2025-12-29,18:03,15,14,31000,434000
3562,2025-12-29,08:20,16,11,2500,27500
3563,2025-12-29,21:20,17,2,16000,32000
3564,2025-12-29,20:57,18,4,3500,14000
3565,2025-12-29,10:15,19,10,5500,55000
3566,2025-12-29,14:32,20,2,10000,20000
3567,2025-12-29,19:32,20,3,10000,30000
3568,2025-12-30,08:17,1,6,95000,570000
3569,2025-12-30,14:35,2,5,95000,475000
3570,2025-12-30,14:01,3,10,72000,720000
3571,2025-12-30,10:58,4,6,62000,372000
3572,2025-12-30,15:37,5,5,36000,180000
3573,2025-12-30,17:06,5,9,36000,324000
3574,2025-12-30,15:41,6,19,18000,342000
3575,2025-12-30,16:26,7,3,17000,51000
3576,2025-12-30,14:05,7,3,17000,51000
3577,2025-12-30,10:50,8,17,5000,85000
3578,2025-12-30,09:23,8,6,5000,30000
3579,2025-12-30,09:50,9,27,4000,108000
3580,2025-12-30,13:58,10,16,2000,32000
3581,2025-12-30,07:00,11,7,12000,84000
3582,2025-12-30,11:41,12,10,5000,50000
3583,2025-12-30,09:00,12,1,5000,5000
3584,2025-12-30,21:30,13,21,1500,31500
3585,2025-12-30,11:53,14,5,30000,150000
3586,2025-12-30,20:40,15,12,31000,372000
3587,2025-12-30,10:37,15,6,31000,186000
3588,2025-12-30,07:10,16,10,2500,25000
3589,2025-12-30,18:34,16,11,2500,27500
3590,2025-12-30,11:05,17,4,16000,64000
3591,2025-12-30,08:53,18,6,3500,21000
3592,2025-12-30,15:17,19,11,5500,60500
3593,2025-12-30,16:32,20,1,10000,10000
3594,2025-12-30,19:20,20,2,10000,20000
3595,2025-12-31,17:16,1,6,95000,570000
3596,2025-12-31,19:45,1,4,95000,380000
3597,2025-12-31,10:42,2,7,95000,665000
3598,2025-12-31,14:38,3,6,72000,432000
3599,2025-12-31,12:01,3,2,72000,144000
3600,2025-12-31,21:44,3,3,72000,216000
3601,2025-12-31,21:00,4,6,62000,372000
3602,2025-12-31,21:00,5,1,36000,36000
3603,2025-12-31,17:11,5,5,36000,180000
3604,2025-12-31,21:44,6,16,18000,288000
3605,2025-12-31,15:05,7,7,17000,119000
3606,2025-12-31,19:56,7,3,17000,51000
3607,2025-12-31,15:01,8,3,5000,15000
3608,2025-12-31,21:53,8,14,5000,70000
3609,2025-12-31,17:07,9,15,4000,60000
3610,2025-12-31,12:52,9,14,4000,56000
3611,2025-12-31,16:22,10,22,2000,44000
3612,2025-12-31,20:49,11,7,12000,84000
3613,2025-12-31,08:29,12,1,5000,5000
3614,2025-12-31,12:59,12,4,5000,20000
3615,2025-12-31,07:14,13,29,1500,43500
3616,2025-12-31,17:58,14,3,30000,90000
3617,2025-12-31,18:22,14,4,30000,120000
3618,2025-12-31,20:39,15,15,31000,465000
3619,2025-12-31,10:31,16,8,2500,20000
3620,2025-12-31,12:02,16,9,2500,22500
3621,2025-12-31,21:45,17,3,16000,48000
3622,2025-12-31,07:12,18,2,3500,7000
3623,2025-12-31,20:40,18,5,3500,17500
3624,2025-12-31,20:17,19,8,5500,44000
3625,2025-12-31,14:10,20,2,10000,20000
3626,2026-01-01,17:47,1,14,95000,1330000
3627,2026-01-01,17:38,2,8,95000,760000
3628,2026-01-01,08:37,3,9,72000,648000
3629,2026-01-01,08:08,4,9,62000,558000
3630,2026-01-01,16:54,5,10,36000,360000
3631,2026-01-01,15:46,6,17,18000,306000
3632,2026-01-01,20:43,7,4,17000,68000
3633,2026-01-01,07:44,7,7,17000,119000
3634,2026-01-01,17:35,8,9,5000,45000
3635,2026-01-01,21:29,8,10,5000,50000
3636,2026-01-01,13:41,9,19,4000,76000
3637,2026-01-01,07:54,10,21,2000,42000
3638,2026-01-01,12:27,10,1,2000,2000
3639,2026-01-01,11:07,11,2,12000,24000
3640,2026-01-01,17:33,11,2,12000,24000
3641,2026-01-01,12:33,12,6,5000,30000
3642,2026-01-01,07:17,13,15,1500,22500
3643,2026-01-01,21:26,13,18,1500,27000
3644,2026-01-01,12:00,14,6,30000,180000
3645,2026-01-01,12:05,15,19,31000,589000
3646,2026-01-01,18:14,16,2,2500,5000
3647,2026-01-01,18:27,16,31,2500,77500
3648,2026-01-01,09:21,17,1,16000,16000
3649,2026-01-01,11:04,17,1,16000,16000
3650,2026-01-01,17:40,17,1,16000,16000
3651,2026-01-01,14:27,18,7,3500,24500
3652,2026-01-01,19:40,19,10,5500,55000
3653,2026-01-01,21:21,19,3,5500,16500
3654,2026-01-01,08:30,20,2,10000,20000
3655,2026-01-01,10:21,20,4,10000,40000
3656,2026-01-02,15:50,1,6,95000,570000
3657,2026-01-02,10:04,1,3,95000,285000
3658,2026-01-02,14:48,2,5,95000,475000
3659,2026-01-02,08:40,2,2,95000,190000
3660,2026-01-02,08:05,3,15,72000,1080000
3661,2026-01-02,12:56,4,1,62000,62000
3662,2026-01-02,20:44,4,2,62000,124000
3663,2026-01-02,08:50,4,2,62000,124000
3664,2026-01-02,21:51,5,13,36000,468000
3665,2026-01-02,11:39,6,20,18000,360000
3666,2026-01-02,08:43,7,1,17000,17000
3667,2026-01-02,07:35,7,7,17000,119000
3668,2026-01-02,20:24,8,20,5000,100000
3669,2026-01-02,16:48,9,30,4000,120000
3670,2026-01-02,20:38,10,26,2000,52000
3671,2026-01-02,14:24,11,1,12000,12000
3672,2026-01-02,14:50,11,8,12000,96000
3673,2026-01-02,16:39,12,15,5000,75000
3674,2026-01-02,17:43,13,27,1500,40500
3675,2026-01-02,15:21,14,2,30000,60000
3676,2026-01-02,16:12,14,2,30000,60000
3677,2026-01-02,07:38,15,18,31000,558000
3678,2026-01-02,19:53,16,19,2500,47500
3679,2026-01-02,10:57,16,8,2500,20000
3680,2026-01-02,17:32,17,4,16000,64000
3681,2026-01-02,13:30,18,9,3500,31500
3682,2026-01-02,09:15,19,4,5500,22000
3683,2026-01-02,09:51,19,2,5500,11000
3684,2026-01-02,09:19,20,6,10000,60000
3685,2026-01-03,15:41,1,10,95000,950000
3686,2026-01-03,16:56,2,5,95000,475000
3687,2026-01-03,15:49,2,6,95000,570000
3688,2026-01-03,14:19,3,24,72000,1728000
3689,2026-01-03,12:00,4,3,62000,186000
3690,2026-01-03,15:37,4,3,62000,186000
3691,2026-01-03,07:15,5,3,36000,108000
3692,2026-01-03,15:52,5,8,36000,288000
3693,2026-01-03,13:22,6,2,18000,36000
3694,2026-01-03,10:12,6,20,18000,360000
3695,2026-01-03,19:04,7,4,17000,68000
3696,2026-01-03,12:12,7,7,17000,119000
3697,2026-01-03,18:29,8,23,5000,115000
3698,2026-01-03,16:44,8,7,5000,35000
3699,2026-01-03,16:36,9,35,4000,140000
3700,2026-01-03,13:21,10,10,2000,20000
3701,2026-01-03,09:06,10,2,2000,4000
3702,2026-01-03,14:56,10,2,2000,4000
3703,2026-01-03,14:14,11,1,12000,12000
3704,2026-01-03,21:00,11,6,12000,72000
3705,2026-01-03,10:29,12,6,5000,30000
3706,2026-01-03,16:13,12,2,5000,10000
3707,2026-01-03,18:49,13,39,1500,58500
3708,2026-01-03,13:13,14,11,30000,330000
3709,2026-01-03,13:11,14,6,30000,180000
3710,2026-01-03,20:00,14,1,30000,30000
3711,2026-01-03,08:22,15,13,31000,403000
3712,2026-01-03,08:09,16,32,2500,80000
3713,2026-01-03,10:40,17,5,16000,80000
3714,2026-01-03,19:23,18,6,3500,21000
3715,2026-01-03,07:12,19,20,5500,110000
3716,2026-01-03,09:14,20,6,10000,60000
3717,2026-01-04,09:21,1,12,95000,1140000
3718,2026-01-04,20:35,1,3,95000,285000
3719,2026-01-04,10:01,2,10,95000,950000
3720,2026-01-04,11:58,3,15,72000,1080000
3721,2026-01-04,20:43,4,7,62000,434000
3722,2026-01-04,17:50,5,9,36000,324000
3723,2026-01-04,21:13,6,6,18000,108000
3724,2026-01-04,11:29,6,7,18000,126000
3725,2026-01-04,19:23,7,21,17000,357000
3726,2026-01-04,19:39,8,34,5000,170000
3727,2026-01-04,21:27,8,10,5000,50000
3728,2026-01-04,08:09,9,3,4000,12000
3729,2026-01-04,21:59,9,18,4000,72000
3730,2026-01-04,10:12,10,20,2000,40000
3731,2026-01-04,18:23,11,9,12000,108000
3732,2026-01-04,13:40,12,11,5000,55000
3733,2026-01-04,07:48,13,51,1500,76500
3734,2026-01-04,20:34,14,4,30000,120000
3735,2026-01-04,11:50,14,6,30000,180000
3736,2026-01-04,10:03,15,17,31000,527000
3737,2026-01-04,20:08,16,9,2500,22500
3738,2026-01-04,20:32,16,20,2500,50000
3739,2026-01-04,18:05,17,4,16000,64000
3740,2026-01-04,19:30,17,1,16000,16000
3741,2026-01-04,19:42,17,1,16000,16000
3742,2026-01-04,15:24,18,1,3500,3500
3743,2026-01-04,19:56,18,1,3500,3500
3744,2026-01-04,12:31,19,9,5500,49500
3745,2026-01-04,15:29,19,5,5500,27500
3746,2026-01-04,18:23,20,4,10000,40000
3747,2026-01-05,14:45,1,9,95000,855000
3748,2026-01-05,16:25,2,8,95000,760000
3749,2026-01-05,17:58,2,2,95000,190000
3750,2026-01-05,19:37,2,1,95000,95000
3751,2026-01-05,10:57,3,4,72000,288000
3752,2026-01-05,10:28,3,11,72000,792000
3753,2026-01-05,10:19,4,4,62000,248000
3754,2026-01-05,13:56,4,3,62000,186000
3755,2026-01-05,09:59,5,14,36000,504000
3756,2026-01-05,15:05,6,9,18000,162000
3757,2026-01-05,09:48,6,9,18000,162000
3758,2026-01-05,14:33,7,11,17000,187000
3759,2026-01-05,16:02,8,25,5000,125000
3760,2026-01-05,16:21,9,40,4000,160000
3761,2026-01-05,14:27,10,18,2000,36000
3762,2026-01-05,19:31,11,8,12000,96000
3763,2026-01-05,13:01,12,6,5000,30000
3764,2026-01-05,10:16,13,39,1500,58500
3765,2026-01-05,21:05,14,3,30000,90000
3766,2026-01-05,11:53,14,3,30000,90000
3767,2026-01-05,15:41,15,15,31000,465000
3768,2026-01-05,11:59,16,20,2500,50000
3769,2026-01-05,08:04,17,6,16000,96000
3770,2026-01-05,15:12,18,8,3500,28000
3771,2026-01-05,17:21,19,6,5500,33000
3772,2026-01-05,18:52,20,5,10000,50000
3773,2026-01-06,10:45,1,3,95000,285000
3774,2026-01-06,16:08,1,3,95000,285000
3775,2026-01-06,19:19,2,1,95000,95000
3776,2026-01-06,11:52,2,1,95000,95000
3777,2026-01-06,12:50,2,1,95000,95000
3778,2026-01-06,19:41,3,7,72000,504000
3779,2026-01-06,07:30,3,3,72000,216000
3780,2026-01-06,17:32,3,1,72000,72000
3781,2026-01-06,10:14,4,2,62000,124000
3782,2026-01-06,18:47,4,2,62000,124000
3783,2026-01-06,10:30,4,2,62000,124000
3784,2026-01-06,16:50,5,16,36000,576000
3785,2026-01-06,14:46,6,15,18000,270000
3786,2026-01-06,19:05,7,3,17000,51000
3787,2026-01-06,12:54,7,2,17000,34000
3788,2026-01-06,19:44,8,14,5000,70000
3789,2026-01-06,14:28,9,28,4000,112000
3790,2026-01-06,12:08,10,2,2000,4000
3791,2026-01-06,16:55,10,38,2000,76000
3792,2026-01-06,18:00,11,2,12000,24000
3793,2026-01-06,17:53,12,3,5000,15000
3794,2026-01-06,10:26,13,44,1500,66000
3795,2026-01-06,19:25,14,9,30000,270000
3796,2026-01-06,11:20,15,9,31000,279000
3797,2026-01-06,16:01,15,3,31000,93000
3798,2026-01-06,07:59,16,23,2500,57500
3799,2026-01-06,12:36,18,6,3500,21000
3800,2026-01-06,21:38,19,10,5500,55000
3801,2026-01-06,16:55,19,1,5500,5500
3802,2026-01-06,13:13,20,6,10000,60000
3803,2026-01-07,13:12,1,1,95000,95000
3804,2026-01-07,14:06,1,3,95000,285000
3805,2026-01-07,12:36,1,1,95000,95000
3806,2026-01-07,08:10,2,3,95000,285000
3807,2026-01-07,08:43,2,1,95000,95000
3808,2026-01-07,15:11,2,1,95000,95000
3809,2026-01-07,18:38,3,9,72000,648000
3810,2026-01-07,09:12,4,7,62000,434000
3811,2026-01-07,13:18,5,7,36000,252000
3812,2026-01-07,11:42,6,12,18000,216000
3813,2026-01-07,14:03,7,6,17000,102000
3814,2026-01-07,07:10,8,22,5000,110000
3815,2026-01-07,21:26,9,27,4000,108000
3816,2026-01-07,08:08,10,23,2000,46000
3817,2026-01-07,14:47,11,6,12000,72000
3818,2026-01-07,21:55,12,4,5000,20000
3819,2026-01-07,20:13,13,27,1500,40500
3820,2026-01-07,20:45,14,7,30000,210000
3821,2026-01-07,16:36,15,6,31000,186000
3822,2026-01-07,11:37,15,16,31000,496000
3823,2026-01-07,18:43,16,13,2500,32500
3824,2026-01-07,10:00,17,6,16000,96000
3825,2026-01-07,20:25,18,4,3500,14000
3826,2026-01-07,16:51,18,1,3500,3500
3827,2026-01-07,10:33,18,2,3500,7000
3828,2026-01-07,16:56,19,10,5500,55000
3829,2026-01-07,14:36,20,7,10000,70000
3830,2026-01-08,08:18,1,8,95000,760000
3831,2026-01-08,12:44,2,4,95000,380000
3832,2026-01-08,20:45,2,1,95000,95000
3833,2026-01-08,16:52,3,7,72000,504000
3834,2026-01-08,19:54,3,4,72000,288000
3835,2026-01-08,10:11,4,9,62000,558000
3836,2026-01-08,14:24,5,7,36000,252000
3837,2026-01-08,21:42,5,5,36000,180000
3838,2026-01-08,16:06,6,11,18000,198000
3839,2026-01-08,07:15,7,6,17000,102000
3840,2026-01-08,11:56,8,3,5000,15000
3841,2026-01-08,17:34,8,13,5000,65000
3842,2026-01-08,21:04,9,16,4000,64000
3843,2026-01-08,21:31,10,7,2000,14000
3844,2026-01-08,13:48,10,17,2000,34000
3845,2026-01-08,12:04,11,8,12000,96000
3846,2026-01-08,19:49,12,5,5000,25000
3847,2026-01-08,12:26,12,1,5000,5000
3848,2026-01-08,11:13,13,29,1500,43500
3849,2026-01-08,14:01,14,8,30000,240000
3850,2026-01-08,18:43,15,17,31000,527000
3851,2026-01-08,12:47,16,4,2500,10000
3852,2026-01-08,13:54,16,2,2500,5000
3853,2026-01-08,07:00,17,3,16000,48000
3854,2026-01-08,18:58,18,6,3500,21000
3855,2026-01-08,17:47,19,14,5500,77000
3856,2026-01-08,14:04,20,4,10000,40000
3857,2026-01-09,17:15,1,3,95000,285000
3858,2026-01-09,09:30,2,4,95000,380000
3859,2026-01-09,20:17,2,2,95000,190000
3860,2026-01-09,20:01,3,3,72000,216000
3861,2026-01-09,16:06,3,7,72000,504000
3862,2026-01-09,08:34,4,4,62000,248000
3863,2026-01-09,08:42,5,2,36000,72000
3864,2026-01-09,19:00,5,6,36000,216000
3865,2026-01-09,14:22,6,3,18000,54000
3866,2026-01-09,09:13,6,10,18000,180000
3867,2026-01-09,15:13,7,6,17000,102000
3868,2026-01-09,14:44,7,1,17000,17000
3869,2026-01-09,17:51,8,4,5000,20000
3870,2026-01-09,17:45,9,27,4000,108000
3871,2026-01-09,13:44,10,7,2000,14000
3872,2026-01-09,11:28,10,27,2000,54000
3873,2026-01-09,07:03,11,7,12000,84000
3874,2026-01-09,21:15,12,2,5000,10000
3875,2026-01-09,12:58,12,3,5000,15000
3876,2026-01-09,08:01,13,28,1500,42000
3877,2026-01-09,07:21,14,7,30000,210000
3878,2026-01-09,17:04,15,11,31000,341000
3879,2026-01-09,10:56,15,5,31000,155000
3880,2026-01-09,20:53,16,24,2500,60000
3881,2026-01-09,07:26,17,1,16000,16000
3882,2026-01-09,15:06,17,1,16000,16000
3883,2026-01-09,15:40,18,3,3500,10500
3884,2026-01-09,10:39,18,3,3500,10500
3885,2026-01-09,15:25,19,11,5500,60500
3886,2026-01-09,10:06,20,1,10000,10000
3887,2026-01-09,12:20,20,2,10000,20000
3888,2026-01-09,09:00,20,4,10000,40000
3889,2026-01-10,12:00,1,13,95000,1235000
3890,2026-01-10,14:14,2,8,95000,760000
3891,2026-01-10,20:17,3,14,72000,1008000
3892,2026-01-10,07:04,4,6,62000,372000
3893,2026-01-10,21:13,4,4,62000,248000
3894,2026-01-10,19:38,5,12,36000,432000
3895,2026-01-10,08:45,6,11,18000,198000
3896,2026-01-10,21:54,7,14,17000,238000
3897,2026-01-10,11:06,8,33,5000,165000
3898,2026-01-10,17:44,9,26,4000,104000
3899,2026-01-10,21:49,10,25,2000,50000
3900,2026-01-10,09:40,11,3,12000,36000
3901,2026-01-10,19:56,11,4,12000,48000
3902,2026-01-10,08:21,12,8,5000,40000
3903,2026-01-10,07:38,12,2,5000,10000
3904,2026-01-10,15:40,13,29,1500,43500
3905,2026-01-10,18:14,13,7,1500,10500
3906,2026-01-10,15:37,13,4,1500,6000
3907,2026-01-10,10:01,14,1,30000,30000
3908,2026-01-10,16:48,14,10,30000,300000
3909,2026-01-10,10:47,15,10,31000,310000
3910,2026-01-10,13:48,15,11,31000,341000
3911,2026-01-10,08:03,16,30,2500,75000
3912,2026-01-10,14:18,17,5,16000,80000
3913,2026-01-10,13:13,18,8,3500,28000
3914,2026-01-10,21:46,19,2,5500,11000
3915,2026-01-10,16:28,19,6,5500,33000
3916,2026-01-10,09:17,20,3,10000,30000
3917,2026-01-10,12:41,20,3,10000,30000
3918,2026-01-11,15:50,1,2,95000,190000
3919,2026-01-11,13:41,1,15,95000,1425000
3920,2026-01-11,10:54,2,1,95000,95000
3921,2026-01-11,18:21,2,5,95000,475000
3922,2026-01-11,10:34,3,11,72000,792000
3923,2026-01-11,21:42,4,6,62000,372000
3924,2026-01-11,16:55,5,6,36000,216000
3925,2026-01-11,13:33,5,1,36000,36000
3926,2026-01-11,12:11,5,1,36000,36000
3927,2026-01-11,07:04,6,11,18000,198000
3928,2026-01-11,10:03,7,2,17000,34000
3929,2026-01-11,17:09,7,7,17000,119000
3930,2026-01-11,09:37,8,3,5000,15000
3931,2026-01-11,15:53,8,2,5000,10000
3932,2026-01-11,19:59,8,8,5000,40000
3933,2026-01-11,15:05,9,30,4000,120000
3934,2026-01-11,14:19,10,38,2000,76000
3935,2026-01-11,10:15,11,4,12000,48000
3936,2026-01-11,16:15,12,12,5000,60000
3937,2026-01-11,16:28,13,43,1500,64500
3938,2026-01-11,20:50,14,4,30000,120000
3939,2026-01-11,14:05,14,5,30000,150000
3940,2026-01-11,12:25,14,5,30000,150000
3941,2026-01-11,14:28,15,13,31000,403000
3942,2026-01-11,16:47,16,28,2500,70000
3943,2026-01-11,09:52,17,2,16000,32000
3944,2026-01-11,19:24,18,4,3500,14000
3945,2026-01-11,13:54,18,1,3500,3500
3946,2026-01-11,08:48,18,2,3500,7000
3947,2026-01-11,15:46,19,5,5500,27500
3948,2026-01-11,09:16,19,3,5500,16500
3949,2026-01-11,13:29,19,6,5500,33000
3950,2026-01-11,11:24,20,6,10000,60000
3951,2026-01-12,14:04,1,5,95000,475000
3952,2026-01-12,18:30,2,3,95000,285000
3953,2026-01-12,21:12,3,13,72000,936000
3954,2026-01-12,20:32,4,5,62000,310000
3955,2026-01-12,14:25,5,6,36000,216000
3956,2026-01-12,21:26,5,5,36000,180000
3957,2026-01-12,13:31,6,6,18000,108000
3958,2026-01-12,11:41,6,1,18000,18000
3959,2026-01-12,16:04,6,1,18000,18000
3960,2026-01-12,07:58,7,10,17000,170000
3961,2026-01-12,21:36,8,10,5000,50000
3962,2026-01-12,19:27,9,25,4000,100000
3963,2026-01-12,12:32,10,25,2000,50000
3964,2026-01-12,18:31,10,3,2000,6000
3965,2026-01-12,17:44,10,1,2000,2000
3966,2026-01-12,07:41,11,4,12000,48000
3967,2026-01-12,13:47,12,9,5000,45000
3968,2026-01-12,14:02,13,31,1500,46500
3969,2026-01-12,18:42,14,3,30000,90000
3970,2026-01-12,17:09,14,1,30000,30000
3971,2026-01-12,11:38,14,2,30000,60000
3972,2026-01-12,17:09,15,11,31000,341000
3973,2026-01-12,16:37,16,8,2500,20000
3974,2026-01-12,08:49,17,1,16000,16000
3975,2026-01-12,08:41,17,1,16000,16000
3976,2026-01-12,18:58,17,2,16000,32000
3977,2026-01-12,18:37,18,3,3500,10500
3978,2026-01-12,21:12,19,2,5500,11000
3979,2026-01-12,21:27,19,5,5500,27500
3980,2026-01-12,09:53,19,3,5500,16500
3981,2026-01-12,18:19,20,4,10000,40000
3982,2026-01-13,15:42,1,9,95000,855000
3983,2026-01-13,11:46,2,3,95000,285000
3984,2026-01-13,13:48,2,1,95000,95000
3985,2026-01-13,08:40,3,2,72000,144000
3986,2026-01-13,16:49,3,9,72000,648000
3987,2026-01-13,09:17,4,7,62000,434000
3988,2026-01-13,18:13,4,1,62000,62000
3989,2026-01-13,07:10,5,7,36000,252000
3990,2026-01-13,20:31,5,2,36000,72000
3991,2026-01-13,07:06,5,1,36000,36000
3992,2026-01-13,18:26,6,15,18000,270000
3993,2026-01-13,17:18,7,10,17000,170000
3994,2026-01-13,09:23,8,2,5000,10000
3995,2026-01-13,09:45,8,6,5000,30000
3996,2026-01-13,14:11,9,26,4000,104000
3997,2026-01-13,08:28,10,29,2000,58000
3998,2026-01-13,10:11,11,3,12000,36000
3999,2026-01-13,18:11,12,7,5000,35000
4000,2026-01-13,11:57,13,7,1500,10500
4001,2026-01-13,20:26,13,22,1500,33000
4002,2026-01-13,21:39,14,7,30000,210000
4003,2026-01-13,17:10,15,16,31000,496000
4004,2026-01-13,08:24,16,28,2500,70000
4005,2026-01-13,08:21,17,5,16000,80000
4006,2026-01-13,10:30,18,3,3500,10500
4007,2026-01-13,19:06,19,12,5500,66000
4008,2026-01-13,11:48,20,6,10000,60000
4009,2026-01-14,08:13,1,6,95000,570000
4010,2026-01-14,15:50,1,1,95000,95000
4011,2026-01-14,07:24,1,1,95000,95000
4012,2026-01-14,21:31,2,3,95000,285000
4013,2026-01-14,14:48,2,3,95000,285000
4014,2026-01-14,13:21,3,18,72000,1296000
4015,2026-01-14,21:21,4,9,62000,558000
4016,2026-01-14,17:25,5,4,36000,144000
4017,2026-01-14,13:39,5,3,36000,108000
4018,2026-01-14,07:22,5,3,36000,108000
4019,2026-01-14,07:29,6,4,18000,72000
4020,2026-01-14,20:44,6,14,18000,252000
4021,2026-01-14,20:56,7,9,17000,153000
4022,2026-01-14,20:33,8,1,5000,5000
4023,2026-01-14,11:44,8,4,5000,20000
4024,2026-01-14,19:52,8,13,5000,65000
4025,2026-01-14,14:39,9,19,4000,76000
4026,2026-01-14,15:26,10,31,2000,62000
4027,2026-01-14,17:12,10,5,2000,10000
4028,2026-01-14,17:52,11,4,12000,48000
4029,2026-01-14,17:23,12,11,5000,55000
4030,2026-01-14,17:28,13,21,1500,31500
4031,2026-01-14,10:38,13,12,1500,18000
4032,2026-01-14,18:39,14,4,30000,120000
4033,2026-01-14,13:59,15,6,31000,186000
4034,2026-01-14,21:30,15,10,31000,310000
4035,2026-01-14,11:38,16,1,2500,2500
4036,2026-01-14,10:45,16,4,2500,10000
4037,2026-01-14,09:55,16,2,2500,5000
4038,2026-01-14,16:50,17,5,16000,80000
4039,2026-01-14,07:08,18,5,3500,17500
4040,2026-01-14,14:50,18,2,3500,7000
4041,2026-01-14,20:43,19,7,5500,38500
4042,2026-01-14,21:28,20,2,10000,20000
4043,2026-01-14,08:30,20,1,10000,10000
4044,2026-01-14,17:34,20,2,10000,20000
4045,2026-01-15,10:10,1,12,95000,1140000
4046,2026-01-15,18:05,2,3,95000,285000
4047,2026-01-15,08:27,2,1,95000,95000
4048,2026-01-15,21:59,3,1,72000,72000
4049,2026-01-15,12:57,3,2,72000,144000
4050,2026-01-15,13:49,3,5,72000,360000
4051,2026-01-15,18:16,4,10,62000,620000
4052,2026-01-15,08:42,5,11,36000,396000
4053,2026-01-15,09:59,5,3,36000,108000
4054,2026-01-15,18:31,6,14,18000,252000
4055,2026-01-15,18:21,7,11,17000,187000
4056,2026-01-15,19:59,8,19,5000,95000
4057,2026-01-15,16:04,8,7,5000,35000
4058,2026-01-15,21:45,9,13,4000,52000
4059,2026-01-15,18:47,9,4,4000,16000
4060,2026-01-15,20:27,10,18,2000,36000
4061,2026-01-15,19:14,10,3,2000,6000
4062,2026-01-15,08:18,11,8,12000,96000
4063,2026-01-15,08:21,12,12,5000,60000
4064,2026-01-15,18:07,13,13,1500,19500
4065,2026-01-15,16:23,13,21,1500,31500
4066,2026-01-15,12:24,14,5,30000,150000
4067,2026-01-15,07:19,15,20,31000,620000
4068,2026-01-15,15:12,16,16,2500,40000
4069,2026-01-15,12:49,17,2,16000,32000
4070,2026-01-15,12:51,17,1,16000,16000
4071,2026-01-15,15:42,18,2,3500,7000
4072,2026-01-15,16:37,18,4,3500,14000
4073,2026-01-15,13:00,19,15,5500,82500
4074,2026-01-15,14:20,20,6,10000,60000
4075,2026-01-16,11:53,1,8,95000,760000
4076,2026-01-16,17:29,2,5,95000,475000
4077,2026-01-16,11:09,3,12,72000,864000
4078,2026-01-16,19:52,4,7,62000,434000
4079,2026-01-16,18:02,4,1,62000,62000
4080,2026-01-16,11:32,5,3,36000,108000
4081,2026-01-16,20:45,6,2,18000,36000
4082,2026-01-16,16:30,6,5,18000,90000
4083,2026-01-16,17:53,6,5,18000,90000
4084,2026-01-16,11:45,7,9,17000,153000
4085,2026-01-16,09:52,8,1,5000,5000
4086,2026-01-16,18:13,8,6,5000,30000
4087,2026-01-16,20:46,8,3,5000,15000
4088,2026-01-16,18:03,9,8,4000,32000
4089,2026-01-16,21:55,9,12,4000,48000
4090,2026-01-16,19:11,9,4,4000,16000
4091,2026-01-16,11:52,10,13,2000,26000
4092,2026-01-16,17:58,10,10,2000,20000
4093,2026-01-16,15:25,11,1,12000,12000
4094,2026-01-16,12:27,11,8,12000,96000
4095,2026-01-16,19:25,12,6,5000,30000
4096,2026-01-16,13:04,12,5,5000,25000
4097,2026-01-16,11:18,13,26,1500,39000
4098,2026-01-16,18:54,14,2,30000,60000
4099,2026-01-16,15:25,14,5,30000,150000
4100,2026-01-16,12:48,15,14,31000,434000
4101,2026-01-16,20:59,16,2,2500,5000
4102,2026-01-16,18:19,16,15,2500,37500
4103,2026-01-16,09:36,17,4,16000,64000
4104,2026-01-16,18:30,18,4,3500,14000
4105,2026-01-16,09:13,19,6,5500,33000
4106,2026-01-16,18:12,20,5,10000,50000
4107,2026-01-17,12:46,1,1,95000,95000
4108,2026-01-17,20:36,1,12,95000,1140000
4109,2026-01-17,19:54,2,4,95000,380000
4110,2026-01-17,13:43,3,17,72000,1224000
4111,2026-01-17,08:22,4,1,62000,62000
4112,2026-01-17,14:11,4,5,62000,310000
4113,2026-01-17,17:21,5,2,36000,72000
4114,2026-01-17,16:27,5,9,36000,324000
4115,2026-01-17,09:40,5,1,36000,36000
4116,2026-01-17,07:07,6,8,18000,144000
4117,2026-01-17,10:25,6,11,18000,198000
4118,2026-01-17,18:38,7,10,17000,170000
4119,2026-01-17,19:44,8,21,5000,105000
4120,2026-01-17,19:42,8,7,5000,35000
4121,2026-01-17,17:05,8,3,5000,15000
4122,2026-01-17,13:17,9,21,4000,84000
4123,2026-01-17,17:41,9,5,4000,20000
4124,2026-01-17,07:07,10,28,2000,56000
4125,2026-01-17,08:31,11,6,12000,72000
4126,2026-01-17,10:01,12,5,5000,25000
4127,2026-01-17,16:36,12,1,5000,5000
4128,2026-01-17,18:47,13,31,1500,46500
4129,2026-01-17,08:50,13,3,1500,4500
4130,2026-01-17,16:11,13,3,1500,4500
4131,2026-01-17,17:44,14,4,30000,120000
4132,2026-01-17,16:08,15,14,31000,434000
4133,2026-01-17,08:45,16,21,2500,52500
4134,2026-01-17,20:44,17,1,16000,16000
4135,2026-01-17,07:25,17,2,16000,32000
4136,2026-01-17,15:52,17,1,16000,16000
4137,2026-01-17,19:33,18,5,3500,17500
4138,2026-01-17,15:53,19,13,5500,71500
4139,2026-01-17,18:52,20,6,10000,60000
4140,2026-01-18,19:48,1,2,95000,190000
4141,2026-01-18,10:42,1,12,95000,1140000
4142,2026-01-18,20:38,2,2,95000,190000
4143,2026-01-18,18:11,2,3,95000,285000
4144,2026-01-18,14:51,3,10,72000,720000
4145,2026-01-18,07:08,4,5,62000,310000
4146,2026-01-18,17:10,5,10,36000,360000
4147,2026-01-18,11:54,6,13,18000,234000
4148,2026-01-18,08:32,7,1,17000,17000
4149,2026-01-18,11:23,7,7,17000,119000
4150,2026-01-18,17:00,8,3,5000,15000
4151,2026-01-18,10:19,8,7,5000,35000
4152,2026-01-18,07:33,8,4,5000,20000
4153,2026-01-18,15:28,9,10,4000,40000
4154,2026-01-18,09:36,9,11,4000,44000
4155,2026-01-18,14:44,9,5,4000,20000
4156,2026-01-18,21:22,10,31,2000,62000
4157,2026-01-18,10:44,11,5,12000,60000
4158,2026-01-18,08:42,11,3,12000,36000
4159,2026-01-18,07:12,12,2,5000,10000
4160,2026-01-18,09:19,12,5,5000,25000
4161,2026-01-18,09:38,13,14,1500,21000
4162,2026-01-18,15:13,13,20,1500,30000
4163,2026-01-18,11:08,14,7,30000,210000
4164,2026-01-18,08:35,15,7,31000,217000
4165,2026-01-18,11:16,15,8,31000,248000
4166,2026-01-18,21:10,16,17,2500,42500
4167,2026-01-18,08:16,17,6,16000,96000
4168,2026-01-18,15:13,18,1,3500,3500
4169,2026-01-18,08:40,18,1,3500,3500
4170,2026-01-18,18:41,19,11,5500,60500
4171,2026-01-18,10:45,19,1,5500,5500
4172,2026-01-18,17:41,20,5,10000,50000
4173,2026-01-19,09:26,1,5,95000,475000
4174,2026-01-19,20:09,1,3,95000,285000
4175,2026-01-19,19:27,2,9,95000,855000
4176,2026-01-19,16:15,3,13,72000,936000
4177,2026-01-19,08:34,4,4,62000,248000
4178,2026-01-19,15:26,5,9,36000,324000
4179,2026-01-19,17:05,6,6,18000,108000
4180,2026-01-19,12:49,7,8,17000,136000
4181,2026-01-19,20:51,8,12,5000,60000
4182,2026-01-19,07:06,9,28,4000,112000
4183,2026-01-19,10:24,10,20,2000,40000
4184,2026-01-19,15:46,11,1,12000,12000
4185,2026-01-19,21:19,11,1,12000,12000
4186,2026-01-19,16:52,11,3,12000,36000
4187,2026-01-19,15:22,12,1,5000,5000
4188,2026-01-19,18:36,12,5,5000,25000
4189,2026-01-19,11:38,13,36,1500,54000
4190,2026-01-19,08:57,13,7,1500,10500
4191,2026-01-19,12:48,14,7,30000,210000
4192,2026-01-19,12:51,15,20,31000,620000
4193,2026-01-19,15:38,16,18,2500,45000
4194,2026-01-19,21:54,16,6,2500,15000
4195,2026-01-19,16:08,17,4,16000,64000
4196,2026-01-19,17:32,18,6,3500,21000
4197,2026-01-19,09:24,19,3,5500,16500
4198,2026-01-19,16:47,19,8,5500,44000
4199,2026-01-19,21:46,20,2,10000,20000
4200,2026-01-20,18:49,1,3,95000,285000
4201,2026-01-20,10:43,1,4,95000,380000
4202,2026-01-20,09:28,2,4,95000,380000
4203,2026-01-20,12:51,2,2,95000,190000
4204,2026-01-20,11:17,3,11,72000,792000
4205,2026-01-20,17:54,4,1,62000,62000
4206,2026-01-20,08:19,4,2,62000,124000
4207,2026-01-20,13:49,4,1,62000,62000
4208,2026-01-20,08:40,5,9,36000,324000
4209,2026-01-20,18:15,6,21,18000,378000
4210,2026-01-20,07:05,7,3,17000,51000
4211,2026-01-20,18:18,7,5,17000,85000
4212,2026-01-20,15:59,7,3,17000,51000
4213,2026-01-20,20:00,8,17,5000,85000
4214,2026-01-20,15:59,9,14,4000,56000
4215,2026-01-20,18:08,9,11,4000,44000
4216,2026-01-20,14:31,9,3,4000,12000
4217,2026-01-20,17:56,10,22,2000,44000
4218,2026-01-20,08:25,11,2,12000,24000
4219,2026-01-20,10:58,12,5,5000,25000
4220,2026-01-20,18:27,13,1,1500,1500
4221,2026-01-20,18:34,13,40,1500,60000
4222,2026-01-20,18:42,14,2,30000,60000
4223,2026-01-20,21:52,14,5,30000,150000
4224,2026-01-20,16:28,15,9,31000,279000
4225,2026-01-20,09:43,15,1,31000,31000
4226,2026-01-20,21:56,15,4,31000,124000
4227,2026-01-20,09:04,16,8,2500,20000
4228,2026-01-20,12:53,16,10,2500,25000
4229,2026-01-20,12:03,17,7,16000,112000
4230,2026-01-20,13:10,18,8,3500,28000
4231,2026-01-20,08:21,19,17,5500,93500
4232,2026-01-20,11:19,20,1,10000,10000
4233,2026-01-20,14:18,20,1,10000,10000
4234,2026-01-20,11:13,20,2,10000,20000
4235,2026-01-21,17:36,1,8,95000,760000
4236,2026-01-21,21:19,2,2,95000,190000
4237,2026-01-21,21:29,3,11,72000,792000
4238,2026-01-21,21:39,3,1,72000,72000
4239,2026-01-21,20:31,3,4,72000,288000
4240,2026-01-21,07:39,4,4,62000,248000
4241,2026-01-21,11:22,5,10,36000,360000
4242,2026-01-21,12:56,6,9,18000,162000
4243,2026-01-21,12:00,7,4,17000,68000
4244,2026-01-21,08:27,7,3,17000,51000
4245,2026-01-21,08:33,8,12,5000,60000
4246,2026-01-21,09:26,9,17,4000,68000
4247,2026-01-21,14:00,10,20,2000,40000
4248,2026-01-21,17:16,11,4,12000,48000
4249,2026-01-21,13:23,12,10,5000,50000
4250,2026-01-21,13:57,13,21,1500,31500
4251,2026-01-21,19:17,14,8,30000,240000
4252,2026-01-21,14:42,15,18,31000,558000
4253,2026-01-21,09:22,16,3,2500,7500
4254,2026-01-21,18:27,16,13,2500,32500
4255,2026-01-21,21:55,17,2,16000,32000
4256,2026-01-21,10:18,18,1,3500,3500
4257,2026-01-21,07:08,18,4,3500,14000
4258,2026-01-21,18:21,19,14,5500,77000
4259,2026-01-21,10:30,20,1,10000,10000
4260,2026-01-21,17:17,20,3,10000,30000
4261,2026-01-21,08:26,20,1,10000,10000
4262,2026-01-22,14:51,1,6,95000,570000
4263,2026-01-22,12:48,2,2,95000,190000
4264,2026-01-22,19:49,2,3,95000,285000
4265,2026-01-22,18:59,3,5,72000,360000
4266,2026-01-22,18:53,3,3,72000,216000
4267,2026-01-22,08:06,4,2,62000,124000
4268,2026-01-22,19:01,4,6,62000,372000
4269,2026-01-22,12:32,5,11,36000,396000
4270,2026-01-22,17:15,6,12,18000,216000
4271,2026-01-22,20:21,7,7,17000,119000
4272,2026-01-22,16:47,8,12,5000,60000
4273,2026-01-22,14:18,9,25,4000,100000
4274,2026-01-22,08:48,10,34,2000,68000
4275,2026-01-22,16:09,11,4,12000,48000
4276,2026-01-22,10:17,12,3,5000,15000
4277,2026-01-22,19:07,12,6,5000,30000
4278,2026-01-22,10:42,13,12,1500,18000
4279,2026-01-22,20:27,13,2,1500,3000
4280,2026-01-22,18:50,14,6,30000,180000
4281,2026-01-22,18:32,15,12,31000,372000
4282,2026-01-22,16:11,15,2,31000,62000
4283,2026-01-22,20:37,16,14,2500,35000
4284,2026-01-22,10:07,17,1,16000,16000
4285,2026-01-22,09:25,17,1,16000,16000
4286,2026-01-22,10:59,18,4,3500,14000
4287,2026-01-22,07:39,19,11,5500,60500
4288,2026-01-22,20:03,20,4,10000,40000
4289,2026-01-23,15:19,1,2,95000,190000
4290,2026-01-23,10:21,2,1,95000,95000
4291,2026-01-23,13:30,2,1,95000,95000
4292,2026-01-23,13:41,3,10,72000,720000
4293,2026-01-23,08:17,4,7,62000,434000
4294,2026-01-23,12:45,5,3,36000,108000
4295,2026-01-23,12:57,6,11,18000,198000
4296,2026-01-23,07:00,7,7,17000,119000
4297,2026-01-23,18:20,8,26,5000,130000
4298,2026-01-23,14:17,9,19,4000,76000
4299,2026-01-23,09:16,10,4,2000,8000
4300,2026-01-23,14:23,10,14,2000,28000
4301,2026-01-23,12:19,10,9,2000,18000
4302,2026-01-23,17:00,11,6,12000,72000
4303,2026-01-23,12:23,12,1,5000,5000
4304,2026-01-23,18:51,12,1,5000,5000
4305,2026-01-23,19:37,13,35,1500,52500
4306,2026-01-23,12:15,14,8,30000,240000
4307,2026-01-23,16:24,15,4,31000,124000
4308,2026-01-23,08:56,15,12,31000,372000
4309,2026-01-23,17:47,16,43,2500,107500
4310,2026-01-23,16:58,18,1,3500,3500
4311,2026-01-23,21:41,18,8,3500,28000
4312,2026-01-23,18:28,19,2,5500,11000
4313,2026-01-23,21:06,19,6,5500,33000
4314,2026-01-23,15:39,20,5,10000,50000
4315,2026-01-24,18:30,1,11,95000,1045000
4316,2026-01-24,18:09,2,1,95000,95000
4317,2026-01-24,07:08,2,3,95000,285000
4318,2026-01-24,10:26,2,1,95000,95000
4319,2026-01-24,11:57,3,12,72000,864000
4320,2026-01-24,20:58,4,7,62000,434000
4321,2026-01-24,15:22,4,1,62000,62000
4322,2026-01-24,17:45,5,4,36000,144000
4323,2026-01-24,08:58,5,3,36000,108000
4324,2026-01-24,14:26,6,18,18000,324000
4325,2026-01-24,15:50,7,9,17000,153000
4326,2026-01-24,16:17,8,16,5000,80000
4327,2026-01-24,11:02,9,5,4000,20000
4328,2026-01-24,16:03,9,21,4000,84000
4329,2026-01-24,18:52,10,13,2000,26000
4330,2026-01-24,13:31,10,28,2000,56000
4331,2026-01-24,09:28,11,1,12000,12000
4332,2026-01-24,19:32,11,4,12000,48000
4333,2026-01-24,19:24,12,9,5000,45000
4334,2026-01-24,11:13,13,31,1500,46500
4335,2026-01-24,09:36,14,13,30000,390000
4336,2026-01-24,18:00,15,17,31000,527000
4337,2026-01-24,14:32,16,33,2500,82500
4338,2026-01-24,18:46,16,2,2500,5000
4339,2026-01-24,11:54,17,4,16000,64000
4340,2026-01-24,18:17,18,7,3500,24500
4341,2026-01-24,09:14,19,14,5500,77000
4342,2026-01-24,10:18,20,7,10000,70000
4343,2026-01-25,09:56,1,8,95000,760000
4344,2026-01-25,09:17,2,8,95000,760000
4345,2026-01-25,17:15,3,1,72000,72000
4346,2026-01-25,20:13,3,12,72000,864000
4347,2026-01-25,07:41,4,7,62000,434000
4348,2026-01-25,16:23,5,11,36000,396000
4349,2026-01-25,18:56,6,16,18000,288000
4350,2026-01-25,18:08,7,10,17000,170000
4351,2026-01-25,16:18,8,29,5000,145000
4352,2026-01-25,07:40,9,45,4000,180000
4353,2026-01-25,10:46,10,23,2000,46000
4354,2026-01-25,11:11,10,15,2000,30000
4355,2026-01-25,07:34,11,8,12000,96000
4356,2026-01-25,08:46,12,5,5000,25000
4357,2026-01-25,18:44,12,2,5000,10000
4358,2026-01-25,17:16,13,30,1500,45000
4359,2026-01-25,16:35,14,11,30000,330000
4360,2026-01-25,10:52,14,2,30000,60000
4361,2026-01-25,12:17,15,18,31000,558000
4362,2026-01-25,17:51,16,33,2500,82500
4363,2026-01-25,09:28,17,2,16000,32000
4364,2026-01-25,10:46,17,1,16000,16000
4365,2026-01-25,09:57,18,3,3500,10500
4366,2026-01-25,14:05,18,2,3500,7000
4367,2026-01-25,14:11,19,5,5500,27500
4368,2026-01-25,10:36,20,1,10000,10000
4369,2026-01-25,14:46,20,3,10000,30000
4370,2026-01-26,11:01,1,10,95000,950000
4371,2026-01-26,21:11,2,4,95000,380000
4372,2026-01-26,16:12,3,11,72000,792000
4373,2026-01-26,08:09,3,2,72000,144000
4374,2026-01-26,10:29,4,6,62000,372000
4375,2026-01-26,18:33,5,7,36000,252000
4376,2026-01-26,09:46,5,1,36000,36000
4377,2026-01-26,19:51,5,2,36000,72000
4378,2026-01-26,08:24,6,9,18000,162000
4379,2026-01-26,08:52,7,9,17000,153000
4380,2026-01-26,20:41,9,20,4000,80000
4381,2026-01-26,19:05,10,3,2000,6000
4382,2026-01-26,11:09,10,4,2000,8000
4383,2026-01-26,17:38,10,5,2000,10000
4384,2026-01-26,07:50,11,8,12000,96000
4385,2026-01-26,18:52,12,9,5000,45000
4386,2026-01-26,18:05,13,33,1500,49500
4387,2026-01-26,14:48,14,12,30000,360000
4388,2026-01-26,14:52,15,12,31000,372000
4389,2026-01-26,12:30,16,30,2500,75000
4390,2026-01-26,07:34,17,5,16000,80000
4391,2026-01-26,07:52,18,1,3500,3500
4392,2026-01-26,07:06,18,4,3500,14000
4393,2026-01-26,08:32,19,13,5500,71500
4394,2026-01-26,09:00,20,2,10000,20000
4395,2026-01-26,21:14,20,1,10000,10000
4396,2026-01-27,13:24,1,6,95000,570000
4397,2026-01-27,17:18,2,3,95000,285000
4398,2026-01-27,21:43,3,10,72000,720000
4399,2026-01-27,21:45,4,4,62000,248000
4400,2026-01-27,14:10,5,2,36000,72000
4401,2026-01-27,08:14,5,11,36000,396000
4402,2026-01-27,11:22,6,12,18000,216000
4403,2026-01-27,12:07,7,9,17000,153000
4404,2026-01-27,21:58,8,14,5000,70000
4405,2026-01-27,07:38,9,9,4000,36000
4406,2026-01-27,13:33,10,27,2000,54000
4407,2026-01-27,09:43,11,1,12000,12000
4408,2026-01-27,21:42,12,7,5000,35000
4409,2026-01-27,12:56,13,10,1500,15000
4410,2026-01-27,08:17,13,9,1500,13500
4411,2026-01-27,21:16,14,11,30000,330000
4412,2026-01-27,19:58,14,1,30000,30000
4413,2026-01-27,18:51,14,1,30000,30000
4414,2026-01-27,07:55,15,17,31000,527000
4415,2026-01-27,17:09,16,5,2500,12500
4416,2026-01-27,12:09,16,13,2500,32500
4417,2026-01-27,13:28,16,2,2500,5000
4418,2026-01-27,20:04,17,4,16000,64000
4419,2026-01-27,08:36,17,2,16000,32000
4420,2026-01-27,18:17,18,4,3500,14000
4421,2026-01-27,12:08,19,11,5500,60500
4422,2026-01-27,13:22,20,5,10000,50000
4423,2026-01-28,13:30,1,8,95000,760000
4424,2026-01-28,16:50,2,4,95000,380000
4425,2026-01-28,17:21,2,3,95000,285000
4426,2026-01-28,17:58,3,14,72000,1008000
4427,2026-01-28,13:35,4,7,62000,434000
4428,2026-01-28,15:31,5,5,36000,180000
4429,2026-01-28,20:14,6,9,18000,162000
4430,2026-01-28,16:45,7,8,17000,136000
4431,2026-01-28,16:49,8,18,5000,90000
4432,2026-01-28,10:44,9,12,4000,48000
4433,2026-01-28,08:15,9,2,4000,8000
4434,2026-01-28,10:54,10,43,2000,86000
4435,2026-01-28,15:30,11,9,12000,108000
4436,2026-01-28,21:22,12,1,5000,5000
4437,2026-01-28,12:54,12,1,5000,5000
4438,2026-01-28,20:55,12,7,5000,35000
4439,2026-01-28,11:29,13,5,1500,7500
4440,2026-01-28,09:53,13,25,1500,37500
4441,2026-01-28,10:13,14,4,30000,120000
4442,2026-01-28,20:14,14,3,30000,90000
4443,2026-01-28,09:07,15,12,31000,372000
4444,2026-01-28,18:01,16,5,2500,12500
4445,2026-01-28,18:27,16,7,2500,17500
4446,2026-01-28,12:03,16,8,2500,20000
4447,2026-01-28,16:04,17,3,16000,48000
4448,2026-01-28,14:53,17,1,16000,16000
4449,2026-01-28,09:01,18,3,3500,10500
4450,2026-01-28,09:05,19,11,5500,60500
4451,2026-01-28,07:36,20,4,10000,40000
4452,2026-01-29,09:48,1,2,95000,190000
4453,2026-01-29,09:30,1,1,95000,95000
4454,2026-01-29,14:26,2,2,95000,190000
4455,2026-01-29,18:21,2,1,95000,95000
4456,2026-01-29,17:44,3,10,72000,720000
4457,2026-01-29,08:09,4,10,62000,620000
4458,2026-01-29,17:02,5,11,36000,396000
4459,2026-01-29,15:10,6,2,18000,36000
4460,2026-01-29,07:25,6,6,18000,108000
4461,2026-01-29,15:45,7,8,17000,136000
4462,2026-01-29,20:16,7,2,17000,34000
4463,2026-01-29,18:14,8,5,5000,25000
4464,2026-01-29,13:59,8,2,5000,10000
4465,2026-01-29,09:17,8,1,5000,5000
4466,2026-01-29,09:47,9,17,4000,68000
4467,2026-01-29,10:25,9,7,4000,28000
4468,2026-01-29,16:03,9,5,4000,20000
4469,2026-01-29,09:52,10,21,2000,42000
4470,2026-01-29,20:44,11,1,12000,12000
4471,2026-01-29,14:30,11,4,12000,48000
4472,2026-01-29,17:25,12,11,5000,55000
4473,2026-01-29,07:51,13,6,1500,9000
4474,2026-01-29,12:41,13,14,1500,21000
4475,2026-01-29,11:06,14,4,30000,120000
4476,2026-01-29,12:38,15,13,31000,403000
4477,2026-01-29,07:15,16,11,2500,27500
4478,2026-01-29,11:10,16,15,2500,37500
4479,2026-01-29,08:13,17,1,16000,16000
4480,2026-01-29,19:58,19,8,5500,44000
4481,2026-01-29,15:12,20,5,10000,50000
4482,2026-01-30,10:17,1,1,95000,95000
4483,2026-01-30,08:36,1,9,95000,855000
4484,2026-01-30,16:50,2,4,95000,380000
4485,2026-01-30,07:20,3,10,72000,720000
4486,2026-01-30,11:00,4,9,62000,558000
4487,2026-01-30,15:12,5,2,36000,72000
4488,2026-01-30,12:48,5,2,36000,72000
4489,2026-01-30,13:46,5,1,36000,36000
4490,2026-01-30,09:44,6,12,18000,216000
4491,2026-01-30,13:57,7,6,17000,102000
4492,2026-01-30,18:32,7,3,17000,51000
4493,2026-01-30,19:49,8,20,5000,100000
4494,2026-01-30,16:50,9,18,4000,72000
4495,2026-01-30,16:55,10,25,2000,50000
4496,2026-01-30,09:09,12,3,5000,15000
4497,2026-01-30,17:29,12,3,5000,15000
4498,2026-01-30,17:05,13,33,1500,49500
4499,2026-01-30,19:43,14,1,30000,30000
4500,2026-01-30,17:09,14,1,30000,30000
4501,2026-01-30,19:45,14,3,30000,90000
4502,2026-01-30,15:33,15,15,31000,465000
4503,2026-01-30,14:50,16,20,2500,50000
4504,2026-01-30,09:21,16,1,2500,2500
4505,2026-01-30,11:23,16,1,2500,2500
4506,2026-01-30,07:57,17,2,16000,32000
4507,2026-01-30,18:49,17,1,16000,16000
4508,2026-01-30,10:39,18,2,3500,7000
4509,2026-01-30,16:04,18,4,3500,14000
4510,2026-01-30,19:00,19,4,5500,22000
4511,2026-01-30,09:49,19,1,5500,5500
4512,2026-01-30,20:19,19,1,5500,5500
4513,2026-01-30,19:50,20,4,10000,40000
4514,2026-01-31,08:29,1,8,95000,760000
4515,2026-01-31,12:10,1,5,95000,475000
4516,2026-01-31,11:36,2,2,95000,190000
4517,2026-01-31,12:22,2,1,95000,95000
4518,2026-01-31,08:04,2,3,95000,285000
4519,2026-01-31,19:29,3,12,72000,864000
4520,2026-01-31,14:16,4,8,62000,496000
4521,2026-01-31,17:59,5,8,36000,288000
4522,2026-01-31,09:07,5,5,36000,180000
4523,2026-01-31,12:54,6,2,18000,36000
4524,2026-01-31,11:25,6,1,18000,18000
4525,2026-01-31,13:54,6,2,18000,36000
4526,2026-01-31,09:28,7,11,17000,187000
4527,2026-01-31,12:32,7,2,17000,34000
4528,2026-01-31,12:05,8,11,5000,55000
4529,2026-01-31,17:26,8,12,5000,60000
4530,2026-01-31,11:56,9,34,4000,136000
4531,2026-01-31,16:41,10,3,2000,6000
4532,2026-01-31,07:47,10,37,2000,74000
4533,2026-01-31,09:54,11,1,12000,12000
4534,2026-01-31,08:18,11,2,12000,24000
4535,2026-01-31,16:25,12,6,5000,30000
4536,2026-01-31,13:55,13,15,1500,22500
4537,2026-01-31,14:42,13,21,1500,31500
4538,2026-01-31,14:29,14,7,30000,210000
4539,2026-01-31,08:05,15,15,31000,465000
4540,2026-01-31,09:46,15,6,31000,186000
4541,2026-01-31,21:25,16,17,2500,42500
4542,2026-01-31,13:21,17,1,16000,16000
4543,2026-01-31,08:20,17,3,16000,48000
4544,2026-01-31,16:31,18,6,3500,21000
4545,2026-01-31,18:30,19,8,5500,44000
4546,2026-01-31,14:02,20,4,10000,40000
4547,2026-02-01,14:09,1,17,95000,1615000
4548,2026-02-01,16:02,2,3,95000,285000
4549,2026-02-01,16:49,2,5,95000,475000
4550,2026-02-01,21:51,3,20,72000,1440000
4551,2026-02-01,13:30,4,9,62000,558000
4552,2026-02-01,10:55,5,10,36000,360000
4553,2026-02-01,19:43,6,24,18000,432000
4554,2026-02-01,11:40,7,22,17000,374000
4555,2026-02-01,09:04,8,39,5000,195000
4556,2026-02-01,08:19,9,47,4000,188000
4557,2026-02-01,20:26,10,29,2000,58000
4558,2026-02-01,15:13,10,23,2000,46000
4559,2026-02-01,09:53,11,3,12000,36000
4560,2026-02-01,07:05,11,2,12000,24000
4561,2026-02-01,12:48,12,14,5000,70000
4562,2026-02-01,11:10,12,5,5000,25000
4563,2026-02-01,13:30,13,58,1500,87000
4564,2026-02-01,18:50,14,23,30000,690000
4565,2026-02-01,18:27,15,19,31000,589000
4566,2026-02-01,18:36,16,51,2500,127500
4567,2026-02-01,07:35,17,9,16000,144000
4568,2026-02-01,08:46,18,4,3500,14000
4569,2026-02-01,17:37,18,6,3500,21000
4570,2026-02-01,17:52,19,11,5500,60500
4571,2026-02-01,18:47,19,10,5500,55000
4572,2026-02-01,12:00,20,6,10000,60000
4573,2026-02-01,09:57,20,1,10000,10000
4574,2026-02-02,09:31,1,15,95000,1425000
4575,2026-02-02,19:43,2,1,95000,95000
4576,2026-02-02,13:16,2,6,95000,570000
4577,2026-02-02,07:28,3,8,72000,576000
4578,2026-02-02,14:40,4,2,62000,124000
4579,2026-02-02,16:06,4,3,62000,186000
4580,2026-02-02,07:13,4,1,62000,62000
4581,2026-02-02,13:44,5,4,36000,144000
4582,2026-02-02,15:49,5,9,36000,324000
4583,2026-02-02,13:13,6,21,18000,378000
4584,2026-02-02,10:43,7,12,17000,204000
4585,2026-02-02,07:23,8,36,5000,180000
4586,2026-02-02,11:57,9,1,4000,4000
4587,2026-02-02,11:32,9,12,4000,48000
4588,2026-02-02,18:31,10,8,2000,16000
4589,2026-02-02,17:29,10,29,2000,58000
4590,2026-02-02,12:22,11,3,12000,36000
4591,2026-02-02,15:48,12,7,5000,35000
4592,2026-02-02,12:07,12,7,5000,35000
4593,2026-02-02,12:11,13,30,1500,45000
4594,2026-02-02,15:38,13,7,1500,10500
4595,2026-02-02,09:34,13,5,1500,7500
4596,2026-02-02,11:54,14,13,30000,390000
4597,2026-02-02,17:18,15,14,31000,434000
4598,2026-02-02,18:39,15,3,31000,93000
4599,2026-02-02,19:53,16,7,2500,17500
4600,2026-02-02,08:05,16,3,2500,7500
4601,2026-02-02,17:01,16,29,2500,72500
4602,2026-02-02,08:31,17,4,16000,64000
4603,2026-02-02,18:48,17,4,16000,64000
4604,2026-02-02,08:40,18,9,3500,31500
4605,2026-02-02,14:32,18,1,3500,3500
4606,2026-02-02,07:42,19,13,5500,71500
4607,2026-02-02,13:13,20,8,10000,80000
4608,2026-02-03,14:35,1,9,95000,855000
4609,2026-02-03,10:54,2,9,95000,855000
4610,2026-02-03,08:22,3,24,72000,1728000
4611,2026-02-03,21:52,4,8,62000,496000
4612,2026-02-03,17:45,4,4,62000,248000
4613,2026-02-03,19:47,4,1,62000,62000
4614,2026-02-03,12:50,5,11,36000,396000
4615,2026-02-03,11:17,6,22,18000,396000
4616,2026-02-03,11:53,7,3,17000,51000
4617,2026-02-03,21:50,7,5,17000,85000
4618,2026-02-03,07:57,8,22,5000,110000
4619,2026-02-03,21:26,8,4,5000,20000
4620,2026-02-03,07:00,8,5,5000,25000
4621,2026-02-03,19:23,9,35,4000,140000
4622,2026-02-03,20:47,10,9,2000,18000
4623,2026-02-03,16:20,10,6,2000,12000
4624,2026-02-03,16:27,11,5,12000,60000
4625,2026-02-03,13:12,12,10,5000,50000
4626,2026-02-03,20:03,13,26,1500,39000
4627,2026-02-03,19:59,13,13,1500,19500
4628,2026-02-03,09:40,14,6,30000,180000
4629,2026-02-03,18:11,15,23,31000,713000
4630,2026-02-03,12:33,16,30,2500,75000
4631,2026-02-03,10:06,17,5,16000,80000
4632,2026-02-03,15:07,18,2,3500,7000
4633,2026-02-03,17:36,18,4,3500,14000
4634,2026-02-03,20:35,19,9,5500,49500
4635,2026-02-03,09:20,19,10,5500,55000
4636,2026-02-03,08:01,20,10,10000,100000
4637,2026-02-04,17:49,1,9,95000,855000
4638,2026-02-04,07:39,2,5,95000,475000
4639,2026-02-04,16:24,3,3,72000,216000
4640,2026-02-04,07:47,3,16,72000,1152000
4641,2026-02-04,17:40,4,4,62000,248000
4642,2026-02-04,19:22,4,4,62000,248000
4643,2026-02-04,17:57,5,13,36000,468000
4644,2026-02-04,10:34,6,24,18000,432000
4645,2026-02-04,19:16,7,4,17000,68000
4646,2026-02-04,17:03,7,2,17000,34000
4647,2026-02-04,21:09,8,37,5000,185000
4648,2026-02-04,16:55,9,21,4000,84000
4649,2026-02-04,08:07,9,11,4000,44000
4650,2026-02-04,16:07,10,31,2000,62000
4651,2026-02-04,11:16,11,8,12000,96000
4652,2026-02-04,08:31,12,2,5000,10000
4653,2026-02-04,20:23,12,9,5000,45000
4654,2026-02-04,08:31,13,7,1500,10500
4655,2026-02-04,19:01,13,13,1500,19500
4656,2026-02-04,13:04,13,4,1500,6000
4657,2026-02-04,17:04,14,17,30000,510000
4658,2026-02-04,13:24,15,21,31000,651000
4659,2026-02-04,21:28,16,21,2500,52500
4660,2026-02-04,19:10,16,11,2500,27500
4661,2026-02-04,07:57,17,7,16000,112000
4662,2026-02-04,16:40,18,5,3500,17500
4663,2026-02-04,08:21,19,1,5500,5500
4664,2026-02-04,12:30,19,15,5500,82500
4665,2026-02-04,15:47,20,1,10000,10000
4666,2026-02-04,11:59,20,2,10000,20000
4667,2026-02-04,08:12,20,3,10000,30000
4668,2026-02-05,07:33,1,9,95000,855000
4669,2026-02-05,15:48,1,5,95000,475000
4670,2026-02-05,20:23,2,1,95000,95000
4671,2026-02-05,10:01,3,16,72000,1152000
4672,2026-02-05,10:05,4,8,62000,496000
4673,2026-02-05,11:17,5,3,36000,108000
4674,2026-02-05,14:12,5,12,36000,432000
4675,2026-02-05,17:18,6,12,18000,216000
4676,2026-02-05,14:47,6,9,18000,162000
4677,2026-02-05,19:31,6,1,18000,18000
4678,2026-02-05,13:59,7,10,17000,170000
4679,2026-02-05,09:12,8,19,5000,95000
4680,2026-02-05,18:17,9,29,4000,116000
4681,2026-02-05,13:06,9,1,4000,4000
4682,2026-02-05,19:37,10,26,2000,52000
4683,2026-02-05,19:13,11,11,12000,132000
4684,2026-02-05,21:28,12,8,5000,40000
4685,2026-02-05,13:38,12,1,5000,5000
4686,2026-02-05,18:17,12,1,5000,5000
4687,2026-02-05,08:38,13,10,1500,15000
4688,2026-02-05,13:27,13,1,1500,1500
4689,2026-02-05,12:23,14,9,30000,270000
4690,2026-02-05,14:10,15,3,31000,93000
4691,2026-02-05,21:02,15,14,31000,434000
4692,2026-02-05,11:38,16,5,2500,12500
4693,2026-02-05,20:56,16,7,2500,17500
4694,2026-02-05,17:33,16,2,2500,5000
4695,2026-02-05,07:07,17,2,16000,32000
4696,2026-02-05,12:27,18,8,3500,28000
4697,2026-02-05,10:04,19,12,5500,66000
4698,2026-02-05,10:42,19,9,5500,49500
4699,2026-02-05,09:49,20,7,10000,70000
4700,2026-02-06,07:20,1,8,95000,760000
4701,2026-02-06,12:13,2,6,95000,570000
4702,2026-02-06,14:36,2,1,95000,95000
4703,2026-02-06,15:04,3,4,72000,288000
4704,2026-02-06,13:18,3,9,72000,648000
4705,2026-02-06,10:06,4,5,62000,310000
4706,2026-02-06,15:17,4,1,62000,62000
4707,2026-02-06,20:42,5,7,36000,252000
4708,2026-02-06,08:36,5,1,36000,36000
4709,2026-02-06,17:48,6,4,18000,72000
4710,2026-02-06,13:20,6,4,18000,72000
4711,2026-02-06,10:03,7,4,17000,68000
4712,2026-02-06,19:31,7,6,17000,102000
4713,2026-02-06,11:26,8,23,5000,115000
4714,2026-02-06,14:10,9,26,4000,104000
4715,2026-02-06,13:15,10,19,2000,38000
4716,2026-02-06,16:01,10,8,2000,16000
4717,2026-02-06,17:50,11,5,12000,60000
4718,2026-02-06,21:29,12,1,5000,5000
4719,2026-02-06,11:08,12,10,5000,50000
4720,2026-02-06,07:57,13,13,1500,19500
4721,2026-02-06,15:58,13,12,1500,18000
4722,2026-02-06,12:41,14,12,30000,360000
4723,2026-02-06,14:06,15,14,31000,434000
4724,2026-02-06,18:19,16,14,2500,35000
4725,2026-02-06,11:20,16,5,2500,12500
4726,2026-02-06,08:35,17,1,16000,16000
4727,2026-02-06,19:20,17,1,16000,16000
4728,2026-02-06,07:25,18,6,3500,21000
4729,2026-02-06,14:31,19,16,5500,88000
4730,2026-02-06,20:23,20,1,10000,10000
4731,2026-02-06,16:06,20,6,10000,60000
4732,2026-02-07,07:52,1,18,95000,1710000
4733,2026-02-07,08:20,2,9,95000,855000
4734,2026-02-07,13:14,3,12,72000,864000
4735,2026-02-07,09:05,3,1,72000,72000
4736,2026-02-07,21:51,4,8,62000,496000
4737,2026-02-07,21:34,5,11,36000,396000
4738,2026-02-07,11:56,6,23,18000,414000
4739,2026-02-07,19:02,6,1,18000,18000
4740,2026-02-07,08:03,6,2,18000,36000
4741,2026-02-07,12:44,7,1,17000,17000
4742,2026-02-07,16:50,7,3,17000,51000
4743,2026-02-07,19:24,7,5,17000,85000
4744,2026-02-07,09:59,8,44,5000,220000
4745,2026-02-07,14:07,9,48,4000,192000
4746,2026-02-07,20:09,10,58,2000,116000
4747,2026-02-07,17:28,11,4,12000,48000
4748,2026-02-07,17:07,11,3,12000,36000
4749,2026-02-07,10:36,12,13,5000,65000
4750,2026-02-07,14:17,13,76,1500,114000
4751,2026-02-07,18:30,14,10,30000,300000
4752,2026-02-07,11:49,15,13,31000,403000
4753,2026-02-07,08:22,16,12,2500,30000
4754,2026-02-07,20:15,17,8,16000,128000
4755,2026-02-07,18:04,18,1,3500,3500
4756,2026-02-07,08:31,18,2,3500,7000
4757,2026-02-07,07:42,19,15,5500,82500
4758,2026-02-07,20:24,20,7,10000,70000
4759,2026-02-08,08:21,1,14,95000,1330000
4760,2026-02-08,16:48,2,9,95000,855000
4761,2026-02-08,20:20,3,19,72000,1368000
4762,2026-02-08,18:29,4,5,62000,310000
4763,2026-02-08,17:09,4,8,62000,496000
4764,2026-02-08,21:08,5,2,36000,72000
4765,2026-02-08,10:58,5,8,36000,288000
4766,2026-02-08,14:55,6,15,18000,270000
4767,2026-02-08,19:25,7,4,17000,68000
4768,2026-02-08,10:04,7,6,17000,102000
4769,2026-02-08,09:43,8,43,5000,215000
4770,2026-02-08,20:36,9,48,4000,192000
4771,2026-02-08,14:56,10,10,2000,20000
4772,2026-02-08,08:47,10,32,2000,64000
4773,2026-02-08,07:57,11,12,12000,144000
4774,2026-02-08,11:01,12,7,5000,35000
4775,2026-02-08,15:28,13,69,1500,103500
4776,2026-02-08,08:59,14,19,30000,570000
4777,2026-02-08,12:27,15,22,31000,682000
4778,2026-02-08,13:32,16,44,2500,110000
4779,2026-02-08,12:03,17,2,16000,32000
4780,2026-02-08,12:06,18,6,3500,21000
4781,2026-02-08,13:46,19,12,5500,66000
4782,2026-02-08,10:25,20,2,10000,20000
4783,2026-02-08,09:38,20,3,10000,30000
4784,2026-02-08,11:33,20,3,10000,30000
4785,2026-02-09,13:06,1,5,95000,475000
4786,2026-02-09,17:03,1,1,95000,95000
4787,2026-02-09,10:07,2,1,95000,95000
4788,2026-02-09,07:57,2,6,95000,570000
4789,2026-02-09,11:15,3,20,72000,1440000
4790,2026-02-09,08:17,4,10,62000,620000
4791,2026-02-09,16:44,5,13,36000,468000
4792,2026-02-09,13:06,6,7,18000,126000
4793,2026-02-09,10:46,6,5,18000,90000
4794,2026-02-09,11:31,7,6,17000,102000
4795,2026-02-09,10:10,7,2,17000,34000
4796,2026-02-09,17:18,8,12,5000,60000
4797,2026-02-09,18:38,8,20,5000,100000
4798,2026-02-09,07:06,9,33,4000,132000
4799,2026-02-09,21:44,10,30,2000,60000
4800,2026-02-09,20:58,11,3,12000,36000
4801,2026-02-09,18:15,11,3,12000,36000
4802,2026-02-09,17:04,12,3,5000,15000
4803,2026-02-09,12:57,13,27,1500,40500
4804,2026-02-09,07:42,14,16,30000,480000
4805,2026-02-09,12:01,15,13,31000,403000
4806,2026-02-09,11:56,16,26,2500,65000
4807,2026-02-09,17:48,17,7,16000,112000
4808,2026-02-09,12:30,18,3,3500,10500
4809,2026-02-09,16:00,18,1,3500,3500
4810,2026-02-09,10:30,19,13,5500,71500
4811,2026-02-09,20:01,20,8,10000,80000
4812,2026-02-10,11:53,1,10,95000,950000
4813,2026-02-10,15:10,2,12,95000,1140000
4814,2026-02-10,08:06,3,7,72000,504000
4815,2026-02-10,11:51,3,1,72000,72000
4816,2026-02-10,14:47,4,8,62000,496000
4817,2026-02-10,12:34,4,3,62000,186000
4818,2026-02-10,14:16,5,11,36000,396000
4819,2026-02-10,07:52,6,21,18000,378000
4820,2026-02-10,18:21,7,12,17000,204000
4821,2026-02-10,17:54,8,13,5000,65000
4822,2026-02-10,20:57,8,3,5000,15000
4823,2026-02-10,08:17,9,16,4000,64000
4824,2026-02-10,17:33,9,13,4000,52000
4825,2026-02-10,09:26,10,1,2000,2000
4826,2026-02-10,20:14,10,12,2000,24000
4827,2026-02-10,12:31,11,3,12000,36000
4828,2026-02-10,07:15,11,6,12000,72000
4829,2026-02-10,18:27,12,10,5000,50000
4830,2026-02-10,18:05,13,43,1500,64500
4831,2026-02-10,13:40,14,13,30000,390000
4832,2026-02-10,11:56,15,20,31000,620000
4833,2026-02-10,21:58,16,18,2500,45000
4834,2026-02-10,14:56,16,8,2500,20000
4835,2026-02-10,11:58,17,3,16000,48000
4836,2026-02-10,13:37,18,3,3500,10500
4837,2026-02-10,13:17,18,2,3500,7000
4838,2026-02-10,07:37,19,17,5500,93500
4839,2026-02-10,12:53,20,8,10000,80000
4840,2026-02-11,19:29,1,7,95000,665000
4841,2026-02-11,16:50,1,2,95000,190000
4842,2026-02-11,08:00,2,3,95000,285000
4843,2026-02-11,14:59,2,3,95000,285000
4844,2026-02-11,17:09,3,8,72000,576000
4845,2026-02-11,15:18,3,3,72000,216000
4846,2026-02-11,11:31,4,3,62000,186000
4847,2026-02-11,11:04,4,8,62000,496000
4848,2026-02-11,14:02,5,1,36000,36000
4849,2026-02-11,10:18,5,13,36000,468000
4850,2026-02-11,07:31,6,4,18000,72000
4851,2026-02-11,11:00,6,23,18000,414000
4852,2026-02-11,17:53,7,8,17000,136000
4853,2026-02-11,11:08,8,19,5000,95000
4854,2026-02-11,11:50,9,29,4000,116000
4855,2026-02-11,09:05,10,36,2000,72000
4856,2026-02-11,18:17,10,1,2000,2000
4857,2026-02-11,18:12,11,6,12000,72000
4858,2026-02-11,21:05,12,7,5000,35000
4859,2026-02-11,07:30,13,45,1500,67500
4860,2026-02-11,17:40,14,4,30000,120000
4861,2026-02-11,13:27,14,7,30000,210000
4862,2026-02-11,13:57,14,1,30000,30000
4863,2026-02-11,11:58,15,15,31000,465000
4864,2026-02-11,11:11,16,35,2500,87500
4865,2026-02-11,17:56,17,7,16000,112000
4866,2026-02-11,16:08,18,7,3500,24500
4867,2026-02-11,11:08,19,4,5500,22000
4868,2026-02-11,13:35,19,8,5500,44000
4869,2026-02-11,11:05,20,7,10000,70000
4870,2026-02-12,21:40,1,7,95000,665000
4871,2026-02-12,09:24,2,6,95000,570000
4872,2026-02-12,08:08,3,4,72000,288000
4873,2026-02-12,15:28,3,2,72000,144000
4874,2026-02-12,21:43,4,9,62000,558000
4875,2026-02-12,18:22,4,2,62000,124000
4876,2026-02-12,13:29,5,7,36000,252000
4877,2026-02-12,13:29,6,25,18000,450000
4878,2026-02-12,15:01,7,10,17000,170000
4879,2026-02-12,19:08,8,14,5000,70000
4880,2026-02-12,16:58,8,1,5000,5000
4881,2026-02-12,11:50,8,5,5000,25000
4882,2026-02-12,15:23,9,22,4000,88000
4883,2026-02-12,15:57,10,28,2000,56000
4884,2026-02-12,11:03,11,11,12000,132000
4885,2026-02-12,09:25,12,1,5000,5000
4886,2026-02-12,17:00,12,1,5000,5000
4887,2026-02-12,19:55,13,49,1500,73500
4888,2026-02-12,20:03,14,11,30000,330000
4889,2026-02-12,11:53,15,14,31000,434000
4890,2026-02-12,16:06,16,2,2500,5000
4891,2026-02-12,20:18,16,6,2500,15000
4892,2026-02-12,16:30,16,8,2500,20000
4893,2026-02-12,07:07,17,7,16000,112000
4894,2026-02-12,18:37,17,1,16000,16000
4895,2026-02-12,18:13,18,1,3500,3500
4896,2026-02-12,15:09,18,4,3500,14000
4897,2026-02-12,14:08,19,7,5500,38500
4898,2026-02-12,17:40,20,8,10000,80000
4899,2026-02-13,17:19,1,5,95000,475000
4900,2026-02-13,18:59,1,6,95000,570000
4901,2026-02-13,14:39,2,4,95000,380000
4902,2026-02-13,08:00,3,2,72000,144000
4903,2026-02-13,09:38,3,13,72000,936000
4904,2026-02-13,08:15,4,5,62000,310000
4905,2026-02-13,10:06,4,1,62000,62000
4906,2026-02-13,20:32,5,15,36000,540000
4907,2026-02-13,07:59,6,23,18000,414000
4908,2026-02-13,13:30,7,12,17000,204000
4909,2026-02-13,20:39,8,8,5000,40000
4910,2026-02-13,17:28,8,9,5000,45000
4911,2026-02-13,20:42,8,8,5000,40000
4912,2026-02-13,09:40,9,28,4000,112000
4913,2026-02-13,07:11,9,14,4000,56000
4914,2026-02-13,18:42,10,31,2000,62000
4915,2026-02-13,15:47,11,4,12000,48000
4916,2026-02-13,14:30,12,4,5000,20000
4917,2026-02-13,11:18,12,7,5000,35000
4918,2026-02-13,14:23,13,38,1500,57000
4919,2026-02-13,17:17,13,19,1500,28500
4920,2026-02-13,18:51,14,6,30000,180000
4921,2026-02-13,13:52,15,17,31000,527000
4922,2026-02-13,07:18,16,28,2500,70000
4923,2026-02-13,16:24,17,4,16000,64000
4924,2026-02-13,11:02,18,5,3500,17500
4925,2026-02-13,07:58,19,15,5500,82500
4926,2026-02-13,21:22,19,2,5500,11000
4927,2026-02-13,11:00,20,8,10000,80000
4928,2026-02-13,09:22,20,1,10000,10000
4929,2026-02-13,15:54,20,1,10000,10000
4930,2026-02-14,12:57,1,4,95000,380000
4931,2026-02-14,18:33,1,10,95000,950000
4932,2026-02-14,08:11,2,5,95000,475000
4933,2026-02-14,17:46,3,6,72000,432000
4934,2026-02-14,16:21,3,5,72000,360000
4935,2026-02-14,20:50,4,10,62000,620000
4936,2026-02-14,19:48,5,18,36000,648000
4937,2026-02-14,08:58,6,13,18000,234000
4938,2026-02-14,20:41,6,8,18000,144000
4939,2026-02-14,14:38,7,13,17000,221000
4940,2026-02-14,18:59,8,19,5000,95000
4941,2026-02-14,15:49,8,7,5000,35000
4942,2026-02-14,09:44,9,9,4000,36000
4943,2026-02-14,12:37,9,16,4000,64000
4944,2026-02-14,16:53,10,23,2000,46000
4945,2026-02-14,13:04,10,19,2000,38000
4946,2026-02-14,07:01,10,4,2000,8000
4947,2026-02-14,10:06,11,3,12000,36000
4948,2026-02-14,17:06,11,8,12000,96000
4949,2026-02-14,17:30,12,5,5000,25000
4950,2026-02-14,10:49,13,68,1500,102000
4951,2026-02-14,19:15,14,12,30000,360000
4952,2026-02-14,08:57,14,3,30000,90000
4953,2026-02-14,21:24,15,24,31000,744000
4954,2026-02-14,19:26,15,1,31000,31000
4955,2026-02-14,11:07,16,1,2500,2500
4956,2026-02-14,07:54,16,10,2500,25000
4957,2026-02-14,18:04,16,6,2500,15000
4958,2026-02-14,12:38,17,2,16000,32000
4959,2026-02-14,21:11,18,1,3500,3500
4960,2026-02-14,12:06,18,6,3500,21000
4961,2026-02-14,09:40,19,13,5500,71500
4962,2026-02-14,16:35,19,7,5500,38500
4963,2026-02-14,11:31,20,10,10000,100000
4964,2026-02-15,11:14,1,16,95000,1520000
4965,2026-02-15,09:27,2,7,95000,665000
4966,2026-02-15,08:37,3,4,72000,288000
4967,2026-02-15,07:40,3,9,72000,648000
4968,2026-02-15,07:51,4,2,62000,124000
4969,2026-02-15,09:57,4,4,62000,248000
4970,2026-02-15,07:23,4,7,62000,434000
4971,2026-02-15,20:04,5,9,36000,324000
4972,2026-02-15,12:11,5,1,36000,36000
4973,2026-02-15,17:33,6,24,18000,432000
4974,2026-02-15,14:12,6,4,18000,72000
4975,2026-02-15,20:30,7,10,17000,170000
4976,2026-02-15,15:22,7,2,17000,34000
4977,2026-02-15,21:35,8,52,5000,260000
4978,2026-02-15,14:27,9,5,4000,20000
4979,2026-02-15,17:24,9,41,4000,164000
4980,2026-02-15,09:50,10,6,2000,12000
4981,2026-02-15,15:19,10,29,2000,58000
4982,2026-02-15,14:14,11,7,12000,84000
4983,2026-02-15,15:21,12,9,5000,45000
4984,2026-02-15,20:18,13,53,1500,79500
4985,2026-02-15,18:22,14,5,30000,150000
4986,2026-02-15,08:55,14,4,30000,120000
4987,2026-02-15,20:10,14,4,30000,120000
4988,2026-02-15,16:15,15,2,31000,62000
4989,2026-02-15,20:33,15,9,31000,279000
4990,2026-02-15,21:39,15,6,31000,186000
4991,2026-02-15,13:39,16,27,2500,67500
4992,2026-02-15,18:57,17,6,16000,96000
4993,2026-02-15,14:59,18,2,3500,7000
4994,2026-02-15,07:21,19,9,5500,49500
4995,2026-02-15,13:16,19,1,5500,5500
4996,2026-02-15,10:21,19,10,5500,55000
4997,2026-02-15,09:13,20,1,10000,10000
4998,2026-02-15,15:52,20,3,10000,30000
4999,2026-02-16,10:31,1,1,95000,95000
5000,2026-02-16,08:51,1,5,95000,475000
5001,2026-02-16,08:26,2,1,95000,95000
5002,2026-02-16,16:47,2,1,95000,95000
5003,2026-02-16,16:59,2,1,95000,95000
5004,2026-02-16,15:30,3,8,72000,576000
5005,2026-02-16,08:02,4,2,62000,124000
5006,2026-02-16,14:32,4,1,62000,62000
5007,2026-02-16,10:41,4,2,62000,124000
5008,2026-02-16,14:19,5,10,36000,360000
5009,2026-02-16,07:59,6,8,18000,144000
5010,2026-02-16,07:01,6,19,18000,342000
5011,2026-02-16,15:38,7,4,17000,68000
5012,2026-02-16,20:24,7,5,17000,85000
5013,2026-02-16,15:30,8,1,5000,5000
5014,2026-02-16,07:24,8,22,5000,110000
5015,2026-02-16,09:27,9,23,4000,92000
5016,2026-02-16,18:27,9,7,4000,28000
5017,2026-02-16,08:28,10,32,2000,64000
5018,2026-02-16,16:57,11,7,12000,84000
5019,2026-02-16,10:21,12,6,5000,30000
5020,2026-02-16,07:15,13,51,1500,76500
5021,2026-02-16,16:00,14,16,30000,480000
5022,2026-02-16,18:48,15,12,31000,372000
5023,2026-02-16,19:00,16,2,2500,5000
5024,2026-02-16,20:46,16,15,2500,37500
5025,2026-02-16,07:04,17,4,16000,64000
5026,2026-02-16,14:11,18,5,3500,17500
5027,2026-02-16,12:22,19,14,5500,77000
5028,2026-02-16,11:08,20,1,10000,10000
5029,2026-02-16,16:25,20,3,10000,30000
5030,2026-02-17,08:42,1,16,95000,1520000
5031,2026-02-17,11:34,2,8,95000,760000
5032,2026-02-17,18:47,3,15,72000,1080000
5033,2026-02-17,14:45,4,4,62000,248000
5034,2026-02-17,11:23,4,7,62000,434000
5035,2026-02-17,20:41,5,5,36000,180000
5036,2026-02-17,10:33,5,10,36000,360000
5037,2026-02-17,18:34,6,6,18000,108000
5038,2026-02-17,15:06,6,8,18000,144000
5039,2026-02-17,21:26,7,8,17000,136000
5040,2026-02-17,14:17,8,20,5000,100000
5041,2026-02-17,08:13,8,3,5000,15000
5042,2026-02-17,18:35,9,15,4000,60000
5043,2026-02-17,10:07,9,10,4000,40000
5044,2026-02-17,12:46,9,9,4000,36000
5045,2026-02-17,07:15,10,5,2000,10000
5046,2026-02-17,18:28,10,27,2000,54000
5047,2026-02-17,08:01,11,2,12000,24000
5048,2026-02-17,14:53,11,1,12000,12000
5049,2026-02-17,11:37,12,7,5000,35000
5050,2026-02-17,20:05,13,36,1500,54000
5051,2026-02-17,20:39,14,9,30000,270000
5052,2026-02-17,07:55,15,26,31000,806000
5053,2026-02-17,14:02,16,14,2500,35000
5054,2026-02-17,13:11,17,6,16000,96000
5055,2026-02-17,07:42,18,9,3500,31500
5056,2026-02-17,11:02,18,1,3500,3500
5057,2026-02-17,12:59,19,22,5500,121000
5058,2026-02-17,16:48,20,5,10000,50000
5059,2026-02-18,19:48,1,5,95000,475000
5060,2026-02-18,16:13,1,6,95000,570000
5061,2026-02-18,18:53,2,3,95000,285000
5062,2026-02-18,16:27,2,4,95000,380000
5063,2026-02-18,18:59,3,13,72000,936000
5064,2026-02-18,18:48,3,2,72000,144000
5065,2026-02-18,08:35,4,8,62000,496000
5066,2026-02-18,18:59,5,13,36000,468000
5067,2026-02-18,14:27,6,3,18000,54000
5068,2026-02-18,16:46,6,1,18000,18000
5069,2026-02-18,15:16,7,13,17000,221000
5070,2026-02-18,13:29,8,23,5000,115000
5071,2026-02-18,09:58,9,8,4000,32000
5072,2026-02-18,07:17,9,17,4000,68000
5073,2026-02-18,08:15,10,18,2000,36000
5074,2026-02-18,19:34,10,32,2000,64000
5075,2026-02-18,16:25,11,5,12000,60000
5076,2026-02-18,11:23,12,8,5000,40000
5077,2026-02-18,11:50,13,56,1500,84000
5078,2026-02-18,07:07,14,5,30000,150000
5079,2026-02-18,11:36,14,2,30000,60000
5080,2026-02-18,11:54,15,14,31000,434000
5081,2026-02-18,09:28,15,2,31000,62000
5082,2026-02-18,14:00,16,23,2500,57500
5083,2026-02-18,12:30,17,6,16000,96000
5084,2026-02-18,10:26,18,5,3500,17500
5085,2026-02-18,07:37,18,2,3500,7000
5086,2026-02-18,08:28,19,3,5500,16500
5087,2026-02-18,09:16,19,2,5500,11000
5088,2026-02-18,19:50,19,1,5500,5500
5089,2026-02-18,20:31,20,5,10000,50000
5090,2026-02-19,17:11,1,8,95000,760000
5091,2026-02-19,16:41,2,6,95000,570000
5092,2026-02-19,08:41,3,16,72000,1152000
5093,2026-02-19,17:32,4,9,62000,558000
5094,2026-02-19,12:02,5,5,36000,180000
5095,2026-02-19,15:45,5,1,36000,36000
5096,2026-02-19,18:16,6,23,18000,414000
5097,2026-02-19,15:45,7,1,17000,17000
5098,2026-02-19,07:38,7,6,17000,102000
5099,2026-02-19,10:22,7,4,17000,68000
5100,2026-02-19,15:28,8,33,5000,165000
5101,2026-02-19,08:15,9,31,4000,124000
5102,2026-02-19,16:23,10,41,2000,82000
5103,2026-02-19,13:04,11,6,12000,72000
5104,2026-02-19,17:27,11,2,12000,24000
5105,2026-02-19,07:20,12,3,5000,15000
5106,2026-02-19,16:50,12,11,5000,55000
5107,2026-02-19,13:57,13,42,1500,63000
5108,2026-02-19,11:39,14,8,30000,240000
5109,2026-02-19,07:10,14,1,30000,30000
5110,2026-02-19,11:59,15,27,31000,837000
5111,2026-02-19,16:01,16,31,2500,77500
5112,2026-02-19,10:51,17,6,16000,96000
5113,2026-02-19,18:49,18,4,3500,14000
5114,2026-02-19,18:22,19,5,5500,27500
5115,2026-02-19,10:24,19,1,5500,5500
5116,2026-02-19,17:46,20,1,10000,10000
5117,2026-02-19,09:24,20,5,10000,50000
5118,2026-02-20,08:59,1,2,95000,190000
5119,2026-02-20,10:36,1,8,95000,760000
5120,2026-02-20,16:40,2,4,95000,380000
5121,2026-02-20,13:34,3,15,72000,1080000
5122,2026-02-20,19:03,4,9,62000,558000
5123,2026-02-20,16:30,4,3,62000,186000
5124,2026-02-20,14:20,5,9,36000,324000
5125,2026-02-20,11:12,5,5,36000,180000
5126,2026-02-20,21:15,6,5,18000,90000
5127,2026-02-20,12:15,6,6,18000,108000
5128,2026-02-20,10:29,7,6,17000,102000
5129,2026-02-20,12:47,7,4,17000,68000
5130,2026-02-20,14:46,8,12,5000,60000
5131,2026-02-20,21:26,8,1,5000,5000
5132,2026-02-20,12:05,8,3,5000,15000
5133,2026-02-20,15:04,9,24,4000,96000
5134,2026-02-20,16:14,10,21,2000,42000
5135,2026-02-20,14:50,10,4,2000,8000
5136,2026-02-20,13:14,10,2,2000,4000
5137,2026-02-20,20:08,11,6,12000,72000
5138,2026-02-20,17:37,12,2,5000,10000
5139,2026-02-20,17:08,12,2,5000,10000
5140,2026-02-20,16:16,12,2,5000,10000
5141,2026-02-20,12:07,13,22,1500,33000
5142,2026-02-20,08:26,13,14,1500,21000
5143,2026-02-20,09:36,14,8,30000,240000
5144,2026-02-20,21:49,15,7,31000,217000
5145,2026-02-20,09:56,16,40,2500,100000
5146,2026-02-20,09:07,17,7,16000,112000
5147,2026-02-20,19:35,18,6,3500,21000
5148,2026-02-20,18:06,19,8,5500,44000
5149,2026-02-20,09:55,19,4,5500,22000
5150,2026-02-20,13:01,20,4,10000,40000
5151,2026-02-21,09:32,1,3,95000,285000
5152,2026-02-21,20:33,1,18,95000,1710000
5153,2026-02-21,09:25,2,7,95000,665000
5154,2026-02-21,18:35,2,3,95000,285000
5155,2026-02-21,10:45,2,3,95000,285000
5156,2026-02-21,12:57,3,18,72000,1296000
5157,2026-02-21,16:38,4,6,62000,372000
5158,2026-02-21,16:06,4,6,62000,372000
5159,2026-02-21,18:58,5,1,36000,36000
5160,2026-02-21,12:28,5,2,36000,72000
5161,2026-02-21,21:26,5,12,36000,432000
5162,2026-02-21,11:48,6,7,18000,126000
5163,2026-02-21,14:44,6,4,18000,72000
5164,2026-02-21,09:46,7,12,17000,204000
5165,2026-02-21,08:09,8,33,5000,165000
5166,2026-02-21,21:00,8,2,5000,10000
5167,2026-02-21,12:43,9,33,4000,132000
5168,2026-02-21,12:28,10,25,2000,50000
5169,2026-02-21,09:32,10,10,2000,20000
5170,2026-02-21,19:06,11,3,12000,36000
5171,2026-02-21,10:19,11,5,12000,60000
5172,2026-02-21,07:36,12,10,5000,50000
5173,2026-02-21,15:37,13,49,1500,73500
5174,2026-02-21,21:27,14,8,30000,240000
5175,2026-02-21,13:20,15,16,31000,496000
5176,2026-02-21,07:52,16,5,2500,12500
5177,2026-02-21,18:56,16,12,2500,30000
5178,2026-02-21,15:17,17,2,16000,32000
5179,2026-02-21,16:56,17,4,16000,64000
5180,2026-02-21,16:20,17,3,16000,48000
5181,2026-02-21,11:10,18,2,3500,7000
5182,2026-02-21,11:31,19,24,5500,132000
5183,2026-02-21,21:10,20,9,10000,90000
5184,2026-02-22,21:16,1,12,95000,1140000
5185,2026-02-22,21:14,3,13,72000,936000
5186,2026-02-22,17:17,3,1,72000,72000
5187,2026-02-22,09:06,3,2,72000,144000
5188,2026-02-22,20:32,4,9,62000,558000
5189,2026-02-22,16:57,5,1,36000,36000
5190,2026-02-22,07:57,5,9,36000,324000
5191,2026-02-22,19:12,6,16,18000,288000
5192,2026-02-22,20:52,7,18,17000,306000
5193,2026-02-22,10:18,8,41,5000,205000
5194,2026-02-22,18:28,9,19,4000,76000
5195,2026-02-22,15:08,9,4,4000,16000
5196,2026-02-22,20:29,9,4,4000,16000
5197,2026-02-22,08:45,10,19,2000,38000
5198,2026-02-22,14:56,11,1,12000,12000
5199,2026-02-22,13:31,11,6,12000,72000
5200,2026-02-22,20:08,12,10,5000,50000
5201,2026-02-22,08:22,13,47,1500,70500
5202,2026-02-22,19:05,13,6,1500,9000
5203,2026-02-22,18:50,13,1,1500,1500
5204,2026-02-22,08:20,14,10,30000,300000
5205,2026-02-22,12:17,15,21,31000,651000
5206,2026-02-22,18:32,16,45,2500,112500
5207,2026-02-22,18:44,17,1,16000,16000
5208,2026-02-22,12:57,17,7,16000,112000
5209,2026-02-22,21:45,18,4,3500,14000
5210,2026-02-22,19:33,18,1,3500,3500
5211,2026-02-22,12:12,18,2,3500,7000
5212,2026-02-22,20:56,19,11,5500,60500
5213,2026-02-22,17:02,19,5,5500,27500
5214,2026-02-22,09:37,20,1,10000,10000
5215,2026-02-22,13:55,20,2,10000,20000
5216,2026-02-22,10:43,20,3,10000,30000
5217,2026-02-23,14:09,1,13,95000,1235000
5218,2026-02-23,09:46,2,4,95000,380000
5219,2026-02-23,09:12,3,15,72000,1080000
5220,2026-02-23,15:54,4,1,62000,62000
5221,2026-02-23,18:47,4,7,62000,434000
5222,2026-02-23,13:04,5,10,36000,360000
5223,2026-02-23,16:13,6,10,18000,180000
5224,2026-02-23,13:44,7,1,17000,17000
5225,2026-02-23,11:39,7,11,17000,187000
5226,2026-02-23,16:15,8,22,5000,110000
5227,2026-02-23,15:42,9,16,4000,64000
5228,2026-02-23,09:56,9,15,4000,60000
5229,2026-02-23,10:56,10,26,2000,52000
5230,2026-02-23,14:31,11,10,12000,120000
5231,2026-02-23,16:22,12,4,5000,20000
5232,2026-02-23,15:30,12,3,5000,15000
5233,2026-02-23,10:07,13,53,1500,79500
5234,2026-02-23,14:20,14,1,30000,30000
5235,2026-02-23,10:42,14,1,30000,30000
5236,2026-02-23,13:07,14,1,30000,30000
5237,2026-02-23,12:42,15,20,31000,620000
5238,2026-02-23,18:25,16,28,2500,70000
5239,2026-02-23,20:51,17,2,16000,32000
5240,2026-02-23,20:31,17,1,16000,16000
5241,2026-02-23,10:01,18,6,3500,21000
5242,2026-02-23,11:17,18,2,3500,7000
5243,2026-02-23,21:54,19,18,5500,99000
5244,2026-02-23,15:49,20,1,10000,10000
5245,2026-02-23,12:16,20,1,10000,10000
5246,2026-02-24,13:51,1,7,95000,665000
5247,2026-02-24,14:27,1,4,95000,380000
5248,2026-02-24,21:03,3,11,72000,792000
5249,2026-02-24,18:14,4,13,62000,806000
5250,2026-02-24,20:02,5,10,36000,360000
5251,2026-02-24,13:14,6,11,18000,198000
5252,2026-02-24,09:34,7,10,17000,170000
5253,2026-02-24,17:07,8,38,5000,190000
5254,2026-02-24,09:38,9,10,4000,40000
5255,2026-02-24,15:01,9,1,4000,4000
5256,2026-02-24,18:01,9,1,4000,4000
5257,2026-02-24,19:45,10,3,2000,6000
5258,2026-02-24,12:58,10,18,2000,36000
5259,2026-02-24,19:35,11,11,12000,132000
5260,2026-02-24,07:33,12,15,5000,75000
5261,2026-02-24,15:12,13,36,1500,54000
5262,2026-02-24,20:45,14,3,30000,90000
5263,2026-02-24,10:18,14,1,30000,30000
5264,2026-02-24,19:10,14,1,30000,30000
5265,2026-02-24,10:35,15,11,31000,341000
5266,2026-02-24,18:15,15,7,31000,217000
5267,2026-02-24,07:02,15,8,31000,248000
5268,2026-02-24,08:32,16,34,2500,85000
5269,2026-02-24,13:50,16,2,2500,5000
5270,2026-02-24,09:18,17,6,16000,96000
5271,2026-02-24,10:40,18,5,3500,17500
5272,2026-02-24,07:17,19,4,5500,22000
5273,2026-02-24,18:07,19,8,5500,44000
5274,2026-02-24,17:25,20,4,10000,40000
5275,2026-02-24,09:52,20,1,10000,10000
5276,2026-02-25,20:05,1,5,95000,475000
5277,2026-02-25,08:04,1,5,95000,475000
5278,2026-02-25,18:48,2,9,95000,855000
5279,2026-02-25,07:47,3,1,72000,72000
5280,2026-02-25,20:34,3,17,72000,1224000
5281,2026-02-25,08:47,4,2,62000,124000
5282,2026-02-25,16:50,4,3,62000,186000
5283,2026-02-25,20:38,5,16,36000,576000
5284,2026-02-25,13:32,6,11,18000,198000
5285,2026-02-25,18:01,6,8,18000,144000
5286,2026-02-25,14:12,7,13,17000,221000
5287,2026-02-25,17:36,8,34,5000,170000
5288,2026-02-25,11:27,9,18,4000,72000
5289,2026-02-25,13:35,10,30,2000,60000
5290,2026-02-25,11:58,11,6,12000,72000
5291,2026-02-25,13:01,12,2,5000,10000
5292,2026-02-25,14:46,12,3,5000,15000
5293,2026-02-25,12:48,13,40,1500,60000
5294,2026-02-25,08:28,14,18,30000,540000
5295,2026-02-25,07:25,15,11,31000,341000
5296,2026-02-25,12:30,16,15,2500,37500
5297,2026-02-25,16:06,16,9,2500,22500
5298,2026-02-25,09:51,17,3,16000,48000
5299,2026-02-25,17:05,17,3,16000,48000
5300,2026-02-25,09:13,18,7,3500,24500
5301,2026-02-25,16:15,19,8,5500,44000
5302,2026-02-25,08:09,19,4,5500,22000
5303,2026-02-25,20:30,20,3,10000,30000
5304,2026-02-26,20:36,1,10,95000,950000
5305,2026-02-26,19:31,2,1,95000,95000
5306,2026-02-26,11:26,2,3,95000,285000
5307,2026-02-26,12:53,3,6,72000,432000
5308,2026-02-26,12:44,4,11,62000,682000
5309,2026-02-26,13:55,5,15,36000,540000
5310,2026-02-26,18:13,6,17,18000,306000
5311,2026-02-26,15:31,7,8,17000,136000
5312,2026-02-26,12:41,7,3,17000,51000
5313,2026-02-26,14:45,8,30,5000,150000
5314,2026-02-26,15:54,9,29,4000,116000
5315,2026-02-26,21:06,10,6,2000,12000
5316,2026-02-26,13:44,10,33,2000,66000
5317,2026-02-26,09:48,11,6,12000,72000
5318,2026-02-26,15:47,12,13,5000,65000
5319,2026-02-26,10:28,13,40,1500,60000
5320,2026-02-26,07:56,14,2,30000,60000
5321,2026-02-26,13:31,14,8,30000,240000
5322,2026-02-26,19:33,15,13,31000,403000
5323,2026-02-26,18:55,16,27,2500,67500
5324,2026-02-26,13:00,17,3,16000,48000
5325,2026-02-26,13:18,18,6,3500,21000
5326,2026-02-26,11:33,19,6,5500,33000
5327,2026-02-26,12:39,19,2,5500,11000
5328,2026-02-26,17:10,20,3,10000,30000
5329,2026-02-26,09:18,20,1,10000,10000
5330,2026-02-27,10:51,1,16,95000,1520000
5331,2026-02-27,15:38,2,6,95000,570000
5332,2026-02-27,11:30,2,3,95000,285000
5333,2026-02-27,21:21,3,22,72000,1584000
5334,2026-02-27,09:33,4,3,62000,186000
5335,2026-02-27,18:53,4,1,62000,62000
5336,2026-02-27,14:00,4,1,62000,62000
5337,2026-02-27,09:09,5,12,36000,432000
5338,2026-02-27,07:19,6,10,18000,180000
5339,2026-02-27,18:06,7,4,17000,68000
5340,2026-02-27,15:29,7,5,17000,85000
5341,2026-02-27,07:39,8,15,5000,75000
5342,2026-02-27,09:04,9,37,4000,148000
5343,2026-02-27,15:56,10,27,2000,54000
5344,2026-02-27,17:00,11,10,12000,120000
5345,2026-02-27,20:58,12,5,5000,25000
5346,2026-02-27,20:27,12,3,5000,15000
5347,2026-02-27,16:46,12,3,5000,15000
5348,2026-02-27,16:49,13,59,1500,88500
5349,2026-02-27,11:35,14,4,30000,120000
5350,2026-02-27,17:12,15,23,31000,713000
5351,2026-02-27,09:06,16,33,2500,82500
5352,2026-02-27,09:16,17,2,16000,32000
5353,2026-02-27,16:06,17,1,16000,16000
5354,2026-02-27,15:37,18,9,3500,31500
5355,2026-02-27,12:36,19,7,5500,38500
5356,2026-02-27,19:54,19,6,5500,33000
5357,2026-02-27,11:51,20,5,10000,50000
5358,2026-02-28,10:10,1,8,95000,760000
5359,2026-02-28,07:50,1,2,95000,190000
5360,2026-02-28,10:05,2,6,95000,570000
5361,2026-02-28,09:10,3,20,72000,1440000
5362,2026-02-28,14:55,3,2,72000,144000
5363,2026-02-28,07:20,3,5,72000,360000
5364,2026-02-28,07:08,4,9,62000,558000
5365,2026-02-28,14:27,5,17,36000,612000
5366,2026-02-28,11:32,6,6,18000,108000
5367,2026-02-28,19:07,6,8,18000,144000
5368,2026-02-28,13:24,7,10,17000,170000
5369,2026-02-28,12:19,8,31,5000,155000
5370,2026-02-28,20:33,8,15,5000,75000
5371,2026-02-28,08:56,9,22,4000,88000
5372,2026-02-28,09:40,10,7,2000,14000
5373,2026-02-28,20:17,10,25,2000,50000
5374,2026-02-28,13:35,11,7,12000,84000
5375,2026-02-28,14:31,11,1,12000,12000
5376,2026-02-28,17:07,12,5,5000,25000
5377,2026-02-28,15:57,12,6,5000,30000
5378,2026-02-28,12:11,13,46,1500,69000
5379,2026-02-28,12:54,14,14,30000,420000
5380,2026-02-28,17:22,15,22,31000,682000
5381,2026-02-28,16:35,16,14,2500,35000
5382,2026-02-28,21:58,16,21,2500,52500
5383,2026-02-28,09:59,17,1,16000,16000
5384,2026-02-28,18:00,17,1,16000,16000
5385,2026-02-28,10:28,17,1,16000,16000
5386,2026-02-28,10:00,18,7,3500,24500
5387,2026-02-28,12:06,19,24,5500,132000
5388,2026-02-28,16:17,20,3,10000,30000
5389,2026-02-28,07:41,20,1,10000,10000
5390,2026-02-28,11:41,20,4,10000,40000
5391,2026-03-01,07:44,1,9,95000,855000
5392,2026-03-01,17:03,2,5,95000,475000
5393,2026-03-01,16:52,2,5,95000,475000
5394,2026-03-01,18:59,3,10,72000,720000
5395,2026-03-01,16:40,4,11,62000,682000
5396,2026-03-01,09:30,5,24,36000,864000
5397,2026-03-01,19:34,6,11,18000,198000
5398,2026-03-01,19:06,6,4,18000,72000
5399,2026-03-01,07:39,7,12,17000,204000
5400,2026-03-01,18:47,8,10,5000,50000
5401,2026-03-01,09:55,8,39,5000,195000
5402,2026-03-01,13:53,9,3,4000,12000
5403,2026-03-01,20:07,9,20,4000,80000
5404,2026-03-01,17:45,10,34,2000,68000
5405,2026-03-01,08:54,11,11,12000,132000
5406,2026-03-01,20:12,12,10,5000,50000
5407,2026-03-01,07:21,13,48,1500,72000
5408,2026-03-01,20:43,13,4,1500,6000
5409,2026-03-01,21:45,14,11,30000,330000
5410,2026-03-01,09:57,14,7,30000,210000
5411,2026-03-01,07:42,15,12,31000,372000
5412,2026-03-01,13:26,15,9,31000,279000
5413,2026-03-01,20:42,15,3,31000,93000
5414,2026-03-01,10:52,16,5,2500,12500
5415,2026-03-01,19:32,16,30,2500,75000
5416,2026-03-01,11:05,17,6,16000,96000
5417,2026-03-01,07:17,18,10,3500,35000
5418,2026-03-01,13:11,19,17,5500,93500
5419,2026-03-01,17:47,19,2,5500,11000
5420,2026-03-01,11:17,20,1,10000,10000
5421,2026-03-01,15:22,20,7,10000,70000
5422,2026-03-02,14:36,1,9,95000,855000
5423,2026-03-02,16:59,2,1,95000,95000
5424,2026-03-02,14:05,2,5,95000,475000
5425,2026-03-02,08:11,3,12,72000,864000
5426,2026-03-02,12:37,4,3,62000,186000
5427,2026-03-02,17:01,4,6,62000,372000
5428,2026-03-02,10:40,5,1,36000,36000
5429,2026-03-02,12:29,5,10,36000,360000
5430,2026-03-02,18:15,6,13,18000,234000
5431,2026-03-02,17:41,7,13,17000,221000
5432,2026-03-02,11:03,8,7,5000,35000
5433,2026-03-02,13:45,8,5,5000,25000
5434,2026-03-02,11:11,8,15,5000,75000
5435,2026-03-02,16:20,9,39,4000,156000
5436,2026-03-02,20:12,10,31,2000,62000
5437,2026-03-02,10:11,11,9,12000,108000
5438,2026-03-02,14:16,12,5,5000,25000
5439,2026-03-02,08:31,12,6,5000,30000
5440,2026-03-02,12:37,12,2,5000,10000
5441,2026-03-02,19:41,13,47,1500,70500
5442,2026-03-02,20:40,14,8,30000,240000
5443,2026-03-02,07:53,15,6,31000,186000
5444,2026-03-02,16:24,15,16,31000,496000
5445,2026-03-02,16:13,16,31,2500,77500
5446,2026-03-02,17:51,17,2,16000,32000
5447,2026-03-02,17:50,17,2,16000,32000
5448,2026-03-02,11:13,17,1,16000,16000
5449,2026-03-02,15:35,18,3,3500,10500
5450,2026-03-02,11:05,19,13,5500,71500
5451,2026-03-02,15:49,19,2,5500,11000
5452,2026-03-02,10:29,20,11,10000,110000
5453,2026-03-03,21:07,1,10,95000,950000
5454,2026-03-03,17:11,2,5,95000,475000
5455,2026-03-03,14:37,3,18,72000,1296000
5456,2026-03-03,16:24,4,11,62000,682000
5457,2026-03-03,12:44,5,2,36000,72000
5458,2026-03-03,08:40,5,16,36000,576000
5459,2026-03-03,21:00,6,12,18000,216000
5460,2026-03-03,14:21,7,15,17000,255000
5461,2026-03-03,21:06,8,31,5000,155000
5462,2026-03-03,12:19,9,30,4000,120000
5463,2026-03-03,15:11,10,39,2000,78000
5464,2026-03-03,19:39,11,8,12000,96000
5465,2026-03-03,14:37,11,3,12000,36000
5466,2026-03-03,13:46,12,14,5000,70000
5467,2026-03-03,20:15,13,30,1500,45000
5468,2026-03-03,12:38,14,14,30000,420000
5469,2026-03-03,17:25,15,21,31000,651000
5470,2026-03-03,21:56,16,29,2500,72500
5471,2026-03-03,21:57,17,5,16000,80000
5472,2026-03-03,13:49,18,1,3500,3500
5473,2026-03-03,11:36,18,4,3500,14000
5474,2026-03-03,13:37,18,3,3500,10500
5475,2026-03-03,15:10,19,20,5500,110000
5476,2026-03-03,16:48,20,5,10000,50000
5477,2026-03-03,09:08,20,1,10000,10000
5478,2026-03-03,17:21,20,1,10000,10000
5479,2026-03-04,08:19,1,1,95000,95000
5480,2026-03-04,19:49,1,6,95000,570000
5481,2026-03-04,12:29,2,6,95000,570000
5482,2026-03-04,14:00,3,18,72000,1296000
5483,2026-03-04,21:11,4,4,62000,248000
5484,2026-03-04,11:19,4,9,62000,558000
5485,2026-03-04,10:54,5,16,36000,576000
5486,2026-03-04,08:46,6,14,18000,252000
5487,2026-03-04,17:35,7,20,17000,340000
5488,2026-03-04,07:30,8,12,5000,60000
5489,2026-03-04,09:22,8,16,5000,80000
5490,2026-03-04,15:43,9,43,4000,172000
5491,2026-03-04,10:58,10,34,2000,68000
5492,2026-03-04,13:53,11,10,12000,120000
5493,2026-03-04,10:48,12,14,5000,70000
5494,2026-03-04,12:48,13,25,1500,37500
5495,2026-03-04,21:08,13,5,1500,7500
5496,2026-03-04,13:49,13,26,1500,39000
5497,2026-03-04,11:52,14,15,30000,450000
5498,2026-03-04,16:25,15,14,31000,434000
5499,2026-03-04,15:04,15,11,31000,341000
5500,2026-03-04,17:47,16,26,2500,65000
5501,2026-03-04,21:38,17,1,16000,16000
5502,2026-03-04,09:49,17,1,16000,16000
5503,2026-03-04,10:23,17,2,16000,32000
5504,2026-03-04,15:52,18,9,3500,31500
5505,2026-03-04,16:48,19,19,5500,104500
5506,2026-03-04,08:41,20,6,10000,60000
5507,2026-03-05,14:12,1,15,95000,1425000
5508,2026-03-05,11:27,2,10,95000,950000
5509,2026-03-05,13:41,3,13,72000,936000
5510,2026-03-05,09:18,4,7,62000,434000
5511,2026-03-05,17:52,5,13,36000,468000
5512,2026-03-05,11:26,6,21,18000,378000
5513,2026-03-05,13:43,7,11,17000,187000
5514,2026-03-05,08:29,8,38,5000,190000
5515,2026-03-05,17:46,9,23,4000,92000
5516,2026-03-05,08:41,9,12,4000,48000
5517,2026-03-05,09:20,10,1,2000,2000
5518,2026-03-05,09:36,10,35,2000,70000
5519,2026-03-05,17:29,11,4,12000,48000
5520,2026-03-05,17:42,12,6,5000,30000
5521,2026-03-05,19:03,13,46,1500,69000
5522,2026-03-05,11:47,14,2,30000,60000
5523,2026-03-05,19:51,15,20,31000,620000
5524,2026-03-05,21:28,15,5,31000,155000
5525,2026-03-05,19:30,16,27,2500,67500
5526,2026-03-05,12:07,17,9,16000,144000
5527,2026-03-05,19:11,17,4,16000,64000
5528,2026-03-05,20:43,18,9,3500,31500
5529,2026-03-05,08:09,18,4,3500,14000
5530,2026-03-05,07:21,18,1,3500,3500
5531,2026-03-05,10:32,19,10,5500,55000
5532,2026-03-05,20:39,19,2,5500,11000
5533,2026-03-05,18:55,19,1,5500,5500
5534,2026-03-05,07:29,20,6,10000,60000
5535,2026-03-06,08:55,1,12,95000,1140000
5536,2026-03-06,12:03,2,9,95000,855000
5537,2026-03-06,12:16,3,6,72000,432000
5538,2026-03-06,13:21,3,2,72000,144000
5539,2026-03-06,15:17,4,1,62000,62000
5540,2026-03-06,09:18,4,3,62000,186000
5541,2026-03-06,07:28,5,10,36000,360000
5542,2026-03-06,17:02,6,20,18000,360000
5543,2026-03-06,12:46,7,12,17000,204000
5544,2026-03-06,18:25,8,30,5000,150000
5545,2026-03-06,08:34,9,17,4000,68000
5546,2026-03-06,18:09,10,9,2000,18000
5547,2026-03-06,21:17,11,7,12000,84000
5548,2026-03-06,12:29,11,2,12000,24000
5549,2026-03-06,21:52,12,2,5000,10000
5550,2026-03-06,21:53,12,5,5000,25000
5551,2026-03-06,08:20,13,15,1500,22500
5552,2026-03-06,12:02,13,1,1500,1500
5553,2026-03-06,09:38,13,2,1500,3000
5554,2026-03-06,15:46,14,2,30000,60000
5555,2026-03-06,08:21,14,4,30000,120000
5556,2026-03-06,21:40,14,4,30000,120000
5557,2026-03-06,13:01,15,14,31000,434000
5558,2026-03-06,09:47,15,7,31000,217000
5559,2026-03-06,17:47,16,24,2500,60000
5560,2026-03-06,08:50,17,2,16000,32000
5561,2026-03-06,10:36,17,2,16000,32000
5562,2026-03-06,11:39,18,7,3500,24500
5563,2026-03-06,20:50,19,10,5500,55000
5564,2026-03-06,19:03,20,3,10000,30000
5565,2026-03-07,14:13,1,10,95000,950000
5566,2026-03-07,11:47,2,7,95000,665000
5567,2026-03-07,18:49,2,2,95000,190000
5568,2026-03-07,15:42,3,19,72000,1368000
5569,2026-03-07,13:58,4,10,62000,620000
5570,2026-03-07,11:17,5,10,36000,360000
5571,2026-03-07,10:01,6,18,18000,324000
5572,2026-03-07,11:17,7,2,17000,34000
5573,2026-03-07,14:38,7,4,17000,68000
5574,2026-03-07,08:14,8,21,5000,105000
5575,2026-03-07,10:01,8,14,5000,70000
5576,2026-03-07,08:39,9,15,4000,60000
5577,2026-03-07,11:46,9,40,4000,160000
5578,2026-03-07,16:26,10,15,2000,30000
5579,2026-03-07,17:38,10,5,2000,10000
5580,2026-03-07,13:30,11,6,12000,72000
5581,2026-03-07,12:20,12,1,5000,5000
5582,2026-03-07,12:52,12,6,5000,30000
5583,2026-03-07,14:09,12,5,5000,25000
5584,2026-03-07,18:31,13,64,1500,96000
5585,2026-03-07,18:10,14,10,30000,300000
5586,2026-03-07,13:02,15,5,31000,155000
5587,2026-03-07,17:54,15,11,31000,341000
5588,2026-03-07,08:40,16,11,2500,27500
5589,2026-03-07,12:05,17,6,16000,96000
5590,2026-03-07,15:23,18,12,3500,42000
5591,2026-03-07,19:20,19,19,5500,104500
5592,2026-03-07,14:01,20,6,10000,60000
5593,2026-03-08,16:10,1,15,95000,1425000
5594,2026-03-08,13:26,2,5,95000,475000
5595,2026-03-08,19:01,2,3,95000,285000
5596,2026-03-08,15:47,3,5,72000,360000
5597,2026-03-08,14:15,3,9,72000,648000
5598,2026-03-08,15:08,4,12,62000,744000
5599,2026-03-08,20:07,5,15,36000,540000
5600,2026-03-08,10:13,6,19,18000,342000
5601,2026-03-08,20:10,7,5,17000,85000
5602,2026-03-08,19:49,7,2,17000,34000
5603,2026-03-08,18:25,7,3,17000,51000
5604,2026-03-08,12:48,8,49,5000,245000
5605,2026-03-08,21:38,9,46,4000,184000
5606,2026-03-08,19:23,10,31,2000,62000
5607,2026-03-08,15:34,11,6,12000,72000
5608,2026-03-08,15:25,11,5,12000,60000
5609,2026-03-08,13:31,12,9,5000,45000
5610,2026-03-08,20:59,13,19,1500,28500
5611,2026-03-08,14:10,13,20,1500,30000
5612,2026-03-08,11:00,14,2,30000,60000
5613,2026-03-08,15:53,14,4,30000,120000
5614,2026-03-08,12:48,14,3,30000,90000
5615,2026-03-08,09:43,15,12,31000,372000
5616,2026-03-08,13:26,16,13,2500,32500
5617,2026-03-08,10:40,16,14,2500,35000
5618,2026-03-08,07:39,16,5,2500,12500
5619,2026-03-08,16:39,17,1,16000,16000
5620,2026-03-08,08:38,18,4,3500,14000
5621,2026-03-08,13:01,19,4,5500,22000
5622,2026-03-08,10:10,20,6,10000,60000
5623,2026-03-09,14:43,1,9,95000,855000
5624,2026-03-09,12:01,2,5,95000,475000
5625,2026-03-09,15:32,3,7,72000,504000
5626,2026-03-09,20:12,3,4,72000,288000
5627,2026-03-09,14:23,4,2,62000,124000
5628,2026-03-09,18:55,4,3,62000,186000
5629,2026-03-09,14:59,5,13,36000,468000
5630,2026-03-09,12:08,6,4,18000,72000
5631,2026-03-09,11:04,6,10,18000,180000
5632,2026-03-09,16:29,7,4,17000,68000
5633,2026-03-09,14:15,7,8,17000,136000
5634,2026-03-09,10:50,8,8,5000,40000
5635,2026-03-09,09:29,8,7,5000,35000
5636,2026-03-09,08:51,9,28,4000,112000
5637,2026-03-09,20:58,10,22,2000,44000
5638,2026-03-09,21:10,10,21,2000,42000
5639,2026-03-09,18:04,11,9,12000,108000
5640,2026-03-09,07:43,12,8,5000,40000
5641,2026-03-09,14:55,13,34,1500,51000
5642,2026-03-09,13:04,13,5,1500,7500
5643,2026-03-09,21:45,14,5,30000,150000
5644,2026-03-09,15:07,14,4,30000,120000
5645,2026-03-09,14:30,15,1,31000,31000
5646,2026-03-09,20:46,15,17,31000,527000
5647,2026-03-09,19:25,16,22,2500,55000
5648,2026-03-09,19:02,17,3,16000,48000
5649,2026-03-09,12:25,17,1,16000,16000
5650,2026-03-09,17:41,18,5,3500,17500
5651,2026-03-09,14:27,18,2,3500,7000
5652,2026-03-09,09:54,19,1,5500,5500
5653,2026-03-09,11:48,19,7,5500,38500
5654,2026-03-09,18:10,20,1,10000,10000
5655,2026-03-09,12:26,20,3,10000,30000
5656,2026-03-10,21:15,1,2,95000,190000
5657,2026-03-10,19:30,1,3,95000,285000
5658,2026-03-10,08:21,2,2,95000,190000
5659,2026-03-10,14:57,3,2,72000,144000
5660,2026-03-10,18:31,3,8,72000,576000
5661,2026-03-10,12:18,4,5,62000,310000
5662,2026-03-10,18:28,4,4,62000,248000
5663,2026-03-10,14:44,5,9,36000,324000
5664,2026-03-10,11:38,6,20,18000,360000
5665,2026-03-10,09:09,7,11,17000,187000
5666,2026-03-10,07:14,8,6,5000,30000
5667,2026-03-10,12:45,9,19,4000,76000
5668,2026-03-10,11:19,9,13,4000,52000
5669,2026-03-10,17:19,10,11,2000,22000
5670,2026-03-10,14:45,10,19,2000,38000
5671,2026-03-10,14:43,10,8,2000,16000
5672,2026-03-10,18:51,11,4,12000,48000
5673,2026-03-10,16:18,12,3,5000,15000
5674,2026-03-10,20:24,12,8,5000,40000
5675,2026-03-10,10:01,13,29,1500,43500
5676,2026-03-10,09:37,14,5,30000,150000
5677,2026-03-10,07:16,14,5,30000,150000
5678,2026-03-10,15:47,15,14,31000,434000
5679,2026-03-10,13:30,16,9,2500,22500
5680,2026-03-10,16:57,16,2,2500,5000
5681,2026-03-10,12:41,17,4,16000,64000
5682,2026-03-10,20:32,18,7,3500,24500
5683,2026-03-10,12:24,19,10,5500,55000
5684,2026-03-10,17:10,20,2,10000,20000
5685,2026-03-10,20:33,20,2,10000,20000
5686,2026-03-11,14:57,1,8,95000,760000
5687,2026-03-11,17:04,2,6,95000,570000
5688,2026-03-11,11:13,3,14,72000,1008000
5689,2026-03-11,11:38,4,9,62000,558000
5690,2026-03-11,17:12,5,2,36000,72000
5691,2026-03-11,12:31,5,8,36000,288000
5692,2026-03-11,21:40,6,23,18000,414000
5693,2026-03-11,18:12,7,5,17000,85000
5694,2026-03-11,12:42,7,1,17000,17000
5695,2026-03-11,07:25,7,1,17000,17000
5696,2026-03-11,15:04,8,11,5000,55000
5697,2026-03-11,11:35,8,15,5000,75000
5698,2026-03-11,19:03,9,35,4000,140000
5699,2026-03-11,14:36,9,1,4000,4000
5700,2026-03-11,15:15,9,1,4000,4000
5701,2026-03-11,19:47,10,35,2000,70000
5702,2026-03-11,21:41,11,6,12000,72000
5703,2026-03-11,18:45,12,2,5000,10000
5704,2026-03-11,14:11,12,6,5000,30000
5705,2026-03-11,16:17,13,47,1500,70500
5706,2026-03-11,08:47,14,5,30000,150000
5707,2026-03-11,20:58,15,15,31000,465000
5708,2026-03-11,21:08,16,22,2500,55000
5709,2026-03-11,07:13,17,7,16000,112000
5710,2026-03-11,16:48,18,8,3500,28000
5711,2026-03-11,14:06,19,8,5500,44000
5712,2026-03-11,19:03,20,5,10000,50000
5713,2026-03-12,17:04,1,8,95000,760000
5714,2026-03-12,08:28,2,4,95000,380000
5715,2026-03-12,10:06,3,18,72000,1296000
5716,2026-03-12,10:38,4,5,62000,310000
5717,2026-03-12,16:00,5,17,36000,612000
5718,2026-03-12,20:57,6,21,18000,378000
5719,2026-03-12,21:28,7,14,17000,238000
5720,2026-03-12,16:51,8,7,5000,35000
5721,2026-03-12,17:39,8,11,5000,55000
5722,2026-03-12,11:48,9,1,4000,4000
5723,2026-03-12,13:38,9,25,4000,100000
5724,2026-03-12,17:11,10,17,2000,34000
5725,2026-03-12,14:32,11,6,12000,72000
5726,2026-03-12,17:19,12,11,5000,55000
5727,2026-03-12,15:15,13,49,1500,73500
5728,2026-03-12,17:35,14,6,30000,180000
5729,2026-03-12,17:28,15,17,31000,527000
5730,2026-03-12,19:11,16,23,2500,57500
5731,2026-03-12,12:57,17,2,16000,32000
5732,2026-03-12,09:11,18,4,3500,14000
5733,2026-03-12,08:48,18,2,3500,7000
5734,2026-03-12,13:43,18,2,3500,7000
5735,2026-03-12,21:55,19,9,5500,49500
5736,2026-03-12,17:43,20,5,10000,50000
5737,2026-03-13,09:12,1,8,95000,760000
5738,2026-03-13,10:19,2,1,95000,95000
5739,2026-03-13,15:19,2,3,95000,285000
5740,2026-03-13,15:30,3,14,72000,1008000
5741,2026-03-13,11:59,4,8,62000,496000
5742,2026-03-13,17:09,5,10,36000,360000
5743,2026-03-13,12:10,5,1,36000,36000
5744,2026-03-13,13:50,6,13,18000,234000
5745,2026-03-13,09:39,7,12,17000,204000
5746,2026-03-13,15:30,8,21,5000,105000
5747,2026-03-13,17:38,8,14,5000,70000
5748,2026-03-13,18:17,9,25,4000,100000
5749,2026-03-13,10:59,9,3,4000,12000
5750,2026-03-13,21:54,10,40,2000,80000
5751,2026-03-13,09:19,11,2,12000,24000
5752,2026-03-13,12:46,11,1,12000,12000
5753,2026-03-13,18:20,12,10,5000,50000
5754,2026-03-13,13:36,13,27,1500,40500
5755,2026-03-13,13:00,14,4,30000,120000
5756,2026-03-13,07:26,15,7,31000,217000
5757,2026-03-13,12:41,15,8,31000,248000
5758,2026-03-13,19:17,16,30,2500,75000
5759,2026-03-13,07:52,16,3,2500,7500
5760,2026-03-13,17:45,17,2,16000,32000
5761,2026-03-13,11:18,17,4,16000,64000
5762,2026-03-13,12:27,18,1,3500,3500
5763,2026-03-13,19:24,18,7,3500,24500
5764,2026-03-13,15:47,19,5,5500,27500
5765,2026-03-13,10:39,20,5,10000,50000
5766,2026-03-14,20:17,1,15,95000,1425000
5767,2026-03-14,10:10,2,8,95000,760000
5768,2026-03-14,14:46,3,9,72000,648000
5769,2026-03-14,07:49,4,7,62000,434000
5770,2026-03-14,21:45,5,12,36000,432000
5771,2026-03-14,14:15,5,2,36000,72000
5772,2026-03-14,16:37,6,22,18000,396000
5773,2026-03-14,08:03,7,6,17000,102000
5774,2026-03-14,15:23,8,9,5000,45000
5775,2026-03-14,14:59,8,22,5000,110000
5776,2026-03-14,14:08,9,40,4000,160000
5777,2026-03-14,12:49,10,5,2000,10000
5778,2026-03-14,18:26,10,42,2000,84000
5779,2026-03-14,16:19,11,3,12000,36000
5780,2026-03-14,16:12,11,7,12000,84000
5781,2026-03-14,14:15,12,12,5000,60000
5782,2026-03-14,15:48,13,39,1500,58500
5783,2026-03-14,15:52,14,3,30000,90000
5784,2026-03-14,11:44,14,1,30000,30000
5785,2026-03-14,19:49,15,18,31000,558000
5786,2026-03-14,19:44,16,37,2500,92500
5787,2026-03-14,20:23,17,6,16000,96000
5788,2026-03-14,21:49,17,4,16000,64000
5789,2026-03-14,21:13,18,9,3500,31500
5790,2026-03-14,14:14,19,20,5500,110000
5791,2026-03-14,12:12,20,7,10000,70000
5792,2026-03-15,11:38,1,5,95000,475000
5793,2026-03-15,18:59,1,6,95000,570000
5794,2026-03-15,08:41,2,7,95000,665000
5795,2026-03-15,13:51,3,25,72000,1800000
5796,2026-03-15,07:53,4,6,62000,372000
5797,2026-03-15,21:32,5,20,36000,720000
5798,2026-03-15,16:27,6,17,18000,306000
5799,2026-03-15,19:20,7,9,17000,153000
5800,2026-03-15,19:34,7,7,17000,119000
5801,2026-03-15,14:18,7,1,17000,17000
5802,2026-03-15,17:04,8,17,5000,85000
5803,2026-03-15,08:35,9,37,4000,148000
5804,2026-03-15,19:07,9,8,4000,32000
5805,2026-03-15,19:32,10,29,2000,58000
5806,2026-03-15,16:59,11,1,12000,12000
5807,2026-03-15,14:39,11,3,12000,36000
5808,2026-03-15,19:04,12,4,5000,20000
5809,2026-03-15,19:43,12,7,5000,35000
5810,2026-03-15,11:29,13,61,1500,91500
5811,2026-03-15,21:47,14,9,30000,270000
5812,2026-03-15,12:04,15,13,31000,403000
5813,2026-03-15,16:21,16,27,2500,67500
5814,2026-03-15,19:44,17,6,16000,96000
5815,2026-03-15,21:01,18,7,3500,24500
5816,2026-03-15,13:36,18,2,3500,7000
5817,2026-03-15,16:53,19,23,5500,126500
5818,2026-03-15,07:14,20,6,10000,60000
5819,2026-03-16,09:16,1,15,95000,1425000
5820,2026-03-16,17:49,2,5,95000,475000
5821,2026-03-16,12:34,2,1,95000,95000
5822,2026-03-16,17:12,3,13,72000,936000
5823,2026-03-16,21:22,4,3,62000,186000
5824,2026-03-16,21:56,4,1,62000,62000
5825,2026-03-16,09:12,5,10,36000,360000
5826,2026-03-16,19:09,5,1,36000,36000
5827,2026-03-16,09:06,6,15,18000,270000
5828,2026-03-16,16:54,7,13,17000,221000
5829,2026-03-16,09:34,8,26,5000,130000
5830,2026-03-16,08:20,9,17,4000,68000
5831,2026-03-16,10:42,10,30,2000,60000
5832,2026-03-16,10:12,10,2,2000,4000
5833,2026-03-16,13:17,11,9,12000,108000
5834,2026-03-16,21:13,12,14,5000,70000
5835,2026-03-16,09:56,13,2,1500,3000
5836,2026-03-16,21:28,13,43,1500,64500
5837,2026-03-16,13:01,14,12,30000,360000
5838,2026-03-16,18:54,15,18,31000,558000
5839,2026-03-16,07:28,16,13,2500,32500
5840,2026-03-16,14:25,16,14,2500,35000
5841,2026-03-16,19:24,17,7,16000,112000
5842,2026-03-16,08:05,18,4,3500,14000
5843,2026-03-16,19:13,19,2,5500,11000
5844,2026-03-16,08:31,19,2,5500,11000
5845,2026-03-16,18:38,19,6,5500,33000
5846,2026-03-16,12:26,20,4,10000,40000
5847,2026-03-17,08:51,1,11,95000,1045000
5848,2026-03-17,14:16,2,8,95000,760000
5849,2026-03-17,14:01,3,12,72000,864000
5850,2026-03-17,19:26,4,2,62000,124000
5851,2026-03-17,20:06,5,11,36000,396000
5852,2026-03-17,11:53,6,22,18000,396000
5853,2026-03-17,20:41,7,12,17000,204000
5854,2026-03-17,18:05,8,25,5000,125000
5855,2026-03-17,21:30,9,13,4000,52000
5856,2026-03-17,07:17,9,12,4000,48000
5857,2026-03-17,07:09,10,11,2000,22000
5858,2026-03-17,20:15,10,8,2000,16000
5859,2026-03-17,07:08,11,8,12000,96000
5860,2026-03-17,09:44,12,7,5000,35000
5861,2026-03-17,07:03,13,57,1500,85500
5862,2026-03-17,10:55,14,11,30000,330000
5863,2026-03-17,12:39,15,5,31000,155000
5864,2026-03-17,13:52,15,11,31000,341000
5865,2026-03-17,09:11,16,20,2500,50000
5866,2026-03-17,12:56,17,1,16000,16000
5867,2026-03-17,21:07,17,1,16000,16000
5868,2026-03-17,19:10,17,2,16000,32000
5869,2026-03-17,10:19,18,6,3500,21000
5870,2026-03-17,12:58,19,17,5500,93500
5871,2026-03-17,12:01,20,5,10000,50000
5872,2026-03-17,19:01,20,1,10000,10000
5873,2026-03-18,21:30,1,7,95000,665000
5874,2026-03-18,20:09,2,10,95000,950000
5875,2026-03-18,13:48,3,1,72000,72000
5876,2026-03-18,16:46,3,9,72000,648000
5877,2026-03-18,15:10,3,5,72000,360000
5878,2026-03-18,07:22,4,10,62000,620000
5879,2026-03-18,13:04,5,2,36000,72000
5880,2026-03-18,08:30,5,8,36000,288000
5881,2026-03-18,13:54,6,19,18000,342000
5882,2026-03-18,09:54,7,8,17000,136000
5883,2026-03-18,16:51,7,4,17000,68000
5884,2026-03-18,14:30,8,3,5000,15000
5885,2026-03-18,21:57,8,4,5000,20000
5886,2026-03-18,12:42,9,44,4000,176000
5887,2026-03-18,16:42,10,43,2000,86000
5888,2026-03-18,14:47,11,4,12000,48000
5889,2026-03-18,20:54,11,2,12000,24000
5890,2026-03-18,09:14,12,6,5000,30000
5891,2026-03-18,19:09,13,40,1500,60000
5892,2026-03-18,08:47,14,10,30000,300000
5893,2026-03-18,13:18,15,20,31000,620000
5894,2026-03-18,10:14,16,4,2500,10000
5895,2026-03-18,11:11,16,22,2500,55000
5896,2026-03-18,12:45,17,3,16000,48000
5897,2026-03-18,14:42,17,3,16000,48000
5898,2026-03-18,15:36,18,10,3500,35000
5899,2026-03-18,12:27,19,5,5500,27500
5900,2026-03-18,12:42,19,3,5500,16500
5901,2026-03-18,09:37,19,6,5500,33000
5902,2026-03-18,18:57,20,1,10000,10000
5903,2026-03-18,19:24,20,3,10000,30000
5904,2026-03-19,10:11,1,13,95000,1235000
5905,2026-03-19,07:09,1,1,95000,95000
5906,2026-03-19,09:25,2,4,95000,380000
5907,2026-03-19,12:00,2,5,95000,475000
5908,2026-03-19,14:54,3,26,72000,1872000
5909,2026-03-19,17:55,4,5,62000,310000
5910,2026-03-19,13:28,5,10,36000,360000
5911,2026-03-19,10:29,5,3,36000,108000
5912,2026-03-19,14:07,6,5,18000,90000
5913,2026-03-19,18:17,6,1,18000,18000
5914,2026-03-19,21:21,7,9,17000,153000
5915,2026-03-19,12:57,7,3,17000,51000
5916,2026-03-19,12:51,8,18,5000,90000
5917,2026-03-19,14:42,9,36,4000,144000
5918,2026-03-19,08:42,9,7,4000,28000
5919,2026-03-19,11:04,10,17,2000,34000
5920,2026-03-19,19:23,10,6,2000,12000
5921,2026-03-19,07:34,11,3,12000,36000
5922,2026-03-19,10:29,12,8,5000,40000
5923,2026-03-19,15:45,13,4,1500,6000
5924,2026-03-19,11:08,13,14,1500,21000
5925,2026-03-19,14:27,14,5,30000,150000
5926,2026-03-19,15:05,14,7,30000,210000
5927,2026-03-19,13:52,15,9,31000,279000
5928,2026-03-19,21:32,15,1,31000,31000
5929,2026-03-19,10:09,15,1,31000,31000
5930,2026-03-19,19:01,16,8,2500,20000
5931,2026-03-19,10:46,16,17,2500,42500
5932,2026-03-19,16:49,18,5,3500,17500
5933,2026-03-19,09:36,18,1,3500,3500
5934,2026-03-19,07:51,19,17,5500,93500
5935,2026-03-19,15:23,19,2,5500,11000
5936,2026-03-19,18:33,20,6,10000,60000
5937,2026-03-20,09:06,1,7,95000,665000
5938,2026-03-20,10:53,2,5,95000,475000
5939,2026-03-20,21:48,2,1,95000,95000
5940,2026-03-20,16:27,3,9,72000,648000
5941,2026-03-20,20:12,3,6,72000,432000
5942,2026-03-20,13:18,4,9,62000,558000
5943,2026-03-20,15:26,5,8,36000,288000
5944,2026-03-20,12:08,6,15,18000,270000
5945,2026-03-20,18:19,6,5,18000,90000
5946,2026-03-20,11:45,7,3,17000,51000
5947,2026-03-20,11:13,8,17,5000,85000
5948,2026-03-20,07:48,9,20,4000,80000
5949,2026-03-20,13:08,9,1,4000,4000
5950,2026-03-20,09:30,9,2,4000,8000
5951,2026-03-20,13:50,10,16,2000,32000
5952,2026-03-20,09:41,10,21,2000,42000
5953,2026-03-20,16:12,11,7,12000,84000
5954,2026-03-20,12:04,12,5,5000,25000
5955,2026-03-20,11:08,13,28,1500,42000
5956,2026-03-20,18:47,14,2,30000,60000
5957,2026-03-20,16:43,14,8,30000,240000
5958,2026-03-20,14:09,15,18,31000,558000
5959,2026-03-20,07:40,16,11,2500,27500
5960,2026-03-20,08:33,16,9,2500,22500
5961,2026-03-20,08:49,17,4,16000,64000
5962,2026-03-20,10:42,18,8,3500,28000
5963,2026-03-20,14:19,18,1,3500,3500
5964,2026-03-20,18:39,19,9,5500,49500
5965,2026-03-20,14:09,19,1,5500,5500
5966,2026-03-20,19:58,20,6,10000,60000
5967,2026-03-21,07:24,1,9,95000,855000
5968,2026-03-21,20:57,1,14,95000,1330000
5969,2026-03-21,17:29,2,4,95000,380000
5970,2026-03-21,09:56,3,9,72000,648000
5971,2026-03-21,19:18,4,8,62000,496000
5972,2026-03-21,10:33,4,3,62000,186000
5973,2026-03-21,18:38,5,11,36000,396000
5974,2026-03-21,10:55,6,14,18000,252000
5975,2026-03-21,20:42,6,2,18000,36000
5976,2026-03-21,14:53,6,1,18000,18000
5977,2026-03-21,13:03,7,7,17000,119000
5978,2026-03-21,17:06,7,3,17000,51000
5979,2026-03-21,20:46,8,9,5000,45000
5980,2026-03-21,18:17,8,21,5000,105000
5981,2026-03-21,12:26,9,41,4000,164000
5982,2026-03-21,17:53,9,9,4000,36000
5983,2026-03-21,11:22,9,6,4000,24000
5984,2026-03-21,08:45,10,46,2000,92000
5985,2026-03-21,16:31,11,4,12000,48000
5986,2026-03-21,10:37,11,7,12000,84000
5987,2026-03-21,11:06,12,6,5000,30000
5988,2026-03-21,16:33,13,32,1500,48000
5989,2026-03-21,20:59,13,1,1500,1500
5990,2026-03-21,17:24,13,1,1500,1500
5991,2026-03-21,08:37,15,16,31000,496000
5992,2026-03-21,16:06,16,7,2500,17500
5993,2026-03-21,08:48,16,30,2500,75000
5994,2026-03-21,16:43,17,7,16000,112000
5995,2026-03-21,13:52,18,5,3500,17500
5996,2026-03-21,13:45,18,2,3500,7000
5997,2026-03-21,17:50,19,12,5500,66000
5998,2026-03-21,14:54,19,5,5500,27500
5999,2026-03-21,20:33,20,5,10000,50000
6000,2026-03-22,13:52,1,14,95000,1330000
6001,2026-03-22,17:58,2,7,95000,665000
6002,2026-03-22,07:13,2,3,95000,285000
6003,2026-03-22,07:40,3,10,72000,720000
6004,2026-03-22,21:26,4,2,62000,124000
6005,2026-03-22,19:01,4,3,62000,186000
6006,2026-03-22,18:29,4,5,62000,310000
6007,2026-03-22,12:52,5,9,36000,324000
6008,2026-03-22,17:22,5,8,36000,288000
6009,2026-03-22,10:17,6,16,18000,288000
6010,2026-03-22,07:20,7,15,17000,255000
6011,2026-03-22,17:16,8,66,5000,330000
6012,2026-03-22,10:35,9,11,4000,44000
6013,2026-03-22,19:55,9,26,4000,104000
6014,2026-03-22,12:47,10,41,2000,82000
6015,2026-03-22,12:49,11,6,12000,72000
6016,2026-03-22,20:05,12,8,5000,40000
6017,2026-03-22,12:22,12,3,5000,15000
6018,2026-03-22,19:53,13,48,1500,72000
6019,2026-03-22,10:20,13,6,1500,9000
6020,2026-03-22,21:46,14,2,30000,60000
6021,2026-03-22,08:40,14,11,30000,330000
6022,2026-03-22,16:31,15,15,31000,465000
6023,2026-03-22,13:12,16,25,2500,62500
6024,2026-03-22,11:54,16,5,2500,12500
6025,2026-03-22,12:51,17,6,16000,96000
6026,2026-03-22,14:57,17,4,16000,64000
6027,2026-03-22,09:10,18,8,3500,28000
6028,2026-03-22,08:12,19,23,5500,126500
6029,2026-03-22,21:32,20,6,10000,60000
6030,2026-03-23,11:48,1,9,95000,855000
6031,2026-03-23,15:34,1,3,95000,285000
6032,2026-03-23,16:44,2,6,95000,570000
6033,2026-03-23,08:05,3,11,72000,792000
6034,2026-03-23,20:16,4,7,62000,434000
6035,2026-03-23,09:45,4,2,62000,124000
6036,2026-03-23,12:25,5,9,36000,324000
6037,2026-03-23,13:06,6,14,18000,252000
6038,2026-03-23,16:36,7,5,17000,85000
6039,2026-03-23,08:20,7,6,17000,102000
6040,2026-03-23,10:35,8,15,5000,75000
6041,2026-03-23,09:42,8,1,5000,5000
6042,2026-03-23,11:01,8,8,5000,40000
6043,2026-03-23,20:44,9,17,4000,68000
6044,2026-03-23,14:41,10,16,2000,32000
6045,2026-03-23,19:13,10,8,2000,16000
6046,2026-03-23,09:00,10,17,2000,34000
6047,2026-03-23,07:54,11,9,12000,108000
6048,2026-03-23,13:35,12,4,5000,20000
6049,2026-03-23,15:36,12,3,5000,15000
6050,2026-03-23,09:54,13,23,1500,34500
6051,2026-03-23,13:40,14,9,30000,270000
6052,2026-03-23,21:24,15,17,31000,527000
6053,2026-03-23,19:23,16,23,2500,57500
6054,2026-03-23,19:51,16,2,2500,5000
6055,2026-03-23,12:23,17,4,16000,64000
6056,2026-03-23,15:22,18,1,3500,3500
6057,2026-03-23,08:44,18,1,3500,3500
6058,2026-03-23,09:20,18,1,3500,3500
6059,2026-03-23,19:34,19,4,5500,22000
6060,2026-03-23,16:08,19,6,5500,33000
6061,2026-03-23,21:50,20,5,10000,50000
6062,2026-03-24,08:51,1,8,95000,760000
6063,2026-03-24,20:38,1,2,95000,190000
6064,2026-03-24,10:46,1,1,95000,95000
6065,2026-03-24,18:41,2,4,95000,380000
6066,2026-03-24,11:36,3,8,72000,576000
6067,2026-03-24,20:03,3,8,72000,576000
6068,2026-03-24,14:39,3,5,72000,360000
6069,2026-03-24,16:27,4,3,62000,186000
6070,2026-03-24,09:01,5,16,36000,576000
6071,2026-03-24,15:41,6,16,18000,288000
6072,2026-03-24,12:30,7,13,17000,221000
6073,2026-03-24,08:43,8,5,5000,25000
6074,2026-03-24,12:04,8,18,5000,90000
6075,2026-03-24,21:46,9,18,4000,72000
6076,2026-03-24,07:45,9,9,4000,36000
6077,2026-03-24,16:31,9,9,4000,36000
6078,2026-03-24,19:08,10,27,2000,54000
6079,2026-03-24,11:34,11,1,12000,12000
6080,2026-03-24,18:43,11,2,12000,24000
6081,2026-03-24,11:21,11,1,12000,12000
6082,2026-03-24,19:56,12,14,5000,70000
6083,2026-03-24,13:09,13,36,1500,54000
6084,2026-03-24,20:00,14,6,30000,180000
6085,2026-03-24,16:03,14,4,30000,120000
6086,2026-03-24,16:07,15,12,31000,372000
6087,2026-03-24,19:04,15,11,31000,341000
6088,2026-03-24,18:10,16,14,2500,35000
6089,2026-03-24,18:12,16,3,2500,7500
6090,2026-03-24,16:49,17,6,16000,96000
6091,2026-03-24,20:11,18,2,3500,7000
6092,2026-03-24,07:41,18,4,3500,14000
6093,2026-03-24,08:06,19,2,5500,11000
6094,2026-03-24,13:36,19,6,5500,33000
6095,2026-03-24,18:43,19,3,5500,16500
6096,2026-03-24,13:24,20,6,10000,60000
6097,2026-03-25,20:21,1,2,95000,190000
6098,2026-03-25,09:06,1,3,95000,285000
6099,2026-03-25,09:45,2,4,95000,380000
6100,2026-03-25,11:31,3,20,72000,1440000
6101,2026-03-25,11:25,4,11,62000,682000
6102,2026-03-25,12:41,5,12,36000,432000
6103,2026-03-25,14:48,6,11,18000,198000
6104,2026-03-25,08:33,6,7,18000,126000
6105,2026-03-25,21:38,7,10,17000,170000
6106,2026-03-25,15:03,8,33,5000,165000
6107,2026-03-25,09:00,9,4,4000,16000
6108,2026-03-25,15:00,9,21,4000,84000
6109,2026-03-25,13:19,10,33,2000,66000
6110,2026-03-25,21:36,11,10,12000,120000
6111,2026-03-25,20:04,12,7,5000,35000
6112,2026-03-25,09:34,13,13,1500,19500
6113,2026-03-25,10:22,13,32,1500,48000
6114,2026-03-25,08:55,13,7,1500,10500
6115,2026-03-25,16:23,14,1,30000,30000
6116,2026-03-25,16:11,14,3,30000,90000
6117,2026-03-25,20:56,15,23,31000,713000
6118,2026-03-25,19:11,15,1,31000,31000
6119,2026-03-25,20:52,16,22,2500,55000
6120,2026-03-25,16:02,17,4,16000,64000
6121,2026-03-25,21:18,18,1,3500,3500
6122,2026-03-25,08:22,18,1,3500,3500
6123,2026-03-25,17:11,18,1,3500,3500
6124,2026-03-25,09:57,19,10,5500,55000
6125,2026-03-25,10:38,20,4,10000,40000
6126,2026-03-26,16:58,1,8,95000,760000
6127,2026-03-26,14:59,2,5,95000,475000
6128,2026-03-26,19:28,3,13,72000,936000
6129,2026-03-26,08:42,3,5,72000,360000
6130,2026-03-26,12:15,4,9,62000,558000
6131,2026-03-26,10:52,5,13,36000,468000
6132,2026-03-26,19:25,6,11,18000,198000
6133,2026-03-26,07:58,7,8,17000,136000
6134,2026-03-26,20:33,8,31,5000,155000
6135,2026-03-26,08:42,8,1,5000,5000
6136,2026-03-26,17:20,8,4,5000,20000
6137,2026-03-26,19:34,9,19,4000,76000
6138,2026-03-26,17:12,9,1,4000,4000
6139,2026-03-26,11:20,9,1,4000,4000
6140,2026-03-26,19:12,10,46,2000,92000
6141,2026-03-26,17:27,11,6,12000,72000
6142,2026-03-26,13:05,12,10,5000,50000
6143,2026-03-26,14:06,13,47,1500,70500
6144,2026-03-26,14:39,14,14,30000,420000
6145,2026-03-26,14:50,15,18,31000,558000
6146,2026-03-26,15:53,16,2,2500,5000
6147,2026-03-26,07:12,16,20,2500,50000
6148,2026-03-26,17:20,17,2,16000,32000
6149,2026-03-26,18:03,17,1,16000,16000
6150,2026-03-26,15:01,17,1,16000,16000
6151,2026-03-26,11:24,18,8,3500,28000
6152,2026-03-26,15:03,19,16,5500,88000
6153,2026-03-26,18:32,20,4,10000,40000
6154,2026-03-26,15:54,20,2,10000,20000
6155,2026-03-27,12:43,1,11,95000,1045000
6156,2026-03-27,08:29,2,4,95000,380000
6157,2026-03-27,09:57,2,5,95000,475000
6158,2026-03-27,12:04,3,16,72000,1152000
6159,2026-03-27,10:36,4,8,62000,496000
6160,2026-03-27,17:39,4,1,62000,62000
6161,2026-03-27,21:24,5,7,36000,252000
6162,2026-03-27,18:07,6,3,18000,54000
6163,2026-03-27,17:52,7,1,17000,17000
6164,2026-03-27,21:53,7,4,17000,68000
6165,2026-03-27,12:11,7,7,17000,119000
6166,2026-03-27,21:53,8,8,5000,40000
6167,2026-03-27,13:02,8,6,5000,30000
6168,2026-03-27,09:09,8,7,5000,35000
6169,2026-03-27,16:42,9,23,4000,92000
6170,2026-03-27,21:27,10,33,2000,66000
6171,2026-03-27,20:57,11,6,12000,72000
6172,2026-03-27,17:19,11,1,12000,12000
6173,2026-03-27,21:41,12,13,5000,65000
6174,2026-03-27,13:44,13,18,1500,27000
6175,2026-03-27,07:26,13,20,1500,30000
6176,2026-03-27,11:53,14,4,30000,120000
6177,2026-03-27,21:12,14,3,30000,90000
6178,2026-03-27,11:38,15,16,31000,496000
6179,2026-03-27,07:40,15,6,31000,186000
6180,2026-03-27,18:49,16,2,2500,5000
6181,2026-03-27,14:08,16,21,2500,52500
6182,2026-03-27,08:40,17,2,16000,32000
6183,2026-03-27,08:07,17,4,16000,64000
6184,2026-03-27,19:31,18,6,3500,21000
6185,2026-03-27,15:20,19,9,5500,49500
6186,2026-03-27,18:16,20,6,10000,60000
6187,2026-03-28,11:34,1,12,95000,1140000
6188,2026-03-28,11:18,1,1,95000,95000
6189,2026-03-28,20:36,1,1,95000,95000
6190,2026-03-28,19:07,2,9,95000,855000
6191,2026-03-28,21:56,3,16,72000,1152000
6192,2026-03-28,08:35,4,4,62000,248000
6193,2026-03-28,09:33,5,4,36000,144000
6194,2026-03-28,07:30,5,8,36000,288000
6195,2026-03-28,08:14,6,23,18000,414000
6196,2026-03-28,13:11,7,12,17000,204000
6197,2026-03-28,18:51,8,30,5000,150000
6198,2026-03-28,13:39,9,49,4000,196000
6199,2026-03-28,18:09,10,29,2000,58000
6200,2026-03-28,19:02,11,3,12000,36000
6201,2026-03-28,19:12,12,9,5000,45000
6202,2026-03-28,19:13,12,1,5000,5000
6203,2026-03-28,16:00,13,3,1500,4500
6204,2026-03-28,09:21,13,39,1500,58500
6205,2026-03-28,21:11,14,3,30000,90000
6206,2026-03-28,12:29,14,5,30000,150000
6207,2026-03-28,17:03,15,18,31000,558000
6208,2026-03-28,09:18,16,32,2500,80000
6209,2026-03-28,10:11,17,6,16000,96000
6210,2026-03-28,17:46,18,3,3500,10500
6211,2026-03-28,14:01,18,5,3500,17500
6212,2026-03-28,20:15,19,3,5500,16500
6213,2026-03-28,16:33,19,25,5500,137500
6214,2026-03-28,09:09,20,6,10000,60000
6215,2026-03-29,12:03,1,15,95000,1425000
6216,2026-03-29,08:26,2,6,95000,570000
6217,2026-03-29,07:39,3,14,72000,1008000
6218,2026-03-29,21:20,4,6,62000,372000
6219,2026-03-29,12:02,4,1,62000,62000
6220,2026-03-29,08:43,5,12,36000,432000
6221,2026-03-29,13:00,6,21,18000,378000
6222,2026-03-29,20:24,7,21,17000,357000
6223,2026-03-29,20:14,8,4,5000,20000
6224,2026-03-29,19:40,8,21,5000,105000
6225,2026-03-29,15:04,9,33,4000,132000
6226,2026-03-29,20:58,10,36,2000,72000
6227,2026-03-29,16:41,11,9,12000,108000
6228,2026-03-29,17:39,12,11,5000,55000
6229,2026-03-29,21:47,13,64,1500,96000
6230,2026-03-29,14:39,14,1,30000,30000
6231,2026-03-29,17:29,15,10,31000,310000
6232,2026-03-29,21:09,16,24,2500,60000
6233,2026-03-29,21:23,17,9,16000,144000
6234,2026-03-29,11:40,18,4,3500,14000
6235,2026-03-29,11:56,20,4,10000,40000
6236,2026-03-29,09:23,20,4,10000,40000
6237,2026-03-30,19:19,1,7,95000,665000
6238,2026-03-30,09:02,1,3,95000,285000
6239,2026-03-30,18:56,2,3,95000,285000
6240,2026-03-30,10:25,3,11,72000,792000
6241,2026-03-30,17:22,4,6,62000,372000
6242,2026-03-30,13:26,5,12,36000,432000
6243,2026-03-30,18:28,6,8,18000,144000
6244,2026-03-30,14:24,6,6,18000,108000
6245,2026-03-30,12:20,7,12,17000,204000
6246,2026-03-30,18:33,9,5,4000,20000
6247,2026-03-30,10:15,9,15,4000,60000
6248,2026-03-30,10:36,10,20,2000,40000
6249,2026-03-30,20:46,11,6,12000,72000
6250,2026-03-30,12:57,12,5,5000,25000
6251,2026-03-30,14:35,12,3,5000,15000
6252,2026-03-30,12:41,13,27,1500,40500
6253,2026-03-30,11:13,13,17,1500,25500
6254,2026-03-30,14:06,14,3,30000,90000
6255,2026-03-30,14:19,15,18,31000,558000
6256,2026-03-30,13:03,16,25,2500,62500
6257,2026-03-30,10:13,16,3,2500,7500
6258,2026-03-30,12:35,16,1,2500,2500
6259,2026-03-30,13:59,17,6,16000,96000
6260,2026-03-30,15:27,17,2,16000,32000
6261,2026-03-30,14:01,18,6,3500,21000
6262,2026-03-30,16:42,19,7,5500,38500
6263,2026-03-30,09:17,19,6,5500,33000
6264,2026-03-30,16:50,20,1,10000,10000
6265,2026-03-30,19:12,20,1,10000,10000
6266,2026-03-30,09:26,20,1,10000,10000
6267,2026-03-31,10:55,1,2,95000,190000
6268,2026-03-31,21:31,2,7,95000,665000
6269,2026-03-31,12:39,2,1,95000,95000
6270,2026-03-31,18:40,3,10,72000,720000
6271,2026-03-31,21:02,3,3,72000,216000
6272,2026-03-31,17:06,3,1,72000,72000
6273,2026-03-31,07:00,4,2,62000,124000
6274,2026-03-31,21:55,4,9,62000,558000
6275,2026-03-31,20:05,5,3,36000,108000
6276,2026-03-31,12:59,5,5,36000,180000
6277,2026-03-31,09:13,6,7,18000,126000
6278,2026-03-31,11:53,6,12,18000,216000
6279,2026-03-31,08:23,6,1,18000,18000
6280,2026-03-31,16:57,7,6,17000,102000
6281,2026-03-31,20:28,7,10,17000,170000
6282,2026-03-31,18:11,8,25,5000,125000
6283,2026-03-31,08:51,9,29,4000,116000
6284,2026-03-31,21:56,10,31,2000,62000
6285,2026-03-31,13:07,11,3,12000,36000
6286,2026-03-31,16:26,12,14,5000,70000
6287,2026-03-31,15:40,13,31,1500,46500
6288,2026-03-31,11:44,14,11,30000,330000
6289,2026-03-31,08:42,15,4,31000,124000
6290,2026-03-31,09:58,15,8,31000,248000
6291,2026-03-31,19:02,16,16,2500,40000
6292,2026-03-31,13:30,17,7,16000,112000
6293,2026-03-31,09:49,18,6,3500,21000
6294,2026-03-31,18:52,19,18,5500,99000
6295,2026-03-31,14:37,20,6,10000,60000
6296,2026-04-01,14:57,1,4,95000,380000
6297,2026-04-01,14:42,2,7,95000,665000
6298,2026-04-01,21:21,3,11,72000,792000
6299,2026-04-01,09:08,4,3,62000,186000
6300,2026-04-01,16:19,4,1,62000,62000
6301,2026-04-01,17:25,4,5,62000,310000
6302,2026-04-01,17:20,5,2,36000,72000
6303,2026-04-01,11:45,5,4,36000,144000
6304,2026-04-01,19:50,5,5,36000,180000
6305,2026-04-01,16:51,6,8,18000,144000
6306,2026-04-01,16:57,7,10,17000,170000
6307,2026-04-01,09:23,8,36,5000,180000
6308,2026-04-01,15:17,9,7,4000,28000
6309,2026-04-01,15:57,9,22,4000,88000
6310,2026-04-01,21:10,10,16,2000,32000
6311,2026-04-01,07:41,10,6,2000,12000
6312,2026-04-01,10:44,10,6,2000,12000
6313,2026-04-01,14:27,11,9,12000,108000
6314,2026-04-01,11:47,12,9,5000,45000
6315,2026-04-01,12:35,13,30,1500,45000
6316,2026-04-01,07:08,13,1,1500,1500
6317,2026-04-01,20:59,13,5,1500,7500
6318,2026-04-01,11:24,14,1,30000,30000
6319,2026-04-01,10:57,14,4,30000,120000
6320,2026-04-01,13:02,15,18,31000,558000
6321,2026-04-01,18:24,16,9,2500,22500
6322,2026-04-01,12:23,16,21,2500,52500
6323,2026-04-01,13:45,17,2,16000,32000
6324,2026-04-01,12:08,17,1,16000,16000
6325,2026-04-01,15:12,18,6,3500,21000
6326,2026-04-01,14:18,18,2,3500,7000
6327,2026-04-01,11:05,18,1,3500,3500
6328,2026-04-01,20:32,19,2,5500,11000
6329,2026-04-01,21:07,19,6,5500,33000
6330,2026-04-01,07:51,19,3,5500,16500
6331,2026-04-01,19:06,20,4,10000,40000
6332,2026-04-02,09:23,1,11,95000,1045000
6333,2026-04-02,16:51,2,5,95000,475000
6334,2026-04-02,08:55,3,16,72000,1152000
6335,2026-04-02,18:00,4,7,62000,434000
6336,2026-04-02,20:58,5,6,36000,216000
6337,2026-04-02,16:04,5,5,36000,180000
6338,2026-04-02,17:55,6,18,18000,324000
6339,2026-04-02,16:07,7,6,17000,102000
6340,2026-04-02,07:45,7,1,17000,17000
6341,2026-04-02,09:12,7,4,17000,68000
6342,2026-04-02,08:45,8,1,5000,5000
6343,2026-04-02,08:00,8,2,5000,10000
6344,2026-04-02,13:50,8,3,5000,15000
6345,2026-04-02,07:45,9,4,4000,16000
6346,2026-04-02,08:24,9,12,4000,48000
6347,2026-04-02,15:12,10,36,2000,72000
6348,2026-04-02,10:45,11,6,12000,72000
6349,2026-04-02,14:18,12,5,5000,25000
6350,2026-04-02,18:43,12,1,5000,5000
6351,2026-04-02,16:55,12,1,5000,5000
6352,2026-04-02,09:32,13,15,1500,22500
6353,2026-04-02,07:05,13,7,1500,10500
6354,2026-04-02,10:16,14,5,30000,150000
6355,2026-04-02,15:36,15,10,31000,310000
6356,2026-04-02,10:11,16,4,2500,10000
6357,2026-04-02,20:20,16,3,2500,7500
6358,2026-04-02,19:14,16,15,2500,37500
6359,2026-04-02,17:53,17,3,16000,48000
6360,2026-04-02,16:26,18,4,3500,14000
6361,2026-04-02,11:13,19,11,5500,60500
6362,2026-04-02,20:22,20,6,10000,60000
6363,2026-04-03,07:41,1,9,95000,855000
6364,2026-04-03,21:43,1,5,95000,475000
6365,2026-04-03,19:10,2,2,95000,190000
6366,2026-04-03,08:31,3,17,72000,1224000
6367,2026-04-03,18:03,4,10,62000,620000
6368,2026-04-03,08:43,5,7,36000,252000
6369,2026-04-03,19:57,5,2,36000,72000
6370,2026-04-03,18:43,6,1,18000,18000
6371,2026-04-03,08:20,6,16,18000,288000
6372,2026-04-03,21:58,7,9,17000,153000
6373,2026-04-03,17:38,8,22,5000,110000
6374,2026-04-03,16:16,9,5,4000,20000
6375,2026-04-03,18:53,9,31,4000,124000
6376,2026-04-03,12:47,10,33,2000,66000
6377,2026-04-03,14:19,11,3,12000,36000
6378,2026-04-03,19:31,11,5,12000,60000
6379,2026-04-03,18:12,12,8,5000,40000
6380,2026-04-03,09:02,13,21,1500,31500
6381,2026-04-03,14:56,14,4,30000,120000
6382,2026-04-03,14:20,14,4,30000,120000
6383,2026-04-03,20:57,15,13,31000,403000
6384,2026-04-03,14:28,15,4,31000,124000
6385,2026-04-03,09:09,15,4,31000,124000
6386,2026-04-03,13:01,16,7,2500,17500
6387,2026-04-03,20:08,16,5,2500,12500
6388,2026-04-03,20:40,17,1,16000,16000
6389,2026-04-03,09:25,17,1,16000,16000
6390,2026-04-03,13:50,18,7,3500,24500
6391,2026-04-03,09:37,19,2,5500,11000
6392,2026-04-03,09:13,19,5,5500,27500
6393,2026-04-03,13:30,20,4,10000,40000
6394,2026-04-04,12:12,1,11,95000,1045000
6395,2026-04-04,13:10,2,3,95000,285000
6396,2026-04-04,20:35,3,12,72000,864000
6397,2026-04-04,10:31,4,10,62000,620000
6398,2026-04-04,13:27,5,4,36000,144000
6399,2026-04-04,20:10,5,4,36000,144000
6400,2026-04-04,17:03,6,9,18000,162000
6401,2026-04-04,08:04,7,10,17000,170000
6402,2026-04-04,11:09,8,31,5000,155000
6403,2026-04-04,10:33,8,5,5000,25000
6404,2026-04-04,14:51,8,3,5000,15000
6405,2026-04-04,14:00,9,33,4000,132000
6406,2026-04-04,12:40,10,21,2000,42000
6407,2026-04-04,11:43,10,2,2000,4000
6408,2026-04-04,16:27,10,6,2000,12000
6409,2026-04-04,09:33,11,5,12000,60000
6410,2026-04-04,11:21,11,3,12000,36000
6411,2026-04-04,20:08,12,3,5000,15000
6412,2026-04-04,12:36,12,1,5000,5000
6413,2026-04-04,14:23,13,5,1500,7500
6414,2026-04-04,13:15,13,2,1500,3000
6415,2026-04-04,10:20,13,43,1500,64500
6416,2026-04-04,17:58,14,6,30000,180000
6417,2026-04-04,21:30,14,7,30000,210000
6418,2026-04-04,12:36,15,9,31000,279000
6419,2026-04-04,19:21,15,7,31000,217000
6420,2026-04-04,12:50,16,9,2500,22500
6421,2026-04-04,17:36,16,25,2500,62500
6422,2026-04-04,20:52,17,1,16000,16000
6423,2026-04-04,10:31,17,1,16000,16000
6424,2026-04-04,16:30,17,1,16000,16000
6425,2026-04-04,15:56,18,6,3500,21000
6426,2026-04-04,08:24,18,3,3500,10500
6427,2026-04-04,12:05,19,10,5500,55000
6428,2026-04-04,15:31,19,6,5500,33000
6429,2026-04-04,21:57,20,5,10000,50000
6430,2026-04-05,14:24,1,5,95000,475000
6431,2026-04-05,19:12,1,1,95000,95000
6432,2026-04-05,19:49,1,6,95000,570000
6433,2026-04-05,09:23,2,7,95000,665000
6434,2026-04-05,14:15,3,2,72000,144000
6435,2026-04-05,10:40,3,19,72000,1368000
6436,2026-04-05,12:52,4,5,62000,310000
6437,2026-04-05,09:50,5,9,36000,324000
6438,2026-04-05,11:20,5,1,36000,36000
6439,2026-04-05,12:38,6,23,18000,414000
6440,2026-04-05,20:51,7,4,17000,68000
6441,2026-04-05,17:12,7,6,17000,102000
6442,2026-04-05,18:03,8,8,5000,40000
6443,2026-04-05,18:56,8,10,5000,50000
6444,2026-04-05,10:33,8,22,5000,110000
6445,2026-04-05,10:50,9,19,4000,76000
6446,2026-04-05,13:27,9,34,4000,136000
6447,2026-04-05,07:19,10,28,2000,56000
6448,2026-04-05,11:13,10,2,2000,4000
6449,2026-04-05,07:01,11,9,12000,108000
6450,2026-04-05,08:23,12,4,5000,20000
6451,2026-04-05,14:49,12,2,5000,10000
6452,2026-04-05,17:24,13,10,1500,15000
6453,2026-04-05,15:10,13,29,1500,43500
6454,2026-04-05,16:28,13,14,1500,21000
6455,2026-04-05,21:17,14,2,30000,60000
6456,2026-04-05,14:17,14,10,30000,300000
6457,2026-04-05,16:29,15,19,31000,589000
6458,2026-04-05,16:08,16,21,2500,52500
6459,2026-04-05,07:07,17,2,16000,32000
6460,2026-04-05,12:35,18,8,3500,28000
6461,2026-04-05,09:20,19,4,5500,22000
6462,2026-04-05,15:01,20,4,10000,40000
6463,2026-04-05,17:27,20,1,10000,10000
6464,2026-04-06,09:20,1,7,95000,665000
6465,2026-04-06,16:53,1,3,95000,285000
6466,2026-04-06,12:36,2,3,95000,285000
6467,2026-04-06,19:36,2,2,95000,190000
6468,2026-04-06,15:03,3,17,72000,1224000
6469,2026-04-06,14:04,4,3,62000,186000
6470,2026-04-06,21:04,4,6,62000,372000
6471,2026-04-06,08:33,5,8,36000,288000
6472,2026-04-06,18:15,6,14,18000,252000
6473,2026-04-06,12:22,7,8,17000,136000
6474,2026-04-06,13:21,8,8,5000,40000
6475,2026-04-06,13:34,9,8,4000,32000
6476,2026-04-06,07:33,9,7,4000,28000
6477,2026-04-06,19:25,10,20,2000,40000
6478,2026-04-06,20:13,11,1,12000,12000
6479,2026-04-06,14:10,11,1,12000,12000
6480,2026-04-06,21:55,12,8,5000,40000
6481,2026-04-06,10:03,13,28,1500,42000
6482,2026-04-06,07:41,14,1,30000,30000
6483,2026-04-06,20:44,14,2,30000,60000
6484,2026-04-06,07:02,15,16,31000,496000
6485,2026-04-06,10:09,16,24,2500,60000
6486,2026-04-06,12:24,17,1,16000,16000
6487,2026-04-06,19:40,17,2,16000,32000
6488,2026-04-06,17:25,17,1,16000,16000
6489,2026-04-06,19:18,18,5,3500,17500
6490,2026-04-06,17:45,19,12,5500,66000
6491,2026-04-06,08:02,20,5,10000,50000
6492,2026-04-06,10:37,20,1,10000,10000
6493,2026-04-07,10:37,1,8,95000,760000
6494,2026-04-07,12:44,2,3,95000,285000
6495,2026-04-07,21:23,3,12,72000,864000
6496,2026-04-07,20:10,4,9,62000,558000
6497,2026-04-07,09:34,5,8,36000,288000
6498,2026-04-07,17:47,6,22,18000,396000
6499,2026-04-07,15:23,7,3,17000,51000
6500,2026-04-07,15:24,7,4,17000,68000
6501,2026-04-07,10:48,8,18,5000,90000
6502,2026-04-07,10:20,9,11,4000,44000
6503,2026-04-07,21:16,9,6,4000,24000
6504,2026-04-07,17:18,10,26,2000,52000
6505,2026-04-07,14:38,11,2,12000,24000
6506,2026-04-07,09:07,12,4,5000,20000
6507,2026-04-07,07:24,12,1,5000,5000
6508,2026-04-07,19:06,12,1,5000,5000
6509,2026-04-07,10:48,13,7,1500,10500
6510,2026-04-07,16:47,13,14,1500,21000
6511,2026-04-07,18:43,14,7,30000,210000
6512,2026-04-07,10:56,14,1,30000,30000
6513,2026-04-07,11:23,15,17,31000,527000
6514,2026-04-07,17:40,16,23,2500,57500
6515,2026-04-07,21:56,18,9,3500,31500
6516,2026-04-07,15:01,19,4,5500,22000
6517,2026-04-07,11:00,19,7,5500,38500
6518,2026-04-07,09:55,20,3,10000,30000
6519,2026-04-08,14:46,1,8,95000,760000
6520,2026-04-08,12:29,2,5,95000,475000
6521,2026-04-08,21:31,3,5,72000,360000
6522,2026-04-08,14:35,3,1,72000,72000
6523,2026-04-08,16:18,3,3,72000,216000
6524,2026-04-08,20:15,4,6,62000,372000
6525,2026-04-08,08:39,4,1,62000,62000
6526,2026-04-08,07:54,5,8,36000,288000
6527,2026-04-08,07:54,6,12,18000,216000
6528,2026-04-08,11:59,7,7,17000,119000
6529,2026-04-08,14:24,8,8,5000,40000
6530,2026-04-08,08:03,9,6,4000,24000
6531,2026-04-08,12:13,9,16,4000,64000
6532,2026-04-08,18:56,10,14,2000,28000
6533,2026-04-08,12:04,10,15,2000,30000
6534,2026-04-08,17:01,11,7,12000,84000
6535,2026-04-08,07:57,12,9,5000,45000
6536,2026-04-08,09:16,13,32,1500,48000
6537,2026-04-08,21:56,14,6,30000,180000
6538,2026-04-08,08:58,15,15,31000,465000
6539,2026-04-08,17:47,15,1,31000,31000
6540,2026-04-08,17:50,15,1,31000,31000
6541,2026-04-08,21:59,16,11,2500,27500
6542,2026-04-08,07:07,17,2,16000,32000
6543,2026-04-08,10:29,18,4,3500,14000
6544,2026-04-08,18:35,19,10,5500,55000
6545,2026-04-08,11:17,19,3,5500,16500
6546,2026-04-08,16:30,20,6,10000,60000
6547,2026-04-09,18:09,1,9,95000,855000
6548,2026-04-09,13:43,2,6,95000,570000
6549,2026-04-09,07:31,3,9,72000,648000
6550,2026-04-09,14:26,4,7,62000,434000
6551,2026-04-09,07:36,5,9,36000,324000
6552,2026-04-09,19:56,6,3,18000,54000
6553,2026-04-09,11:45,6,14,18000,252000
6554,2026-04-09,14:12,7,8,17000,136000
6555,2026-04-09,17:17,8,1,5000,5000
6556,2026-04-09,20:12,8,14,5000,70000
6557,2026-04-09,14:51,9,25,4000,100000
6558,2026-04-09,17:02,10,31,2000,62000
6559,2026-04-09,15:44,11,2,12000,24000
6560,2026-04-09,14:50,11,2,12000,24000
6561,2026-04-09,20:47,12,7,5000,35000
6562,2026-04-09,12:05,13,22,1500,33000
6563,2026-04-09,14:52,14,1,30000,30000
6564,2026-04-09,09:23,15,15,31000,465000
6565,2026-04-09,18:35,16,12,2500,30000
6566,2026-04-09,15:09,16,11,2500,27500
6567,2026-04-09,17:22,17,4,16000,64000
6568,2026-04-09,16:25,18,2,3500,7000
6569,2026-04-09,12:49,19,8,5500,44000
6570,2026-04-09,20:43,20,1,10000,10000
6571,2026-04-10,17:34,1,8,95000,760000
6572,2026-04-10,13:23,1,3,95000,285000
6573,2026-04-10,21:08,2,1,95000,95000
6574,2026-04-10,12:59,2,1,95000,95000
6575,2026-04-10,12:41,2,1,95000,95000
6576,2026-04-10,19:34,3,15,72000,1080000
6577,2026-04-10,21:02,4,2,62000,124000
6578,2026-04-10,12:32,4,6,62000,372000
6579,2026-04-10,15:40,5,2,36000,72000
6580,2026-04-10,20:47,5,3,36000,108000
6581,2026-04-10,09:54,5,2,36000,72000
6582,2026-04-10,20:50,6,3,18000,54000
6583,2026-04-10,10:52,6,6,18000,108000
6584,2026-04-10,20:26,7,2,17000,34000
6585,2026-04-10,21:07,7,7,17000,119000
6586,2026-04-10,15:06,8,9,5000,45000
6587,2026-04-10,16:00,8,1,5000,5000
6588,2026-04-10,11:59,8,2,5000,10000
6589,2026-04-10,09:47,9,22,4000,88000
6590,2026-04-10,18:50,10,21,2000,42000
6591,2026-04-10,08:20,11,2,12000,24000
6592,2026-04-10,15:59,12,1,5000,5000
6593,2026-04-10,13:33,12,1,5000,5000
6594,2026-04-10,10:36,13,13,1500,19500
6595,2026-04-10,12:47,13,18,1500,27000
6596,2026-04-10,19:06,14,6,30000,180000
6597,2026-04-10,17:29,15,13,31000,403000
6598,2026-04-10,18:57,16,24,2500,60000
6599,2026-04-10,21:50,17,1,16000,16000
6600,2026-04-10,15:51,17,4,16000,64000
6601,2026-04-10,09:58,18,5,3500,17500
6602,2026-04-10,11:15,19,8,5500,44000
6603,2026-04-10,20:13,20,3,10000,30000
6604,2026-04-10,15:40,20,2,10000,20000
6605,2026-04-11,20:12,1,6,95000,570000
6606,2026-04-11,07:18,2,7,95000,665000
6607,2026-04-11,09:52,3,16,72000,1152000
6608,2026-04-11,08:16,4,2,62000,124000
6609,2026-04-11,14:07,4,7,62000,434000
6610,2026-04-11,12:42,5,5,36000,180000
6611,2026-04-11,18:38,6,11,18000,198000
6612,2026-04-11,13:23,7,8,17000,136000
6613,2026-04-11,13:39,8,27,5000,135000
6614,2026-04-11,14:40,9,35,4000,140000
6615,2026-04-11,17:31,10,3,2000,6000
6616,2026-04-11,07:31,10,40,2000,80000
6617,2026-04-11,07:16,11,5,12000,60000
6618,2026-04-11,19:34,12,4,5000,20000
6619,2026-04-11,19:06,12,3,5000,15000
6620,2026-04-11,16:39,13,50,1500,75000
6621,2026-04-11,07:24,14,8,30000,240000
6622,2026-04-11,07:31,14,3,30000,90000
6623,2026-04-11,14:16,15,3,31000,93000
6624,2026-04-11,15:05,15,16,31000,496000
6625,2026-04-11,18:53,16,24,2500,60000
6626,2026-04-11,14:24,17,1,16000,16000
6627,2026-04-11,18:21,17,1,16000,16000
6628,2026-04-11,14:02,18,3,3500,10500
6629,2026-04-11,15:49,19,6,5500,33000
6630,2026-04-11,10:39,20,4,10000,40000
6631,2026-04-11,13:06,20,2,10000,20000
6632,2026-04-12,09:37,1,15,95000,1425000
6633,2026-04-12,21:32,2,1,95000,95000
6634,2026-04-12,14:04,2,9,95000,855000
6635,2026-04-12,14:17,3,17,72000,1224000
6636,2026-04-12,19:59,4,7,62000,434000
6637,2026-04-12,15:41,4,3,62000,186000
6638,2026-04-12,16:07,5,5,36000,180000
6639,2026-04-12,18:33,5,4,36000,144000
6640,2026-04-12,21:28,6,10,18000,180000
6641,2026-04-12,09:02,7,13,17000,221000
6642,2026-04-12,12:27,8,30,5000,150000
6643,2026-04-12,09:53,9,31,4000,124000
6644,2026-04-12,14:31,10,33,2000,66000
6645,2026-04-12,13:49,11,7,12000,84000
6646,2026-04-12,21:11,12,11,5000,55000
6647,2026-04-12,19:24,12,1,5000,5000
6648,2026-04-12,09:14,13,51,1500,76500
6649,2026-04-12,17:37,14,12,30000,360000
6650,2026-04-12,18:28,15,8,31000,248000
6651,2026-04-12,19:44,15,10,31000,310000
6652,2026-04-12,09:08,16,4,2500,10000
6653,2026-04-12,09:47,16,4,2500,10000
6654,2026-04-12,16:36,16,18,2500,45000
6655,2026-04-12,14:23,17,4,16000,64000
6656,2026-04-12,07:45,18,4,3500,14000
6657,2026-04-12,15:57,18,3,3500,10500
6658,2026-04-12,15:06,19,6,5500,33000
6659,2026-04-12,13:30,19,1,5500,5500
6660,2026-04-12,13:35,20,7,10000,70000
6661,2026-04-13,08:05,1,1,95000,95000
6662,2026-04-13,11:56,1,4,95000,380000
6663,2026-04-13,13:32,2,2,95000,190000
6664,2026-04-13,21:15,2,2,95000,190000
6665,2026-04-13,21:59,2,1,95000,95000
6666,2026-04-13,07:10,3,2,72000,144000
6667,2026-04-13,08:36,3,7,72000,504000
6668,2026-04-13,10:28,4,8,62000,496000
6669,2026-04-13,15:16,5,6,36000,216000
6670,2026-04-13,14:04,5,3,36000,108000
6671,2026-04-13,08:35,6,2,18000,36000
6672,2026-04-13,07:14,6,4,18000,72000
6673,2026-04-13,10:09,6,1,18000,18000
6674,2026-04-13,18:44,7,9,17000,153000
6675,2026-04-13,12:03,8,14,5000,70000
6676,2026-04-13,07:07,9,27,4000,108000
6677,2026-04-13,11:37,10,25,2000,50000
6678,2026-04-13,11:56,11,6,12000,72000
6679,2026-04-13,21:15,12,3,5000,15000
6680,2026-04-13,20:30,12,2,5000,10000
6681,2026-04-13,17:30,13,7,1500,10500
6682,2026-04-13,14:30,13,18,1500,27000
6683,2026-04-13,09:24,14,6,30000,180000
6684,2026-04-13,17:34,15,17,31000,527000
6685,2026-04-13,09:42,16,3,2500,7500
6686,2026-04-13,09:54,16,27,2500,67500
6687,2026-04-13,20:48,17,2,16000,32000
6688,2026-04-13,15:04,18,7,3500,24500
6689,2026-04-13,10:40,19,2,5500,11000
6690,2026-04-13,10:52,20,2,10000,20000
6691,2026-04-13,11:26,20,1,10000,10000
6692,2026-04-14,13:02,1,5,95000,475000
6693,2026-04-14,07:12,2,1,95000,95000
6694,2026-04-14,17:46,2,1,95000,95000
6695,2026-04-14,16:53,3,4,72000,288000
6696,2026-04-14,20:14,3,2,72000,144000
6697,2026-04-14,18:58,3,1,72000,72000
6698,2026-04-14,16:50,4,7,62000,434000
6699,2026-04-14,13:41,5,9,36000,324000
6700,2026-04-14,09:15,6,11,18000,198000
6701,2026-04-14,16:33,6,4,18000,72000
6702,2026-04-14,19:04,7,10,17000,170000
6703,2026-04-14,07:26,8,19,5000,95000
6704,2026-04-14,08:45,9,26,4000,104000
6705,2026-04-14,19:41,10,5,2000,10000
6706,2026-04-14,07:23,10,19,2000,38000
6707,2026-04-14,11:29,11,3,12000,36000
6708,2026-04-14,11:53,12,6,5000,30000
6709,2026-04-14,15:38,12,4,5000,20000
6710,2026-04-14,11:54,13,25,1500,37500
6711,2026-04-14,13:48,14,3,30000,90000
6712,2026-04-14,20:53,14,1,30000,30000
6713,2026-04-14,18:37,14,1,30000,30000
6714,2026-04-14,16:38,15,11,31000,341000
6715,2026-04-14,17:50,15,3,31000,93000
6716,2026-04-14,14:21,16,14,2500,35000
6717,2026-04-14,14:21,17,3,16000,48000
6718,2026-04-14,16:40,18,6,3500,21000
6719,2026-04-14,17:17,19,11,5500,60500
6720,2026-04-14,12:59,20,1,10000,10000
6721,2026-04-14,21:20,20,1,10000,10000
6722,2026-04-14,21:15,20,1,10000,10000
6723,2026-04-15,12:19,1,6,95000,570000
6724,2026-04-15,12:33,2,6,95000,570000
6725,2026-04-15,11:38,3,5,72000,360000
6726,2026-04-15,13:42,3,8,72000,576000
6727,2026-04-15,21:50,4,10,62000,620000
6728,2026-04-15,09:51,4,1,62000,62000
6729,2026-04-15,10:43,5,5,36000,180000
6730,2026-04-15,17:23,5,7,36000,252000
6731,2026-04-15,10:51,6,11,18000,198000
6732,2026-04-15,14:37,6,7,18000,126000
6733,2026-04-15,08:46,7,5,17000,85000
6734,2026-04-15,17:15,8,10,5000,50000
6735,2026-04-15,10:38,8,12,5000,60000
6736,2026-04-15,09:56,9,11,4000,44000
6737,2026-04-15,17:51,9,10,4000,40000
6738,2026-04-15,10:25,10,20,2000,40000
6739,2026-04-15,11:59,11,6,12000,72000
6740,2026-04-15,15:21,12,10,5000,50000
6741,2026-04-15,16:04,13,33,1500,49500
6742,2026-04-15,13:52,14,5,30000,150000
6743,2026-04-15,13:00,15,17,31000,527000
6744,2026-04-15,19:59,16,16,2500,40000
6745,2026-04-15,14:29,17,4,16000,64000
6746,2026-04-15,15:36,18,3,3500,10500
6747,2026-04-15,13:12,18,1,3500,3500
6748,2026-04-15,11:03,18,1,3500,3500
6749,2026-04-15,16:06,19,6,5500,33000
6750,2026-04-15,14:27,19,2,5500,11000
6751,2026-04-15,13:20,19,1,5500,5500
6752,2026-04-15,09:07,20,6,10000,60000
6753,2026-04-16,19:03,1,5,95000,475000
6754,2026-04-16,08:17,2,8,95000,760000
6755,2026-04-16,15:17,3,6,72000,432000
6756,2026-04-16,08:59,4,5,62000,310000
6757,2026-04-16,10:02,5,7,36000,252000
6758,2026-04-16,21:42,5,3,36000,108000
6759,2026-04-16,07:07,6,16,18000,288000
6760,2026-04-16,16:46,7,8,17000,136000
6761,2026-04-16,13:15,8,17,5000,85000
6762,2026-04-16,16:38,9,24,4000,96000
6763,2026-04-16,11:59,10,23,2000,46000
6764,2026-04-16,20:15,11,8,12000,96000
6765,2026-04-16,15:37,12,10,5000,50000
6766,2026-04-16,10:10,13,36,1500,54000
6767,2026-04-16,10:34,14,4,30000,120000
6768,2026-04-16,16:01,14,1,30000,30000
6769,2026-04-16,18:39,15,2,31000,62000
6770,2026-04-16,11:51,15,10,31000,310000
6771,2026-04-16,14:07,15,2,31000,62000
6772,2026-04-16,20:26,16,18,2500,45000
6773,2026-04-16,14:39,17,2,16000,32000
6774,2026-04-16,09:58,18,6,3500,21000
6775,2026-04-16,08:00,19,8,5500,44000
6776,2026-04-16,11:27,20,5,10000,50000
6777,2026-04-17,16:54,1,5,95000,475000
6778,2026-04-17,10:14,2,8,95000,760000
6779,2026-04-17,08:26,3,9,72000,648000
6780,2026-04-17,09:47,4,4,62000,248000
6781,2026-04-17,21:24,4,3,62000,186000
6782,2026-04-17,07:34,5,7,36000,252000
6783,2026-04-17,19:17,5,4,36000,144000
6784,2026-04-17,17:31,6,11,18000,198000
6785,2026-04-17,21:33,7,10,17000,170000
6786,2026-04-17,07:31,8,10,5000,50000
6787,2026-04-17,13:53,9,31,4000,124000
6788,2026-04-17,10:23,10,25,2000,50000
6789,2026-04-17,08:38,11,4,12000,48000
6790,2026-04-17,13:10,12,6,5000,30000
6791,2026-04-17,19:25,12,1,5000,5000
6792,2026-04-17,12:22,13,36,1500,54000
6793,2026-04-17,10:45,14,6,30000,180000
6794,2026-04-17,10:24,15,12,31000,372000
6795,2026-04-17,07:43,16,16,2500,40000
6796,2026-04-17,21:36,16,2,2500,5000
6797,2026-04-17,18:04,17,2,16000,32000
6798,2026-04-17,19:01,18,9,3500,31500
6799,2026-04-17,12:23,19,8,5500,44000
6800,2026-04-17,14:27,20,6,10000,60000
6801,2026-04-18,08:27,1,7,95000,665000
6802,2026-04-18,11:22,1,4,95000,380000
6803,2026-04-18,12:58,2,4,95000,380000
6804,2026-04-18,09:14,3,8,72000,576000
6805,2026-04-18,20:37,3,2,72000,144000
6806,2026-04-18,17:33,3,4,72000,288000
6807,2026-04-18,19:12,4,9,62000,558000
6808,2026-04-18,12:03,5,7,36000,252000
6809,2026-04-18,19:14,5,3,36000,108000
6810,2026-04-18,21:10,6,20,18000,360000
6811,2026-04-18,18:35,7,13,17000,221000
6812,2026-04-18,08:33,8,35,5000,175000
6813,2026-04-18,11:09,9,15,4000,60000
6814,2026-04-18,20:27,9,3,4000,12000
6815,2026-04-18,11:55,9,8,4000,32000
6816,2026-04-18,11:10,10,8,2000,16000
6817,2026-04-18,15:04,10,7,2000,14000
6818,2026-04-18,10:55,10,5,2000,10000
6819,2026-04-18,07:36,11,5,12000,60000
6820,2026-04-18,11:35,12,3,5000,15000
6821,2026-04-18,14:27,12,6,5000,30000
6822,2026-04-18,07:51,13,16,1500,24000
6823,2026-04-18,10:38,13,28,1500,42000
6824,2026-04-18,19:06,14,1,30000,30000
6825,2026-04-18,11:52,14,1,30000,30000
6826,2026-04-18,08:49,15,9,31000,279000
6827,2026-04-18,14:35,15,6,31000,186000
6828,2026-04-18,09:34,16,6,2500,15000
6829,2026-04-18,21:11,16,18,2500,45000
6830,2026-04-18,07:20,17,4,16000,64000
6831,2026-04-18,11:32,18,7,3500,24500
6832,2026-04-18,20:01,18,1,3500,3500
6833,2026-04-18,21:03,19,16,5500,88000
6834,2026-04-18,09:03,20,7,10000,70000
6835,2026-04-19,20:08,1,10,95000,950000
6836,2026-04-19,16:53,2,8,95000,760000
6837,2026-04-19,19:17,3,20,72000,1440000
6838,2026-04-19,14:11,4,10,62000,620000
6839,2026-04-19,10:10,5,6,36000,216000
6840,2026-04-19,17:38,5,2,36000,72000
6841,2026-04-19,13:08,6,2,18000,36000
6842,2026-04-19,07:18,6,12,18000,216000
6843,2026-04-19,19:31,7,9,17000,153000
6844,2026-04-19,15:34,8,13,5000,65000
6845,2026-04-19,18:25,8,18,5000,90000
6846,2026-04-19,17:33,9,30,4000,120000
6847,2026-04-19,12:50,9,7,4000,28000
6848,2026-04-19,19:16,10,13,2000,26000
6849,2026-04-19,15:59,10,9,2000,18000
6850,2026-04-19,15:54,11,7,12000,84000
6851,2026-04-19,19:02,12,3,5000,15000
6852,2026-04-19,16:23,13,53,1500,79500
6853,2026-04-19,16:57,14,1,30000,30000
6854,2026-04-19,13:24,14,7,30000,210000
6855,2026-04-19,12:01,15,15,31000,465000
6856,2026-04-19,10:48,16,20,2500,50000
6857,2026-04-19,13:49,17,7,16000,112000
6858,2026-04-19,14:55,19,3,5500,16500
6859,2026-04-19,16:50,19,10,5500,55000
6860,2026-04-19,17:50,20,2,10000,20000
6861,2026-04-19,11:25,20,3,10000,30000
6862,2026-04-20,07:57,1,6,95000,570000
6863,2026-04-20,14:16,2,8,95000,760000
6864,2026-04-20,14:45,3,9,72000,648000
6865,2026-04-20,21:13,4,8,62000,496000
6866,2026-04-20,13:03,5,10,36000,360000
6867,2026-04-20,09:57,6,19,18000,342000
6868,2026-04-20,11:23,7,1,17000,17000
6869,2026-04-20,07:22,7,6,17000,102000
6870,2026-04-20,13:56,8,13,5000,65000
6871,2026-04-20,08:38,9,14,4000,56000
6872,2026-04-20,11:22,9,15,4000,60000
6873,2026-04-20,14:02,10,18,2000,36000
6874,2026-04-20,21:55,10,10,2000,20000
6875,2026-04-20,12:21,11,1,12000,12000
6876,2026-04-20,10:19,11,1,12000,12000
6877,2026-04-20,08:09,12,2,5000,10000
6878,2026-04-20,18:45,12,1,5000,5000
6879,2026-04-20,15:17,12,3,5000,15000
6880,2026-04-20,15:13,13,32,1500,48000
6881,2026-04-20,07:28,14,6,30000,180000
6882,2026-04-20,13:21,14,4,30000,120000
6883,2026-04-20,12:39,15,8,31000,248000
6884,2026-04-20,12:18,15,4,31000,124000
6885,2026-04-20,19:33,16,2,2500,5000
6886,2026-04-20,21:28,17,4,16000,64000
6887,2026-04-20,19:32,18,2,3500,7000
6888,2026-04-20,07:42,18,1,3500,3500
6889,2026-04-20,09:59,19,1,5500,5500
6890,2026-04-20,20:24,19,1,5500,5500
6891,2026-04-21,18:28,1,9,95000,855000
6892,2026-04-21,09:09,2,3,95000,285000
6893,2026-04-21,19:58,2,2,95000,190000
6894,2026-04-21,16:24,3,11,72000,792000
6895,2026-04-21,10:02,4,9,62000,558000
6896,2026-04-21,07:08,5,11,36000,396000
6897,2026-04-21,16:12,6,20,18000,360000
6898,2026-04-21,20:56,7,5,17000,85000
6899,2026-04-21,15:36,8,17,5000,85000
6900,2026-04-21,21:13,9,11,4000,44000
6901,2026-04-21,08:10,10,23,2000,46000
6902,2026-04-21,18:30,11,3,12000,36000
6903,2026-04-21,19:04,11,2,12000,24000
6904,2026-04-21,21:10,12,9,5000,45000
6905,2026-04-21,08:42,13,16,1500,24000
6906,2026-04-21,14:51,13,2,1500,3000
6907,2026-04-21,21:21,13,12,1500,18000
6908,2026-04-21,20:30,14,6,30000,180000
6909,2026-04-21,11:36,14,3,30000,90000
6910,2026-04-21,21:57,15,17,31000,527000
6911,2026-04-21,17:42,16,11,2500,27500
6912,2026-04-21,12:33,16,21,2500,52500
6913,2026-04-21,17:53,17,3,16000,48000
6914,2026-04-21,17:17,18,3,3500,10500
6915,2026-04-21,19:38,18,1,3500,3500
6916,2026-04-21,10:52,19,4,5500,22000
6917,2026-04-21,07:27,19,6,5500,33000
6918,2026-04-21,12:32,20,3,10000,30000
6919,2026-04-22,18:25,1,11,95000,1045000
6920,2026-04-22,16:19,2,4,95000,380000
6921,2026-04-22,08:52,3,5,72000,360000
6922,2026-04-22,09:35,3,5,72000,360000
6923,2026-04-22,19:14,4,6,62000,372000
6924,2026-04-22,14:57,5,4,36000,144000
6925,2026-04-22,09:59,5,7,36000,252000
6926,2026-04-22,15:32,6,13,18000,234000
6927,2026-04-22,18:25,7,7,17000,119000
6928,2026-04-22,12:19,8,28,5000,140000
6929,2026-04-22,09:39,9,16,4000,64000
6930,2026-04-22,21:42,10,25,2000,50000
6931,2026-04-22,12:59,11,7,12000,84000
6932,2026-04-22,13:52,12,2,5000,10000
6933,2026-04-22,13:09,12,2,5000,10000
6934,2026-04-22,07:21,13,33,1500,49500
6935,2026-04-22,10:31,14,1,30000,30000
6936,2026-04-22,21:31,14,2,30000,60000
6937,2026-04-22,21:25,14,2,30000,60000
6938,2026-04-22,13:27,15,17,31000,527000
6939,2026-04-22,10:39,16,5,2500,12500
6940,2026-04-22,19:10,16,9,2500,22500
6941,2026-04-22,16:20,17,5,16000,80000
6942,2026-04-22,20:05,18,7,3500,24500
6943,2026-04-22,08:50,19,13,5500,71500
6944,2026-04-22,15:27,20,2,10000,20000
6945,2026-04-22,14:57,20,3,10000,30000
6946,2026-04-23,19:51,1,7,95000,665000
6947,2026-04-23,07:00,2,1,95000,95000
6948,2026-04-23,14:11,2,2,95000,190000
6949,2026-04-23,11:53,3,16,72000,1152000
6950,2026-04-23,17:58,4,5,62000,310000
6951,2026-04-23,17:36,5,3,36000,108000
6952,2026-04-23,08:02,5,4,36000,144000
6953,2026-04-23,11:21,6,16,18000,288000
6954,2026-04-23,16:05,7,7,17000,119000
6955,2026-04-23,20:59,8,10,5000,50000
6956,2026-04-23,10:50,8,1,5000,5000
6957,2026-04-23,09:57,8,1,5000,5000
6958,2026-04-23,14:06,9,12,4000,48000
6959,2026-04-23,11:39,10,21,2000,42000
6960,2026-04-23,20:39,11,1,12000,12000
6961,2026-04-23,11:08,11,4,12000,48000
6962,2026-04-23,16:54,12,8,5000,40000
6963,2026-04-23,17:49,13,37,1500,55500
6964,2026-04-23,14:38,14,2,30000,60000
6965,2026-04-23,10:44,14,7,30000,210000
6966,2026-04-23,13:54,15,14,31000,434000
6967,2026-04-23,09:44,16,18,2500,45000
6968,2026-04-23,14:22,17,4,16000,64000
6969,2026-04-23,17:45,18,3,3500,10500
6970,2026-04-23,20:25,18,3,3500,10500
6971,2026-04-23,13:51,18,2,3500,7000
6972,2026-04-23,10:15,19,5,5500,27500
6973,2026-04-23,14:09,19,3,5500,16500
6974,2026-04-23,18:09,19,2,5500,11000
6975,2026-04-23,07:37,20,4,10000,40000
6976,2026-04-24,08:28,1,2,95000,190000
6977,2026-04-24,09:09,1,3,95000,285000
6978,2026-04-24,19:21,2,1,95000,95000
6979,2026-04-24,18:20,2,1,95000,95000
6980,2026-04-24,18:30,3,13,72000,936000
6981,2026-04-24,08:59,4,8,62000,496000
6982,2026-04-24,18:37,5,9,36000,324000
6983,2026-04-24,11:59,5,2,36000,72000
6984,2026-04-24,17:02,6,8,18000,144000
6985,2026-04-24,12:10,6,5,18000,90000
6986,2026-04-24,12:04,7,12,17000,204000
6987,2026-04-24,20:54,8,14,5000,70000
6988,2026-04-24,09:52,9,13,4000,52000
6989,2026-04-24,14:29,9,15,4000,60000
6990,2026-04-24,19:45,10,13,2000,26000
6991,2026-04-24,20:20,10,11,2000,22000
6992,2026-04-24,20:20,11,4,12000,48000
6993,2026-04-24,17:20,12,7,5000,35000
6994,2026-04-24,21:48,12,2,5000,10000
6995,2026-04-24,18:11,13,33,1500,49500
6996,2026-04-24,19:10,14,8,30000,240000
6997,2026-04-24,14:56,15,7,31000,217000
6998,2026-04-24,12:09,15,1,31000,31000
6999,2026-04-24,07:56,15,7,31000,217000
7000,2026-04-24,15:38,16,19,2500,47500
7001,2026-04-24,11:58,17,7,16000,112000
7002,2026-04-24,09:26,18,8,3500,28000
7003,2026-04-24,07:40,19,12,5500,66000
7004,2026-04-24,12:51,20,5,10000,50000
7005,2026-04-25,07:06,1,6,95000,570000
7006,2026-04-25,14:49,1,8,95000,760000
7007,2026-04-25,10:13,2,5,95000,475000
7008,2026-04-25,09:21,2,2,95000,190000
7009,2026-04-25,18:32,3,12,72000,864000
7010,2026-04-25,11:33,3,2,72000,144000
7011,2026-04-25,15:37,4,6,62000,372000
7012,2026-04-25,10:27,5,10,36000,360000
7013,2026-04-25,19:46,5,1,36000,36000
7014,2026-04-25,18:37,7,8,17000,136000
7015,2026-04-25,15:18,7,3,17000,51000
7016,2026-04-25,19:29,8,22,5000,110000
7017,2026-04-25,12:01,9,45,4000,180000
7018,2026-04-25,17:50,10,30,2000,60000
7019,2026-04-25,20:56,11,4,12000,48000
7020,2026-04-25,14:58,12,8,5000,40000
7021,2026-04-25,10:59,13,19,1500,28500
7022,2026-04-25,12:53,13,9,1500,13500
7023,2026-04-25,14:16,14,12,30000,360000
7024,2026-04-25,17:54,15,16,31000,496000
7025,2026-04-25,10:42,16,29,2500,72500
7026,2026-04-25,11:00,17,1,16000,16000
7027,2026-04-25,15:14,17,1,16000,16000
7028,2026-04-25,07:14,17,1,16000,16000
7029,2026-04-25,13:00,18,4,3500,14000
7030,2026-04-25,13:03,18,1,3500,3500
7031,2026-04-25,08:51,18,1,3500,3500
7032,2026-04-25,20:57,19,5,5500,27500
7033,2026-04-25,15:26,19,2,5500,11000
7034,2026-04-25,20:46,20,6,10000,60000
7035,2026-04-26,19:19,1,11,95000,1045000
7036,2026-04-26,19:38,1,1,95000,95000
7037,2026-04-26,16:13,2,4,95000,380000
7038,2026-04-26,15:42,2,3,95000,285000
7039,2026-04-26,19:07,3,14,72000,1008000
7040,2026-04-26,15:46,4,4,62000,248000
7041,2026-04-26,12:11,4,4,62000,248000
7042,2026-04-26,10:00,5,16,36000,576000
7043,2026-04-26,12:41,6,2,18000,36000
7044,2026-04-26,10:30,6,12,18000,216000
7045,2026-04-26,09:59,7,11,17000,187000
7046,2026-04-26,09:42,8,5,5000,25000
7047,2026-04-26,11:42,8,11,5000,55000
7048,2026-04-26,09:57,9,22,4000,88000
7049,2026-04-26,18:10,10,30,2000,60000
7050,2026-04-26,19:59,11,9,12000,108000
7051,2026-04-26,15:44,12,8,5000,40000
7052,2026-04-26,08:04,13,36,1500,54000
7053,2026-04-26,10:04,14,1,30000,30000
7054,2026-04-26,19:49,14,1,30000,30000
7055,2026-04-26,19:48,14,6,30000,180000
7056,2026-04-26,19:28,15,3,31000,93000
7057,2026-04-26,12:07,15,2,31000,62000
7058,2026-04-26,15:49,15,9,31000,279000
7059,2026-04-26,14:32,16,18,2500,45000
7060,2026-04-26,08:30,16,7,2500,17500
7061,2026-04-26,19:05,17,1,16000,16000
7062,2026-04-26,12:50,17,1,16000,16000
7063,2026-04-26,09:24,18,8,3500,28000
7064,2026-04-26,11:46,19,9,5500,49500
7065,2026-04-26,07:58,19,1,5500,5500
7066,2026-04-26,09:09,20,1,10000,10000
7067,2026-04-26,12:10,20,1,10000,10000
7068,2026-04-26,15:52,20,4,10000,40000
7069,2026-04-27,14:59,1,1,95000,95000
7070,2026-04-27,19:40,1,3,95000,285000
7071,2026-04-27,12:54,2,6,95000,570000
7072,2026-04-27,19:27,3,14,72000,1008000
7073,2026-04-27,15:49,4,7,62000,434000
7074,2026-04-27,09:12,5,2,36000,72000
7075,2026-04-27,16:40,5,5,36000,180000
7076,2026-04-27,16:47,6,15,18000,270000
7077,2026-04-27,20:42,7,2,17000,34000
7078,2026-04-27,21:58,7,4,17000,68000
7079,2026-04-27,19:29,8,9,5000,45000
7080,2026-04-27,13:20,8,7,5000,35000
7081,2026-04-27,21:02,9,7,4000,28000
7082,2026-04-27,07:28,9,21,4000,84000
7083,2026-04-27,16:22,10,30,2000,60000
7084,2026-04-27,17:59,11,6,12000,72000
7085,2026-04-27,12:26,12,5,5000,25000
7086,2026-04-27,12:55,13,1,1500,1500
7087,2026-04-27,14:05,13,33,1500,49500
7088,2026-04-27,08:38,14,8,30000,240000
7089,2026-04-27,19:07,15,8,31000,248000
7090,2026-04-27,14:31,16,24,2500,60000
7091,2026-04-27,15:46,17,3,16000,48000
7092,2026-04-27,16:51,18,1,3500,3500
7093,2026-04-27,07:50,18,7,3500,24500
7094,2026-04-27,10:19,19,3,5500,16500
7095,2026-04-27,15:52,19,3,5500,16500
7096,2026-04-28,07:54,1,8,95000,760000
7097,2026-04-28,11:42,2,5,95000,475000
7098,2026-04-28,11:52,3,2,72000,144000
7099,2026-04-28,13:09,3,3,72000,216000
7100,2026-04-28,11:21,3,1,72000,72000
7101,2026-04-28,15:23,4,1,62000,62000
7102,2026-04-28,08:31,4,3,62000,186000
7103,2026-04-28,11:26,5,16,36000,576000
7104,2026-04-28,11:20,6,12,18000,216000
7105,2026-04-28,08:55,7,10,17000,170000
7106,2026-04-28,15:38,8,13,5000,65000
7107,2026-04-28,08:23,9,8,4000,32000
7108,2026-04-28,11:49,10,23,2000,46000
7109,2026-04-28,21:07,11,5,12000,60000
7110,2026-04-28,10:37,12,7,5000,35000
7111,2026-04-28,07:17,13,8,1500,12000
7112,2026-04-28,11:53,13,21,1500,31500
7113,2026-04-28,15:58,14,7,30000,210000
7114,2026-04-28,20:05,14,1,30000,30000
7115,2026-04-28,21:36,15,9,31000,279000
7116,2026-04-28,20:44,15,5,31000,155000
7117,2026-04-28,21:35,16,12,2500,30000
7118,2026-04-28,21:25,17,1,16000,16000
7119,2026-04-28,19:59,17,3,16000,48000
7120,2026-04-28,21:56,18,2,3500,7000
7121,2026-04-28,17:21,19,2,5500,11000
7122,2026-04-28,07:08,20,6,10000,60000
7123,2026-04-29,16:00,1,9,95000,855000
7124,2026-04-29,14:02,2,4,95000,380000
7125,2026-04-29,12:25,3,7,72000,504000
7126,2026-04-29,11:10,4,5,62000,310000
7127,2026-04-29,15:57,5,9,36000,324000
7128,2026-04-29,12:10,6,1,18000,18000
7129,2026-04-29,09:41,6,6,18000,108000
7130,2026-04-29,14:13,7,1,17000,17000
7131,2026-04-29,18:45,7,1,17000,17000
7132,2026-04-29,09:10,7,5,17000,85000
7133,2026-04-29,10:26,8,17,5000,85000
7134,2026-04-29,07:43,8,5,5000,25000
7135,2026-04-29,11:36,9,31,4000,124000
7136,2026-04-29,14:35,10,7,2000,14000
7137,2026-04-29,10:03,10,14,2000,28000
7138,2026-04-29,16:42,11,7,12000,84000
7139,2026-04-29,20:33,12,3,5000,15000
7140,2026-04-29,09:25,13,34,1500,51000
7141,2026-04-29,11:15,14,2,30000,60000
7142,2026-04-29,16:54,14,2,30000,60000
7143,2026-04-29,21:07,14,1,30000,30000
7144,2026-04-29,17:38,15,5,31000,155000
7145,2026-04-29,14:00,15,10,31000,310000
7146,2026-04-29,18:16,16,13,2500,32500
7147,2026-04-29,18:08,16,2,2500,5000
7148,2026-04-29,16:11,16,3,2500,7500
7149,2026-04-29,08:42,17,5,16000,80000
7150,2026-04-29,10:08,17,1,16000,16000
7151,2026-04-29,10:47,18,1,3500,3500
7152,2026-04-29,07:46,18,3,3500,10500
7153,2026-04-29,13:08,19,12,5500,66000
7154,2026-04-29,16:00,20,2,10000,20000
7155,2026-04-29,17:13,20,1,10000,10000
7156,2026-04-29,18:07,20,1,10000,10000
7157,2026-04-30,13:06,1,1,95000,95000
7158,2026-04-30,12:13,1,6,95000,570000
7159,2026-04-30,09:46,2,4,95000,380000
7160,2026-04-30,20:23,3,2,72000,144000
7161,2026-04-30,12:26,3,7,72000,504000
7162,2026-04-30,15:43,4,6,62000,372000
7163,2026-04-30,17:12,5,9,36000,324000
7164,2026-04-30,10:24,6,3,18000,54000
7165,2026-04-30,12:12,6,12,18000,216000
7166,2026-04-30,14:31,7,4,17000,68000
7167,2026-04-30,11:27,7,5,17000,85000
7168,2026-04-30,07:27,8,23,5000,115000
7169,2026-04-30,07:50,9,28,4000,112000
7170,2026-04-30,18:29,10,2,2000,4000
7171,2026-04-30,15:18,10,15,2000,30000
7172,2026-04-30,08:56,11,7,12000,84000
7173,2026-04-30,11:17,12,5,5000,25000
7174,2026-04-30,19:00,13,34,1500,51000
7175,2026-04-30,19:33,14,9,30000,270000
7176,2026-04-30,14:22,15,9,31000,279000
7177,2026-04-30,10:28,16,20,2500,50000
7178,2026-04-30,20:17,17,3,16000,48000
7179,2026-04-30,11:10,18,2,3500,7000
7180,2026-04-30,14:14,18,2,3500,7000
7181,2026-04-30,09:01,19,14,5500,77000
7182,2026-04-30,14:24,20,3,10000,30000
7183,2026-04-30,10:35,20,1,10000,10000
7184,2026-05-01,21:09,1,6,95000,570000
7185,2026-05-01,18:23,2,5,95000,475000
7186,2026-05-01,18:06,3,16,72000,1152000
7187,2026-05-01,17:33,4,7,62000,434000
7188,2026-05-01,13:01,5,12,36000,432000
7189,2026-05-01,08:36,5,2,36000,72000
7190,2026-05-01,21:18,6,4,18000,72000
7191,2026-05-01,11:51,6,4,18000,72000
7192,2026-05-01,10:48,6,10,18000,180000
7193,2026-05-01,15:00,7,1,17000,17000
7194,2026-05-01,09:01,7,2,17000,34000
7195,2026-05-01,12:49,7,1,17000,17000
7196,2026-05-01,13:36,8,9,5000,45000
7197,2026-05-01,12:00,8,7,5000,35000
7198,2026-05-01,09:06,9,21,4000,84000
7199,2026-05-01,19:27,10,24,2000,48000
7200,2026-05-01,11:44,10,8,2000,16000
7201,2026-05-01,10:40,12,10,5000,50000
7202,2026-05-01,13:42,12,6,5000,30000
7203,2026-05-01,16:22,13,37,1500,55500
7204,2026-05-01,08:24,13,2,1500,3000
7205,2026-05-01,10:56,14,9,30000,270000
7206,2026-05-01,07:54,15,21,31000,651000
7207,2026-05-01,14:48,16,39,2500,97500
7208,2026-05-01,12:31,17,6,16000,96000
7209,2026-05-01,15:01,18,8,3500,28000
7210,2026-05-01,16:57,19,2,5500,11000
7211,2026-05-01,09:14,19,10,5500,55000
7212,2026-05-01,07:13,20,5,10000,50000
7213,2026-05-02,15:47,1,11,95000,1045000
7214,2026-05-02,17:35,2,5,95000,475000
7215,2026-05-02,09:14,3,13,72000,936000
7216,2026-05-02,12:06,4,2,62000,124000
7217,2026-05-02,07:16,4,3,62000,186000
7218,2026-05-02,16:26,5,12,36000,432000
7219,2026-05-02,11:41,6,8,18000,144000
7220,2026-05-02,14:57,7,13,17000,221000
7221,2026-05-02,12:59,8,30,5000,150000
7222,2026-05-02,08:05,9,36,4000,144000
7223,2026-05-02,16:34,10,26,2000,52000
7224,2026-05-02,18:40,10,3,2000,6000
7225,2026-05-02,14:44,11,4,12000,48000
7226,2026-05-02,11:34,11,1,12000,12000
7227,2026-05-02,09:42,11,11,12000,132000
7228,2026-05-02,07:59,12,12,5000,60000
7229,2026-05-02,20:31,12,2,5000,10000
7230,2026-05-02,19:26,13,7,1500,10500
7231,2026-05-02,21:21,13,23,1500,34500
7232,2026-05-02,15:37,14,12,30000,360000
7233,2026-05-02,16:17,15,15,31000,465000
7234,2026-05-02,18:22,16,18,2500,45000
7235,2026-05-02,07:47,17,1,16000,16000
7236,2026-05-02,08:40,17,1,16000,16000
7237,2026-05-02,16:01,17,1,16000,16000
7238,2026-05-02,09:52,18,2,3500,7000
7239,2026-05-02,09:14,18,6,3500,21000
7240,2026-05-02,10:52,19,3,5500,16500
7241,2026-05-02,10:12,19,9,5500,49500
7242,2026-05-02,14:03,20,8,10000,80000
7243,2026-05-03,16:08,1,4,95000,380000
7244,2026-05-03,07:07,1,12,95000,1140000
7245,2026-05-03,12:40,2,4,95000,380000
7246,2026-05-03,19:56,2,7,95000,665000
7247,2026-05-03,13:09,3,11,72000,792000
7248,2026-05-03,18:04,3,2,72000,144000
7249,2026-05-03,14:24,4,3,62000,186000
7250,2026-05-03,07:10,4,7,62000,434000
7251,2026-05-03,15:11,5,15,36000,540000
7252,2026-05-03,08:05,6,7,18000,126000
7253,2026-05-03,19:10,6,8,18000,144000
7254,2026-05-03,09:26,7,10,17000,170000
7255,2026-05-03,10:44,8,48,5000,240000
7256,2026-05-03,18:33,9,18,4000,72000
7257,2026-05-03,18:35,9,19,4000,76000
7258,2026-05-03,21:59,10,34,2000,68000
7259,2026-05-03,16:57,10,7,2000,14000
7260,2026-05-03,21:28,11,3,12000,36000
7261,2026-05-03,09:53,11,1,12000,12000
7262,2026-05-03,16:34,11,1,12000,12000
7263,2026-05-03,14:27,12,2,5000,10000
7264,2026-05-03,09:39,12,4,5000,20000
7265,2026-05-03,11:20,13,29,1500,43500
7266,2026-05-03,11:38,13,9,1500,13500
7267,2026-05-03,18:51,14,11,30000,330000
7268,2026-05-03,10:25,15,1,31000,31000
7269,2026-05-03,11:24,15,13,31000,403000
7270,2026-05-03,21:05,16,15,2500,37500
7271,2026-05-03,20:37,16,11,2500,27500
7272,2026-05-03,18:08,17,1,16000,16000
7273,2026-05-03,15:30,18,1,3500,3500
7274,2026-05-03,13:58,18,1,3500,3500
7275,2026-05-03,17:37,18,2,3500,7000
7276,2026-05-03,07:33,19,5,5500,27500
7277,2026-05-03,09:34,19,14,5500,77000
7278,2026-05-03,10:58,20,2,10000,20000
7279,2026-05-03,07:32,20,5,10000,50000
7280,2026-05-04,21:04,1,5,95000,475000
7281,2026-05-04,10:34,1,3,95000,285000
7282,2026-05-04,12:33,2,3,95000,285000
7283,2026-05-04,11:16,3,10,72000,720000
7284,2026-05-04,09:52,4,7,62000,434000
7285,2026-05-04,13:31,5,13,36000,468000
7286,2026-05-04,09:51,6,7,18000,126000
7287,2026-05-04,19:14,6,13,18000,234000
7288,2026-05-04,15:09,7,2,17000,34000
7289,2026-05-04,16:28,7,7,17000,119000
7290,2026-05-04,18:40,8,12,5000,60000
7291,2026-05-04,18:48,9,27,4000,108000
7292,2026-05-04,09:43,10,21,2000,42000
7293,2026-05-04,20:21,11,5,12000,60000
7294,2026-05-04,19:00,12,12,5000,60000
7295,2026-05-04,20:51,13,2,1500,3000
7296,2026-05-04,18:01,13,39,1500,58500
7297,2026-05-04,09:48,14,9,30000,270000
7298,2026-05-04,16:05,15,11,31000,341000
7299,2026-05-04,08:44,15,1,31000,31000
7300,2026-05-04,19:06,16,24,2500,60000
7301,2026-05-04,21:34,17,6,16000,96000
7302,2026-05-04,19:40,18,1,3500,3500
7303,2026-05-04,18:38,18,5,3500,17500
7304,2026-05-04,09:22,19,16,5500,88000
7305,2026-05-04,17:07,20,7,10000,70000
7306,2026-05-05,17:18,1,9,95000,855000
7307,2026-05-05,19:18,1,4,95000,380000
7308,2026-05-05,08:34,2,6,95000,570000
7309,2026-05-05,17:36,3,10,72000,720000
7310,2026-05-05,15:30,3,5,72000,360000
7311,2026-05-05,15:58,4,11,62000,682000
7312,2026-05-05,09:52,5,3,36000,108000
7313,2026-05-05,19:18,5,9,36000,324000
7314,2026-05-05,19:02,6,13,18000,234000
7315,2026-05-05,14:02,7,9,17000,153000
7316,2026-05-05,14:01,8,22,5000,110000
7317,2026-05-05,07:00,9,15,4000,60000
7318,2026-05-05,13:22,10,8,2000,16000
7319,2026-05-05,17:21,10,19,2000,38000
7320,2026-05-05,18:33,11,9,12000,108000
7321,2026-05-05,09:25,12,3,5000,15000
7322,2026-05-05,08:15,13,47,1500,70500
7323,2026-05-05,19:17,14,12,30000,360000
7324,2026-05-05,12:23,15,15,31000,465000
7325,2026-05-05,11:52,16,12,2500,30000
7326,2026-05-05,09:50,16,14,2500,35000
7327,2026-05-05,18:02,17,4,16000,64000
7328,2026-05-05,07:40,18,9,3500,31500
7329,2026-05-05,13:13,19,15,5500,82500
7330,2026-05-05,16:54,20,3,10000,30000
7331,2026-05-06,16:22,1,8,95000,760000
7332,2026-05-06,19:01,1,1,95000,95000
7333,2026-05-06,20:59,2,3,95000,285000
7334,2026-05-06,15:11,2,1,95000,95000
7335,2026-05-06,07:17,3,12,72000,864000
7336,2026-05-06,20:25,4,1,62000,62000
7337,2026-05-06,11:53,4,4,62000,248000
7338,2026-05-06,21:35,5,14,36000,504000
7339,2026-05-06,17:46,6,1,18000,18000
7340,2026-05-06,11:54,6,9,18000,162000
7341,2026-05-06,17:11,6,8,18000,144000
7342,2026-05-06,14:31,7,7,17000,119000
7343,2026-05-06,15:12,8,4,5000,20000
7344,2026-05-06,13:45,8,5,5000,25000
7345,2026-05-06,17:04,9,17,4000,68000
7346,2026-05-06,13:17,9,2,4000,8000
7347,2026-05-06,17:04,10,28,2000,56000
7348,2026-05-06,13:39,11,6,12000,72000
7349,2026-05-06,15:36,12,3,5000,15000
7350,2026-05-06,17:42,12,8,5000,40000
7351,2026-05-06,13:19,13,20,1500,30000
7352,2026-05-06,09:01,13,15,1500,22500
7353,2026-05-06,13:48,14,10,30000,300000
7354,2026-05-06,18:46,15,6,31000,186000
7355,2026-05-06,20:33,15,9,31000,279000
7356,2026-05-06,08:19,16,11,2500,27500
7357,2026-05-06,14:55,17,1,16000,16000
7358,2026-05-06,07:52,17,1,16000,16000
7359,2026-05-06,13:18,17,1,16000,16000
7360,2026-05-06,12:48,18,4,3500,14000
7361,2026-05-06,12:48,18,1,3500,3500
7362,2026-05-06,11:55,18,2,3500,7000
7363,2026-05-06,13:50,19,3,5500,16500
7364,2026-05-06,10:46,19,6,5500,33000
7365,2026-05-06,15:43,20,3,10000,30000
7366,2026-05-06,09:18,20,2,10000,20000
7367,2026-05-07,20:58,1,7,95000,665000
7368,2026-05-07,14:24,2,1,95000,95000
7369,2026-05-07,11:26,2,2,95000,190000
7370,2026-05-07,15:36,3,5,72000,360000
7371,2026-05-07,20:33,3,6,72000,432000
7372,2026-05-07,21:01,4,7,62000,434000
7373,2026-05-07,08:23,5,6,36000,216000
7374,2026-05-07,10:35,5,2,36000,72000
7375,2026-05-07,09:53,6,9,18000,162000
7376,2026-05-07,11:21,6,4,18000,72000
7377,2026-05-07,14:39,7,2,17000,34000
7378,2026-05-07,20:44,7,4,17000,68000
7379,2026-05-07,18:21,8,25,5000,125000
7380,2026-05-07,17:40,9,20,4000,80000
7381,2026-05-07,20:18,10,35,2000,70000
7382,2026-05-07,21:13,11,9,12000,108000
7383,2026-05-07,19:52,12,7,5000,35000
7384,2026-05-07,20:33,13,22,1500,33000
7385,2026-05-07,12:56,14,2,30000,60000
7386,2026-05-07,18:14,15,7,31000,217000
7387,2026-05-07,19:09,15,3,31000,93000
7388,2026-05-07,08:45,16,2,2500,5000
7389,2026-05-07,16:29,16,9,2500,22500
7390,2026-05-07,18:56,17,6,16000,96000
7391,2026-05-07,07:38,18,5,3500,17500
7392,2026-05-07,10:15,18,1,3500,3500
7393,2026-05-07,17:43,19,11,5500,60500
7394,2026-05-07,10:08,20,1,10000,10000
7395,2026-05-08,12:14,1,5,95000,475000
7396,2026-05-08,13:54,2,6,95000,570000
7397,2026-05-08,08:05,3,12,72000,864000
7398,2026-05-08,13:06,4,4,62000,248000
7399,2026-05-08,14:32,4,1,62000,62000
7400,2026-05-08,20:26,4,1,62000,62000
7401,2026-05-08,21:00,5,9,36000,324000
7402,2026-05-08,07:58,5,2,36000,72000
7403,2026-05-08,20:01,6,20,18000,360000
7404,2026-05-08,08:21,7,1,17000,17000
7405,2026-05-08,19:26,7,5,17000,85000
7406,2026-05-08,08:35,7,2,17000,34000
7407,2026-05-08,16:33,8,18,5000,90000
7408,2026-05-08,13:21,9,8,4000,32000
7409,2026-05-08,14:40,9,12,4000,48000
7410,2026-05-08,18:31,9,3,4000,12000
7411,2026-05-08,11:52,10,42,2000,84000
7412,2026-05-08,21:00,11,1,12000,12000
7413,2026-05-08,21:39,11,1,12000,12000
7414,2026-05-08,17:13,11,1,12000,12000
7415,2026-05-08,16:50,12,9,5000,45000
7416,2026-05-08,21:03,13,29,1500,43500
7417,2026-05-08,16:04,14,9,30000,270000
7418,2026-05-08,17:49,15,9,31000,279000
7419,2026-05-08,16:18,15,4,31000,124000
7420,2026-05-08,11:14,16,19,2500,47500
7421,2026-05-08,15:30,17,5,16000,80000
7422,2026-05-08,07:37,18,11,3500,38500
7423,2026-05-08,13:12,19,12,5500,66000
7424,2026-05-08,18:10,20,3,10000,30000
7425,2026-05-09,15:09,1,5,95000,475000
7426,2026-05-09,08:15,1,3,95000,285000
7427,2026-05-09,14:17,1,1,95000,95000
7428,2026-05-09,13:04,2,5,95000,475000
7429,2026-05-09,21:02,3,7,72000,504000
7430,2026-05-09,09:33,4,3,62000,186000
7431,2026-05-09,15:26,4,3,62000,186000
7432,2026-05-09,17:01,5,1,36000,36000
7433,2026-05-09,19:50,5,6,36000,216000
7434,2026-05-09,12:15,5,6,36000,216000
7435,2026-05-09,13:27,6,9,18000,162000
7436,2026-05-09,19:47,7,13,17000,221000
7437,2026-05-09,18:06,8,31,5000,155000
7438,2026-05-09,09:27,9,24,4000,96000
7439,2026-05-09,07:12,10,1,2000,2000
7440,2026-05-09,20:03,10,27,2000,54000
7441,2026-05-09,10:23,11,10,12000,120000
7442,2026-05-09,21:38,12,10,5000,50000
7443,2026-05-09,20:48,13,39,1500,58500
7444,2026-05-09,09:43,14,9,30000,270000
7445,2026-05-09,12:47,15,15,31000,465000
7446,2026-05-09,09:49,16,19,2500,47500
7447,2026-05-09,21:21,18,10,3500,35000
7448,2026-05-09,20:27,19,14,5500,77000
7449,2026-05-09,09:27,20,6,10000,60000
7450,2026-05-10,14:40,1,11,95000,1045000
7451,2026-05-10,19:35,2,2,95000,190000
7452,2026-05-10,17:57,2,2,95000,190000
7453,2026-05-10,10:33,3,13,72000,936000
7454,2026-05-10,18:02,4,2,62000,124000
7455,2026-05-10,08:15,4,2,62000,124000
7456,2026-05-10,15:00,5,18,36000,648000
7457,2026-05-10,19:12,6,8,18000,144000
7458,2026-05-10,12:19,6,1,18000,18000
7459,2026-05-10,20:42,7,8,17000,136000
7460,2026-05-10,13:02,8,17,5000,85000
7461,2026-05-10,10:14,8,2,5000,10000
7462,2026-05-10,17:23,8,3,5000,15000
7463,2026-05-10,07:06,9,8,4000,32000
7464,2026-05-10,17:23,9,34,4000,136000
7465,2026-05-10,18:01,10,30,2000,60000
7466,2026-05-10,15:23,11,1,12000,12000
7467,2026-05-10,16:37,11,2,12000,24000
7468,2026-05-10,11:36,12,5,5000,25000
7469,2026-05-10,09:59,12,7,5000,35000
7470,2026-05-10,14:16,13,46,1500,69000
7471,2026-05-10,09:25,14,12,30000,360000
7472,2026-05-10,19:39,15,14,31000,434000
7473,2026-05-10,16:51,15,4,31000,124000
7474,2026-05-10,19:42,16,39,2500,97500
7475,2026-05-10,15:41,17,9,16000,144000
7476,2026-05-10,08:56,18,4,3500,14000
7477,2026-05-10,15:18,18,1,3500,3500
7478,2026-05-10,19:23,19,21,5500,115500
7479,2026-05-10,17:36,20,6,10000,60000
7480,2026-05-11,12:36,1,9,95000,855000
7481,2026-05-11,07:49,2,2,95000,190000
7482,2026-05-11,11:36,3,11,72000,792000
7483,2026-05-11,09:56,4,2,62000,124000
7484,2026-05-11,10:06,4,3,62000,186000
7485,2026-05-11,19:51,5,12,36000,432000
7486,2026-05-11,19:09,6,10,18000,180000
7487,2026-05-11,19:27,6,8,18000,144000
7488,2026-05-11,15:03,7,4,17000,68000
7489,2026-05-11,18:01,8,17,5000,85000
7490,2026-05-11,13:40,9,16,4000,64000
7491,2026-05-11,08:29,9,3,4000,12000
7492,2026-05-11,19:26,9,10,4000,40000
7493,2026-05-11,14:11,10,1,2000,2000
7494,2026-05-11,18:13,10,21,2000,42000
7495,2026-05-11,11:35,10,1,2000,2000
7496,2026-05-11,12:42,11,2,12000,24000
7497,2026-05-11,17:38,11,2,12000,24000
7498,2026-05-11,21:23,11,3,12000,36000
7499,2026-05-11,09:42,12,5,5000,25000
7500,2026-05-11,21:35,12,3,5000,15000
7501,2026-05-11,20:18,13,27,1500,40500
7502,2026-05-11,20:00,13,5,1500,7500
7503,2026-05-11,21:42,14,4,30000,120000
7504,2026-05-11,08:09,14,3,30000,90000
7505,2026-05-11,07:35,15,7,31000,217000
7506,2026-05-11,19:54,15,2,31000,62000
7507,2026-05-11,19:09,15,2,31000,62000
7508,2026-05-11,19:22,16,13,2500,32500
7509,2026-05-11,09:27,17,5,16000,80000
7510,2026-05-11,19:35,18,1,3500,3500
7511,2026-05-11,13:36,18,5,3500,17500
7512,2026-05-11,13:40,19,9,5500,49500
7513,2026-05-11,20:13,20,4,10000,40000
7514,2026-05-12,14:51,1,7,95000,665000
7515,2026-05-12,17:53,2,6,95000,570000
7516,2026-05-12,19:12,3,3,72000,216000
7517,2026-05-12,19:33,3,7,72000,504000
7518,2026-05-12,12:59,4,4,62000,248000
7519,2026-05-12,20:12,5,5,36000,180000
7520,2026-05-12,19:17,5,6,36000,216000
7521,2026-05-12,09:15,6,13,18000,234000
7522,2026-05-12,19:19,7,9,17000,153000
7523,2026-05-12,17:57,8,9,5000,45000
7524,2026-05-12,07:54,8,19,5000,95000
7525,2026-05-12,09:30,9,21,4000,84000
7526,2026-05-12,07:42,10,1,2000,2000
7527,2026-05-12,20:32,10,26,2000,52000
7528,2026-05-12,13:58,11,3,12000,36000
7529,2026-05-12,07:07,12,1,5000,5000
7530,2026-05-12,20:48,12,6,5000,30000
7531,2026-05-12,10:04,13,34,1500,51000
7532,2026-05-12,10:52,14,3,30000,90000
7533,2026-05-12,20:54,15,14,31000,434000
7534,2026-05-12,07:03,15,1,31000,31000
7535,2026-05-12,07:39,16,13,2500,32500
7536,2026-05-12,17:17,16,5,2500,12500
7537,2026-05-12,08:18,16,2,2500,5000
7538,2026-05-12,20:47,17,1,16000,16000
7539,2026-05-12,12:03,17,3,16000,48000
7540,2026-05-12,19:11,18,7,3500,24500
7541,2026-05-12,10:55,19,9,5500,49500
7542,2026-05-12,16:28,19,2,5500,11000
7543,2026-05-12,09:03,20,6,10000,60000
7544,2026-05-12,18:23,20,1,10000,10000
7545,2026-05-13,11:17,1,5,95000,475000
7546,2026-05-13,14:28,2,5,95000,475000
7547,2026-05-13,11:25,3,12,72000,864000
7548,2026-05-13,18:28,4,4,62000,248000
7549,2026-05-13,19:55,5,7,36000,252000
7550,2026-05-13,13:42,5,5,36000,180000
7551,2026-05-13,09:22,6,23,18000,414000
7552,2026-05-13,19:05,7,8,17000,136000
7553,2026-05-13,18:40,8,16,5000,80000
7554,2026-05-13,20:30,8,5,5000,25000
7555,2026-05-13,16:44,9,2,4000,8000
7556,2026-05-13,21:38,9,6,4000,24000
7557,2026-05-13,08:49,9,14,4000,56000
7558,2026-05-13,13:59,10,1,2000,2000
7559,2026-05-13,15:43,10,18,2000,36000
7560,2026-05-13,08:12,11,2,12000,24000
7561,2026-05-13,14:14,12,6,5000,30000
7562,2026-05-13,09:59,13,19,1500,28500
7563,2026-05-13,18:59,14,12,30000,360000
7564,2026-05-13,12:58,15,14,31000,434000
7565,2026-05-13,15:59,16,2,2500,5000
7566,2026-05-13,08:29,16,8,2500,20000
7567,2026-05-13,07:13,16,7,2500,17500
7568,2026-05-13,17:06,17,2,16000,32000
7569,2026-05-13,08:38,17,3,16000,48000
7570,2026-05-13,13:07,18,3,3500,10500
7571,2026-05-13,13:15,19,7,5500,38500
7572,2026-05-13,09:29,20,3,10000,30000
7573,2026-05-13,14:34,20,2,10000,20000
7574,2026-05-14,12:24,1,10,95000,950000
7575,2026-05-14,10:28,2,5,95000,475000
7576,2026-05-14,17:34,3,12,72000,864000
7577,2026-05-14,11:37,4,7,62000,434000
7578,2026-05-14,09:55,5,11,36000,396000
7579,2026-05-14,07:09,6,14,18000,252000
7580,2026-05-14,15:02,7,3,17000,51000
7581,2026-05-14,20:06,7,3,17000,51000
7582,2026-05-14,11:03,8,18,5000,90000
7583,2026-05-14,10:43,9,14,4000,56000
7584,2026-05-14,08:25,10,25,2000,50000
7585,2026-05-14,08:59,11,4,12000,48000
7586,2026-05-14,14:47,12,14,5000,70000
7587,2026-05-14,15:10,13,22,1500,33000
7588,2026-05-14,21:11,13,7,1500,10500
7589,2026-05-14,20:10,14,4,30000,120000
7590,2026-05-14,21:52,15,8,31000,248000
7591,2026-05-14,16:34,15,6,31000,186000
7592,2026-05-14,17:12,16,4,2500,10000
7593,2026-05-14,11:33,16,19,2500,47500
7594,2026-05-14,16:34,17,4,16000,64000
7595,2026-05-14,12:47,17,1,16000,16000
7596,2026-05-14,20:31,17,1,16000,16000
7597,2026-05-14,16:28,18,3,3500,10500
7598,2026-05-14,10:48,18,1,3500,3500
7599,2026-05-14,20:14,19,4,5500,22000
7600,2026-05-14,10:56,20,5,10000,50000
7601,2026-05-14,08:54,20,1,10000,10000
7602,2026-05-15,15:43,1,4,95000,380000
7603,2026-05-15,12:14,2,2,95000,190000
7604,2026-05-15,16:48,2,1,95000,95000
7605,2026-05-15,14:47,2,1,95000,95000
7606,2026-05-15,19:44,3,11,72000,792000
7607,2026-05-15,18:40,4,6,62000,372000
7608,2026-05-15,17:59,5,11,36000,396000
7609,2026-05-15,18:03,6,8,18000,144000
7610,2026-05-15,13:55,6,2,18000,36000
7611,2026-05-15,14:15,6,1,18000,18000
7612,2026-05-15,20:50,7,5,17000,85000
7613,2026-05-15,07:23,7,1,17000,17000
7614,2026-05-15,19:00,7,2,17000,34000
7615,2026-05-15,09:05,8,17,5000,85000
7616,2026-05-15,09:14,9,6,4000,24000
7617,2026-05-15,17:22,9,16,4000,64000
7618,2026-05-15,09:05,10,25,2000,50000
7619,2026-05-15,19:21,11,3,12000,36000
7620,2026-05-15,15:28,11,1,12000,12000
7621,2026-05-15,21:06,11,2,12000,24000
7622,2026-05-15,16:09,12,7,5000,35000
7623,2026-05-15,18:04,12,3,5000,15000
7624,2026-05-15,19:59,13,32,1500,48000
7625,2026-05-15,16:08,14,9,30000,270000
7626,2026-05-15,13:29,15,10,31000,310000
7627,2026-05-15,15:37,16,2,2500,5000
7628,2026-05-15,15:49,16,18,2500,45000
7629,2026-05-15,13:39,17,1,16000,16000
7630,2026-05-15,16:34,17,3,16000,48000
7631,2026-05-15,15:55,18,7,3500,24500
7632,2026-05-15,09:08,19,7,5500,38500
7633,2026-05-15,20:21,20,1,10000,10000
7634,2026-05-15,19:02,20,3,10000,30000
7635,2026-05-16,17:53,1,6,95000,570000
7636,2026-05-16,15:27,1,1,95000,95000
7637,2026-05-16,18:38,1,2,95000,190000
7638,2026-05-16,15:18,2,3,95000,285000
7639,2026-05-16,17:08,2,4,95000,380000
7640,2026-05-16,16:21,3,18,72000,1296000
7641,2026-05-16,15:35,4,5,62000,310000
7642,2026-05-16,17:04,4,1,62000,62000
7643,2026-05-16,12:28,5,5,36000,180000
7644,2026-05-16,17:34,5,9,36000,324000
7645,2026-05-16,19:48,6,15,18000,270000
7646,2026-05-16,12:59,7,8,17000,136000
7647,2026-05-16,09:15,7,1,17000,17000
7648,2026-05-16,21:34,7,1,17000,17000
7649,2026-05-16,13:30,8,25,5000,125000
7650,2026-05-16,19:42,9,37,4000,148000
7651,2026-05-16,21:39,10,32,2000,64000
7652,2026-05-16,13:49,11,12,12000,144000
7653,2026-05-16,16:04,12,6,5000,30000
7654,2026-05-16,14:31,13,43,1500,64500
7655,2026-05-16,16:34,13,1,1500,1500
7656,2026-05-16,15:09,14,8,30000,240000
7657,2026-05-16,21:27,15,10,31000,310000
7658,2026-05-16,15:31,15,3,31000,93000
7659,2026-05-16,20:53,16,5,2500,12500
7660,2026-05-16,09:20,16,17,2500,42500
7661,2026-05-16,10:31,17,5,16000,80000
7662,2026-05-16,12:43,18,1,3500,3500
7663,2026-05-16,15:00,18,9,3500,31500
7664,2026-05-16,13:41,18,1,3500,3500
7665,2026-05-16,17:50,19,13,5500,71500
7666,2026-05-16,07:44,20,3,10000,30000
7667,2026-05-17,07:42,1,12,95000,1140000
7668,2026-05-17,19:24,2,1,95000,95000
7669,2026-05-17,13:46,2,1,95000,95000
7670,2026-05-17,14:36,3,11,72000,792000
7671,2026-05-17,07:01,3,3,72000,216000
7672,2026-05-17,11:57,4,2,62000,124000
7673,2026-05-17,15:11,4,5,62000,310000
7674,2026-05-17,20:23,5,6,36000,216000
7675,2026-05-17,11:16,5,7,36000,252000
7676,2026-05-17,15:25,6,19,18000,342000
7677,2026-05-17,13:12,7,9,17000,153000
7678,2026-05-17,20:52,8,25,5000,125000
7679,2026-05-17,17:15,9,6,4000,24000
7680,2026-05-17,17:08,9,17,4000,68000
7681,2026-05-17,19:25,10,9,2000,18000
7682,2026-05-17,20:55,10,10,2000,20000
7683,2026-05-17,10:34,11,7,12000,84000
7684,2026-05-17,12:25,12,3,5000,15000
7685,2026-05-17,09:16,12,1,5000,5000
7686,2026-05-17,08:43,12,1,5000,5000
7687,2026-05-17,09:34,13,21,1500,31500
7688,2026-05-17,19:21,13,13,1500,19500
7689,2026-05-17,09:58,14,4,30000,120000
7690,2026-05-17,12:24,14,2,30000,60000
7691,2026-05-17,16:10,15,17,31000,527000
7692,2026-05-17,16:14,16,35,2500,87500
7693,2026-05-17,12:33,17,1,16000,16000
7694,2026-05-17,16:50,17,1,16000,16000
7695,2026-05-17,10:55,18,1,3500,3500
7696,2026-05-17,15:06,18,1,3500,3500
7697,2026-05-17,13:23,19,13,5500,71500
7698,2026-05-17,17:31,20,5,10000,50000
7699,2026-05-18,13:54,1,8,95000,760000
7700,2026-05-18,07:39,2,4,95000,380000
7701,2026-05-18,14:49,3,11,72000,792000
7702,2026-05-18,10:00,4,3,62000,186000
7703,2026-05-18,10:19,4,4,62000,248000
7704,2026-05-18,21:43,5,2,36000,72000
7705,2026-05-18,21:32,5,10,36000,360000
7706,2026-05-18,21:53,6,1,18000,18000
7707,2026-05-18,08:58,6,4,18000,72000
7708,2026-05-18,14:10,7,8,17000,136000
7709,2026-05-18,15:53,8,19,5000,95000
7710,2026-05-18,10:17,9,10,4000,40000
7711,2026-05-18,19:02,9,5,4000,20000
7712,2026-05-18,12:13,10,37,2000,74000
7713,2026-05-18,08:20,11,4,12000,48000
7714,2026-05-18,08:20,12,7,5000,35000
7715,2026-05-18,08:13,13,13,1500,19500
7716,2026-05-18,18:11,13,21,1500,31500
7717,2026-05-18,21:13,14,6,30000,180000
7718,2026-05-18,18:54,15,8,31000,248000
7719,2026-05-18,15:06,15,1,31000,31000
7720,2026-05-18,13:28,16,17,2500,42500
7721,2026-05-18,07:39,17,1,16000,16000
7722,2026-05-18,11:54,17,4,16000,64000
7723,2026-05-18,20:41,18,5,3500,17500
7724,2026-05-18,19:50,19,3,5500,16500
7725,2026-05-18,08:02,19,4,5500,22000
7726,2026-05-18,14:24,20,2,10000,20000
7727,2026-05-18,16:33,20,4,10000,40000
7728,2026-05-19,15:30,1,1,95000,95000
7729,2026-05-19,15:03,1,5,95000,475000
7730,2026-05-19,16:46,1,1,95000,95000
7731,2026-05-19,07:17,2,2,95000,190000
7732,2026-05-19,12:08,2,2,95000,190000
7733,2026-05-19,15:33,3,12,72000,864000
7734,2026-05-19,19:22,4,8,62000,496000
7735,2026-05-19,21:08,5,15,36000,540000
7736,2026-05-19,21:51,6,9,18000,162000
7737,2026-05-19,19:27,6,7,18000,126000
7738,2026-05-19,13:03,6,1,18000,18000
7739,2026-05-19,19:48,7,9,17000,153000
7740,2026-05-19,14:34,7,1,17000,17000
7741,2026-05-19,14:17,7,1,17000,17000
7742,2026-05-19,09:08,8,14,5000,70000
7743,2026-05-19,12:32,9,15,4000,60000
7744,2026-05-19,18:57,10,25,2000,50000
7745,2026-05-19,17:21,11,5,12000,60000
7746,2026-05-19,18:37,11,1,12000,12000
7747,2026-05-19,12:50,12,5,5000,25000
7748,2026-05-19,18:53,13,26,1500,39000
7749,2026-05-19,16:18,13,2,1500,3000
7750,2026-05-19,09:19,14,9,30000,270000
7751,2026-05-19,19:44,15,2,31000,62000
7752,2026-05-19,13:21,15,2,31000,62000
7753,2026-05-19,07:08,15,12,31000,372000
7754,2026-05-19,07:09,16,1,2500,2500
7755,2026-05-19,19:19,16,2,2500,5000
7756,2026-05-19,12:40,16,20,2500,50000
7757,2026-05-19,17:56,17,4,16000,64000
7758,2026-05-19,10:08,18,5,3500,17500
7759,2026-05-19,21:52,19,7,5500,38500
7760,2026-05-19,08:51,19,1,5500,5500
7761,2026-05-19,12:04,20,3,10000,30000
7762,2026-05-20,12:21,1,12,95000,1140000
7763,2026-05-20,15:13,2,5,95000,475000
7764,2026-05-20,15:47,3,7,72000,504000
7765,2026-05-20,09:43,3,4,72000,288000
7766,2026-05-20,11:18,4,5,62000,310000
7767,2026-05-20,13:37,5,13,36000,468000
7768,2026-05-20,16:45,5,4,36000,144000
7769,2026-05-20,14:54,6,9,18000,162000
7770,2026-05-20,13:28,7,2,17000,34000
7771,2026-05-20,21:40,7,6,17000,102000
7772,2026-05-20,17:26,8,10,5000,50000
7773,2026-05-20,09:47,8,10,5000,50000
7774,2026-05-20,12:54,9,25,4000,100000
7775,2026-05-20,18:45,10,32,2000,64000
7776,2026-05-20,12:18,11,9,12000,108000
7777,2026-05-20,08:33,12,9,5000,45000
7778,2026-05-20,20:11,13,22,1500,33000
7779,2026-05-20,18:08,14,1,30000,30000
7780,2026-05-20,10:53,14,6,30000,180000
7781,2026-05-20,10:38,15,15,31000,465000
7782,2026-05-20,20:41,16,32,2500,80000
7783,2026-05-20,11:39,17,1,16000,16000
7784,2026-05-20,13:47,18,8,3500,28000
7785,2026-05-20,08:33,19,10,5500,55000
7786,2026-05-20,11:31,20,6,10000,60000
7787,2026-05-21,18:35,1,7,95000,665000
7788,2026-05-21,07:34,2,3,95000,285000
7789,2026-05-21,14:25,3,14,72000,1008000
7790,2026-05-21,08:42,4,8,62000,496000
7791,2026-05-21,19:11,5,12,36000,432000
7792,2026-05-21,14:20,6,8,18000,144000
7793,2026-05-21,11:47,6,5,18000,90000
7794,2026-05-21,14:08,7,5,17000,85000
7795,2026-05-21,13:09,7,1,17000,17000
7796,2026-05-21,20:36,7,1,17000,17000
7797,2026-05-21,16:05,8,3,5000,15000
7798,2026-05-21,15:52,8,2,5000,10000
7799,2026-05-21,19:54,8,3,5000,15000
7800,2026-05-21,13:57,9,15,4000,60000
7801,2026-05-21,17:35,9,12,4000,48000
7802,2026-05-21,08:25,10,28,2000,56000
7803,2026-05-21,20:11,11,3,12000,36000
7804,2026-05-21,17:30,12,1,5000,5000
7805,2026-05-21,09:04,12,5,5000,25000
7806,2026-05-21,10:12,13,26,1500,39000
7807,2026-05-21,18:46,14,3,30000,90000
7808,2026-05-21,16:41,15,12,31000,372000
7809,2026-05-21,09:53,16,13,2500,32500
7810,2026-05-21,09:09,17,1,16000,16000
7811,2026-05-21,16:36,17,1,16000,16000
7812,2026-05-21,21:39,17,1,16000,16000
7813,2026-05-21,13:56,18,4,3500,14000
7814,2026-05-21,08:46,19,4,5500,22000
7815,2026-05-21,12:42,20,8,10000,80000
7816,2026-05-22,17:19,1,2,95000,190000
7817,2026-05-22,10:35,1,9,95000,855000
7818,2026-05-22,10:57,2,3,95000,285000
7819,2026-05-22,17:23,3,12,72000,864000
7820,2026-05-22,19:36,4,2,62000,124000
7821,2026-05-22,20:57,4,5,62000,310000
7822,2026-05-22,12:35,5,12,36000,432000
7823,2026-05-22,08:31,6,5,18000,90000
7824,2026-05-22,18:41,6,4,18000,72000
7825,2026-05-22,14:47,6,1,18000,18000
7826,2026-05-22,10:10,7,8,17000,136000
7827,2026-05-22,19:25,7,3,17000,51000
7828,2026-05-22,07:36,8,14,5000,70000
7829,2026-05-22,20:16,9,13,4000,52000
7830,2026-05-22,19:31,10,30,2000,60000
7831,2026-05-22,08:11,11,6,12000,72000
7832,2026-05-22,21:28,11,2,12000,24000
7833,2026-05-22,14:00,12,10,5000,50000
7834,2026-05-22,09:36,12,4,5000,20000
7835,2026-05-22,08:10,13,21,1500,31500
7836,2026-05-22,10:42,14,9,30000,270000
7837,2026-05-22,18:07,15,8,31000,248000
7838,2026-05-22,10:31,15,4,31000,124000
7839,2026-05-22,18:57,15,1,31000,31000
7840,2026-05-22,16:35,16,5,2500,12500
7841,2026-05-22,21:33,16,19,2500,47500
7842,2026-05-22,09:01,17,1,16000,16000
7843,2026-05-22,09:50,18,1,3500,3500
7844,2026-05-22,12:25,18,2,3500,7000
7845,2026-05-22,20:03,19,6,5500,33000
7846,2026-05-22,15:12,19,1,5500,5500
7847,2026-05-22,21:02,20,5,10000,50000
7848,2026-05-23,15:31,1,9,95000,855000
7849,2026-05-23,21:29,2,6,95000,570000
7850,2026-05-23,15:32,2,1,95000,95000
7851,2026-05-23,16:28,3,18,72000,1296000
7852,2026-05-23,10:44,4,9,62000,558000
7853,2026-05-23,21:23,5,12,36000,432000
7854,2026-05-23,17:32,5,4,36000,144000
7855,2026-05-23,10:40,6,17,18000,306000
7856,2026-05-23,21:03,7,7,17000,119000
7857,2026-05-23,10:01,8,3,5000,15000
7858,2026-05-23,11:19,8,36,5000,180000
7859,2026-05-23,13:41,9,25,4000,100000
7860,2026-05-23,16:54,10,38,2000,76000
7861,2026-05-23,08:29,11,6,12000,72000
7862,2026-05-23,08:22,11,4,12000,48000
7863,2026-05-23,10:55,12,3,5000,15000
7864,2026-05-23,18:36,12,7,5000,35000
7865,2026-05-23,07:49,13,3,1500,4500
7866,2026-05-23,09:41,13,21,1500,31500
7867,2026-05-23,19:59,14,7,30000,210000
7868,2026-05-23,17:01,15,12,31000,372000
7869,2026-05-23,08:19,15,7,31000,217000
7870,2026-05-23,11:41,16,21,2500,52500
7871,2026-05-23,07:39,17,2,16000,32000
7872,2026-05-23,20:12,17,3,16000,48000
7873,2026-05-23,14:05,18,5,3500,17500
7874,2026-05-23,10:43,18,1,3500,3500
7875,2026-05-23,16:31,18,1,3500,3500
7876,2026-05-23,08:09,19,17,5500,93500
7877,2026-05-23,17:09,20,5,10000,50000
7878,2026-05-24,10:10,1,2,95000,190000
7879,2026-05-24,08:55,1,8,95000,760000
7880,2026-05-24,13:29,2,4,95000,380000
7881,2026-05-24,19:42,2,1,95000,95000
7882,2026-05-24,08:38,3,17,72000,1224000
7883,2026-05-24,08:07,4,6,62000,372000
7884,2026-05-24,08:24,4,2,62000,124000
7885,2026-05-24,09:58,5,10,36000,360000
7886,2026-05-24,08:39,6,20,18000,360000
7887,2026-05-24,09:46,7,8,17000,136000
7888,2026-05-24,12:42,7,2,17000,34000
7889,2026-05-24,19:28,8,17,5000,85000
7890,2026-05-24,21:15,8,1,5000,5000
7891,2026-05-24,16:47,9,23,4000,92000
7892,2026-05-24,11:36,10,2,2000,4000
7893,2026-05-24,10:27,10,19,2000,38000
7894,2026-05-24,10:34,11,6,12000,72000
7895,2026-05-24,09:29,12,12,5000,60000
7896,2026-05-24,19:19,13,22,1500,33000
7897,2026-05-24,19:33,13,9,1500,13500
7898,2026-05-24,19:50,14,11,30000,330000
7899,2026-05-24,08:05,15,13,31000,403000
7900,2026-05-24,19:35,16,21,2500,52500
7901,2026-05-24,21:21,17,1,16000,16000
7902,2026-05-24,20:00,17,1,16000,16000
7903,2026-05-24,12:08,18,5,3500,17500
7904,2026-05-24,11:24,19,13,5500,71500
7905,2026-05-24,20:52,20,6,10000,60000
7906,2026-05-25,18:54,1,8,95000,760000
7907,2026-05-25,12:46,2,2,95000,190000
7908,2026-05-25,19:04,3,15,72000,1080000
7909,2026-05-25,17:00,4,6,62000,372000
7910,2026-05-25,19:59,4,1,62000,62000
7911,2026-05-25,17:36,5,10,36000,360000
7912,2026-05-25,09:49,6,13,18000,234000
7913,2026-05-25,20:01,7,4,17000,68000
7914,2026-05-25,19:06,7,3,17000,51000
7915,2026-05-25,14:07,8,19,5000,95000
7916,2026-05-25,10:27,9,25,4000,100000
7917,2026-05-25,15:23,10,9,2000,18000
7918,2026-05-25,13:19,10,1,2000,2000
7919,2026-05-25,19:59,10,1,2000,2000
7920,2026-05-25,20:01,11,4,12000,48000
7921,2026-05-25,08:56,12,7,5000,35000
7922,2026-05-25,07:09,13,5,1500,7500
7923,2026-05-25,14:59,13,26,1500,39000
7924,2026-05-25,08:23,14,11,30000,330000
7925,2026-05-25,10:35,15,8,31000,248000
7926,2026-05-25,14:17,15,4,31000,124000
7927,2026-05-25,16:39,16,17,2500,42500
7928,2026-05-25,18:46,17,3,16000,48000
7929,2026-05-25,20:37,18,2,3500,7000
7930,2026-05-25,07:26,18,1,3500,3500
7931,2026-05-25,10:08,18,1,3500,3500
7932,2026-05-25,11:33,19,8,5500,44000
7933,2026-05-25,12:20,20,1,10000,10000
7934,2026-05-25,11:55,20,5,10000,50000
7935,2026-05-26,21:43,1,5,95000,475000
7936,2026-05-26,10:44,2,1,95000,95000
7937,2026-05-26,18:55,2,4,95000,380000
7938,2026-05-26,10:03,3,6,72000,432000
7939,2026-05-26,16:23,4,5,62000,310000
7940,2026-05-26,16:58,5,4,36000,144000
7941,2026-05-26,19:40,5,4,36000,144000
7942,2026-05-26,14:23,5,1,36000,36000
7943,2026-05-26,19:19,6,21,18000,378000
7944,2026-05-26,14:37,7,3,17000,51000
7945,2026-05-26,17:49,7,5,17000,85000
7946,2026-05-26,13:53,8,2,5000,10000
7947,2026-05-26,09:15,8,1,5000,5000
7948,2026-05-26,11:30,8,1,5000,5000
7949,2026-05-26,20:51,9,2,4000,8000
7950,2026-05-26,11:29,9,6,4000,24000
7951,2026-05-26,08:02,10,25,2000,50000
7952,2026-05-26,19:07,11,7,12000,84000
7953,2026-05-26,08:02,12,5,5000,25000
7954,2026-05-26,10:01,12,3,5000,15000
7955,2026-05-26,19:26,13,24,1500,36000
7956,2026-05-26,15:14,13,7,1500,10500
7957,2026-05-26,13:17,14,11,30000,330000
7958,2026-05-26,14:10,15,2,31000,62000
7959,2026-05-26,13:33,15,11,31000,341000
7960,2026-05-26,07:33,16,25,2500,62500
7961,2026-05-26,18:42,17,1,16000,16000
7962,2026-05-26,08:09,18,4,3500,14000
7963,2026-05-26,20:46,19,3,5500,16500
7964,2026-05-26,12:45,20,4,10000,40000
7965,2026-05-27,08:12,1,7,95000,665000
7966,2026-05-27,13:28,2,5,95000,475000
7967,2026-05-27,07:29,3,12,72000,864000
7968,2026-05-27,08:03,4,3,62000,186000
7969,2026-05-27,20:55,4,2,62000,124000
7970,2026-05-27,15:17,5,9,36000,324000
7971,2026-05-27,10:51,6,7,18000,126000
7972,2026-05-27,08:45,7,12,17000,204000
7973,2026-05-27,07:36,8,16,5000,80000
7974,2026-05-27,12:34,9,18,4000,72000
7975,2026-05-27,14:27,10,23,2000,46000
7976,2026-05-27,18:27,10,13,2000,26000
7977,2026-05-27,14:01,11,3,12000,36000
7978,2026-05-27,15:00,12,5,5000,25000
7979,2026-05-27,17:51,13,21,1500,31500
7980,2026-05-27,16:25,14,2,30000,60000
7981,2026-05-27,09:52,14,5,30000,150000
7982,2026-05-27,21:16,15,8,31000,248000
7983,2026-05-27,20:27,15,8,31000,248000
7984,2026-05-27,20:09,16,14,2500,35000
7985,2026-05-27,08:22,16,10,2500,25000
7986,2026-05-27,15:15,17,8,16000,128000
7987,2026-05-27,07:02,18,1,3500,3500
7988,2026-05-27,07:17,18,1,3500,3500
7989,2026-05-27,13:06,19,12,5500,66000
7990,2026-05-27,12:40,20,4,10000,40000
7991,2026-05-28,19:04,1,6,95000,570000
7992,2026-05-28,14:37,2,1,95000,95000
7993,2026-05-28,14:42,2,2,95000,190000
7994,2026-05-28,21:16,3,9,72000,648000
7995,2026-05-28,18:41,4,10,62000,620000
7996,2026-05-28,10:34,5,12,36000,432000
7997,2026-05-28,08:52,6,9,18000,162000
7998,2026-05-28,18:36,6,5,18000,90000
7999,2026-05-28,18:17,7,11,17000,187000
8000,2026-05-28,16:00,7,1,17000,17000
8001,2026-05-28,17:45,8,8,5000,40000
8002,2026-05-28,19:11,9,13,4000,52000
8003,2026-05-28,16:38,10,8,2000,16000
8004,2026-05-28,19:37,11,4,12000,48000
8005,2026-05-28,20:38,12,8,5000,40000
8006,2026-05-28,19:38,13,13,1500,19500
8007,2026-05-28,15:31,13,17,1500,25500
8008,2026-05-28,08:12,14,6,30000,180000
8009,2026-05-28,14:37,14,2,30000,60000
8010,2026-05-28,08:52,15,10,31000,310000
8011,2026-05-28,16:35,16,24,2500,60000
8012,2026-05-28,13:58,17,1,16000,16000
8013,2026-05-28,13:06,17,3,16000,48000
8014,2026-05-28,14:18,18,7,3500,24500
8015,2026-05-28,16:17,19,1,5500,5500
8016,2026-05-28,10:14,19,1,5500,5500
8017,2026-05-28,20:11,19,1,5500,5500
8018,2026-05-28,09:13,20,4,10000,40000
8019,2026-05-28,18:44,20,1,10000,10000
8020,2026-05-29,16:36,1,3,95000,285000
8021,2026-05-29,21:07,1,1,95000,95000
8022,2026-05-29,16:28,1,1,95000,95000
8023,2026-05-29,18:52,2,1,95000,95000
8024,2026-05-29,21:16,2,3,95000,285000
8025,2026-05-29,13:54,3,13,72000,936000
8026,2026-05-29,10:29,4,2,62000,124000
8027,2026-05-29,07:32,4,1,62000,62000
8028,2026-05-29,14:52,4,4,62000,248000
8029,2026-05-29,08:26,5,2,36000,72000
8030,2026-05-29,07:53,5,1,36000,36000
8031,2026-05-29,09:42,5,4,36000,144000
8032,2026-05-29,17:51,6,1,18000,18000
8033,2026-05-29,17:40,6,13,18000,234000
8034,2026-05-29,20:59,7,5,17000,85000
8035,2026-05-29,10:23,8,18,5000,90000
8036,2026-05-29,17:44,8,1,5000,5000
8037,2026-05-29,19:39,8,6,5000,30000
8038,2026-05-29,16:32,9,20,4000,80000
8039,2026-05-29,21:09,10,29,2000,58000
8040,2026-05-29,21:07,10,4,2000,8000
8041,2026-05-29,14:01,11,4,12000,48000
8042,2026-05-29,15:40,12,5,5000,25000
8043,2026-05-29,16:18,12,1,5000,5000
8044,2026-05-29,20:52,13,17,1500,25500
8045,2026-05-29,20:04,13,1,1500,1500
8046,2026-05-29,15:59,13,6,1500,9000
8047,2026-05-29,11:19,14,10,30000,300000
8048,2026-05-29,09:48,15,12,31000,372000
8049,2026-05-29,21:56,16,23,2500,57500
8050,2026-05-29,15:47,17,3,16000,48000
8051,2026-05-29,14:59,18,1,3500,3500
8052,2026-05-29,07:34,18,1,3500,3500
8053,2026-05-29,09:03,18,1,3500,3500
8054,2026-05-29,15:02,19,3,5500,16500
8055,2026-05-29,13:30,19,5,5500,27500
8056,2026-05-29,17:05,20,3,10000,30000
8057,2026-05-30,20:12,1,3,95000,285000
8058,2026-05-30,13:36,1,8,95000,760000
8059,2026-05-30,16:25,2,3,95000,285000
8060,2026-05-30,17:42,3,17,72000,1224000
8061,2026-05-30,09:32,4,7,62000,434000
8062,2026-05-30,19:10,5,5,36000,180000
8063,2026-05-30,16:42,5,5,36000,180000
8064,2026-05-30,21:32,6,18,18000,324000
8065,2026-05-30,18:48,7,13,17000,221000
8066,2026-05-30,17:59,8,26,5000,130000
8067,2026-05-30,17:03,9,22,4000,88000
8068,2026-05-30,11:02,9,1,4000,4000
8069,2026-05-30,10:45,10,14,2000,28000
8070,2026-05-30,21:50,11,5,12000,60000
8071,2026-05-30,16:27,12,7,5000,35000
8072,2026-05-30,13:02,13,40,1500,60000
8073,2026-05-30,15:41,14,9,30000,270000
8074,2026-05-30,14:18,15,17,31000,527000
8075,2026-05-30,12:46,16,8,2500,20000
8076,2026-05-30,13:22,16,10,2500,25000
8077,2026-05-30,21:29,17,5,16000,80000
8078,2026-05-30,20:51,18,8,3500,28000
8079,2026-05-30,13:11,19,11,5500,60500
8080,2026-05-30,11:40,19,4,5500,22000
8081,2026-05-30,16:59,20,5,10000,50000
8082,2026-05-31,17:18,1,9,95000,855000
8083,2026-05-31,13:34,2,4,95000,380000
8084,2026-05-31,10:46,2,1,95000,95000
8085,2026-05-31,16:27,3,11,72000,792000
8086,2026-05-31,14:32,4,6,62000,372000
8087,2026-05-31,08:28,5,13,36000,468000
8088,2026-05-31,15:21,6,14,18000,252000
8089,2026-05-31,09:10,7,7,17000,119000
8090,2026-05-31,19:15,8,23,5000,115000
8091,2026-05-31,20:40,8,19,5000,95000
8092,2026-05-31,13:17,8,1,5000,5000
8093,2026-05-31,09:00,9,33,4000,132000
8094,2026-05-31,16:50,10,17,2000,34000
8095,2026-05-31,15:25,11,3,12000,36000
8096,2026-05-31,15:44,11,2,12000,24000
8097,2026-05-31,16:02,12,9,5000,45000
8098,2026-05-31,11:25,13,9,1500,13500
8099,2026-05-31,14:09,13,46,1500,69000
8100,2026-05-31,13:01,14,4,30000,120000
8101,2026-05-31,16:53,14,1,30000,30000
8102,2026-05-31,08:05,14,1,30000,30000
8103,2026-05-31,10:53,15,18,31000,558000
8104,2026-05-31,21:48,16,32,2500,80000
8105,2026-05-31,17:48,17,1,16000,16000
8106,2026-05-31,16:40,17,1,16000,16000
8107,2026-05-31,20:10,17,1,16000,16000
8108,2026-05-31,13:06,18,1,3500,3500
8109,2026-05-31,10:13,18,3,3500,10500
8110,2026-05-31,14:46,18,1,3500,3500
8111,2026-05-31,07:21,19,8,5500,44000
8112,2026-05-31,10:02,20,5,10000,50000
8113,2026-06-01,15:06,1,3,95000,285000
8114,2026-06-01,13:21,1,5,95000,475000
8115,2026-06-01,19:53,1,1,95000,95000
8116,2026-06-01,12:58,2,2,95000,190000
8117,2026-06-01,11:48,2,5,95000,475000
8118,2026-06-01,09:16,3,17,72000,1224000
8119,2026-06-01,08:27,4,6,62000,372000
8120,2026-06-01,07:55,5,5,36000,180000
8121,2026-06-01,11:17,6,15,18000,270000
8122,2026-06-01,16:26,7,11,17000,187000
8123,2026-06-01,08:30,8,22,5000,110000
8124,2026-06-01,21:58,9,16,4000,64000
8125,2026-06-01,21:47,9,6,4000,24000
8126,2026-06-01,15:08,10,29,2000,58000
8127,2026-06-01,16:48,11,9,12000,108000
8128,2026-06-01,15:40,11,1,12000,12000
8129,2026-06-01,15:58,12,10,5000,50000
8130,2026-06-01,13:29,13,28,1500,42000
8131,2026-06-01,20:35,13,3,1500,4500
8132,2026-06-01,11:05,14,7,30000,210000
8133,2026-06-01,13:33,15,16,31000,496000
8134,2026-06-01,19:14,16,7,2500,17500
8135,2026-06-01,20:20,16,27,2500,67500
8136,2026-06-01,17:24,17,2,16000,32000
8137,2026-06-01,11:34,17,2,16000,32000
8138,2026-06-01,17:34,18,6,3500,21000
8139,2026-06-01,18:37,19,4,5500,22000
8140,2026-06-01,13:44,19,5,5500,27500
8141,2026-06-01,11:59,20,4,10000,40000
8142,2026-06-01,15:24,20,3,10000,30000
8143,2026-06-02,18:57,1,14,95000,1330000
8144,2026-06-02,12:37,2,3,95000,285000
8145,2026-06-02,11:20,2,3,95000,285000
8146,2026-06-02,08:07,3,1,72000,72000
8147,2026-06-02,16:08,3,13,72000,936000
8148,2026-06-02,09:03,4,6,62000,372000
8149,2026-06-02,20:43,4,2,62000,124000
8150,2026-06-02,10:44,5,2,36000,72000
8151,2026-06-02,21:24,5,2,36000,72000
8152,2026-06-02,12:07,6,2,18000,36000
8153,2026-06-02,08:30,6,17,18000,306000
8154,2026-06-02,17:46,7,10,17000,170000
8155,2026-06-02,20:38,8,23,5000,115000
8156,2026-06-02,19:35,9,19,4000,76000
8157,2026-06-02,13:20,10,7,2000,14000
8158,2026-06-02,10:26,10,18,2000,36000
8159,2026-06-02,08:32,11,3,12000,36000
8160,2026-06-02,16:16,11,1,12000,12000
8161,2026-06-02,12:23,11,1,12000,12000
8162,2026-06-02,13:31,12,12,5000,60000
8163,2026-06-02,07:38,13,31,1500,46500
8164,2026-06-02,11:51,14,10,30000,300000
8165,2026-06-02,09:19,14,5,30000,150000
8166,2026-06-02,16:16,15,18,31000,558000
8167,2026-06-02,11:58,16,14,2500,35000
8168,2026-06-02,13:43,17,4,16000,64000
8169,2026-06-02,13:31,18,4,3500,14000
8170,2026-06-02,13:03,18,1,3500,3500
8171,2026-06-02,13:16,19,2,5500,11000
8172,2026-06-02,20:50,20,8,10000,80000
8173,2026-06-03,20:23,1,6,95000,570000
8174,2026-06-03,14:48,1,4,95000,380000
8175,2026-06-03,14:21,1,1,95000,95000
8176,2026-06-03,07:36,2,6,95000,570000
8177,2026-06-03,11:49,3,14,72000,1008000
8178,2026-06-03,10:12,4,4,62000,248000
8179,2026-06-03,13:08,5,1,36000,36000
8180,2026-06-03,10:54,5,9,36000,324000
8181,2026-06-03,19:25,6,9,18000,162000
8182,2026-06-03,21:24,6,11,18000,198000
8183,2026-06-03,09:49,7,6,17000,102000
8184,2026-06-03,13:21,7,1,17000,17000
8185,2026-06-03,08:25,8,1,5000,5000
8186,2026-06-03,17:21,8,1,5000,5000
8187,2026-06-03,10:59,9,12,4000,48000
8188,2026-06-03,07:00,9,11,4000,44000
8189,2026-06-03,13:10,10,22,2000,44000
8190,2026-06-03,20:11,10,5,2000,10000
8191,2026-06-03,09:18,11,7,12000,84000
8192,2026-06-03,19:51,12,11,5000,55000
8193,2026-06-03,21:30,13,39,1500,58500
8194,2026-06-03,11:25,14,8,30000,240000
8195,2026-06-03,09:48,14,2,30000,60000
8196,2026-06-03,08:24,15,21,31000,651000
8197,2026-06-03,08:11,16,12,2500,30000
8198,2026-06-03,08:05,17,5,16000,80000
8199,2026-06-03,20:32,18,8,3500,28000
8200,2026-06-03,15:51,19,3,5500,16500
8201,2026-06-03,15:40,19,3,5500,16500
8202,2026-06-03,07:00,20,3,10000,30000
8203,2026-06-04,07:06,1,5,95000,475000
8204,2026-06-04,14:37,1,2,95000,190000
8205,2026-06-04,13:30,2,4,95000,380000
8206,2026-06-04,09:12,3,9,72000,648000
8207,2026-06-04,20:05,3,7,72000,504000
8208,2026-06-04,16:56,4,6,62000,372000
8209,2026-06-04,21:51,5,4,36000,144000
8210,2026-06-04,11:28,5,1,36000,36000
8211,2026-06-04,09:45,5,4,36000,144000
8212,2026-06-04,11:54,6,13,18000,234000
8213,2026-06-04,19:27,7,13,17000,221000
8214,2026-06-04,18:07,8,20,5000,100000
8215,2026-06-04,15:16,9,2,4000,8000
8216,2026-06-04,10:47,9,7,4000,28000
8217,2026-06-04,19:56,9,14,4000,56000
8218,2026-06-04,10:27,10,27,2000,54000
8219,2026-06-04,16:46,11,10,12000,120000
8220,2026-06-04,19:34,12,7,5000,35000
8221,2026-06-04,15:22,13,45,1500,67500
8222,2026-06-04,12:16,14,6,30000,180000
8223,2026-06-04,15:11,14,1,30000,30000
8224,2026-06-04,11:08,14,2,30000,60000
8225,2026-06-04,15:44,15,16,31000,496000
8226,2026-06-04,12:56,16,33,2500,82500
8227,2026-06-04,11:23,16,7,2500,17500
8228,2026-06-04,07:02,17,1,16000,16000
8229,2026-06-04,17:27,17,1,16000,16000
8230,2026-06-04,17:23,18,6,3500,21000
8231,2026-06-04,14:21,19,6,5500,33000
8232,2026-06-04,20:56,20,2,10000,20000
8233,2026-06-04,08:07,20,5,10000,50000
8234,2026-06-05,10:09,1,13,95000,1235000
8235,2026-06-05,19:34,2,4,95000,380000
8236,2026-06-05,16:48,2,3,95000,285000
8237,2026-06-05,18:46,2,2,95000,190000
8238,2026-06-05,14:57,3,3,72000,216000
8239,2026-06-05,19:25,3,8,72000,576000
8240,2026-06-05,19:13,3,7,72000,504000
8241,2026-06-05,11:41,4,7,62000,434000
8242,2026-06-05,14:10,5,3,36000,108000
8243,2026-06-05,07:12,5,7,36000,252000
8244,2026-06-05,15:24,6,5,18000,90000
8245,2026-06-05,17:10,6,3,18000,54000
8246,2026-06-05,12:45,7,8,17000,136000
8247,2026-06-05,07:41,7,7,17000,119000
8248,2026-06-05,19:54,8,24,5000,120000
8249,2026-06-05,19:24,9,21,4000,84000
8250,2026-06-05,12:45,10,3,2000,6000
8251,2026-06-05,17:12,10,17,2000,34000
8252,2026-06-05,07:24,10,20,2000,40000
8253,2026-06-05,12:46,11,1,12000,12000
8254,2026-06-05,15:32,11,3,12000,36000
8255,2026-06-05,16:57,12,5,5000,25000
8256,2026-06-05,10:21,12,5,5000,25000
8257,2026-06-05,07:02,13,20,1500,30000
8258,2026-06-05,20:58,13,13,1500,19500
8259,2026-06-05,15:04,14,2,30000,60000
8260,2026-06-05,18:55,14,9,30000,270000
8261,2026-06-05,14:32,15,17,31000,527000
8262,2026-06-05,21:04,16,12,2500,30000
8263,2026-06-05,09:17,17,2,16000,32000
8264,2026-06-05,11:16,17,2,16000,32000
8265,2026-06-05,11:27,18,3,3500,10500
8266,2026-06-05,07:52,18,3,3500,10500
8267,2026-06-05,15:13,18,3,3500,10500
8268,2026-06-05,18:04,19,6,5500,33000
8269,2026-06-05,14:38,19,5,5500,27500
8270,2026-06-05,18:50,20,4,10000,40000
8271,2026-06-05,15:06,20,3,10000,30000
8272,2026-06-06,17:41,1,7,95000,665000
8273,2026-06-06,10:41,2,3,95000,285000
8274,2026-06-06,16:07,2,3,95000,285000
8275,2026-06-06,14:32,3,12,72000,864000
8276,2026-06-06,11:55,4,9,62000,558000
8277,2026-06-06,13:51,5,11,36000,396000
8278,2026-06-06,16:33,6,14,18000,252000
8279,2026-06-06,15:49,6,4,18000,72000
8280,2026-06-06,21:48,7,13,17000,221000
8281,2026-06-06,11:20,8,4,5000,20000
8282,2026-06-06,14:37,8,29,5000,145000
8283,2026-06-06,08:17,9,31,4000,124000
8284,2026-06-06,20:28,9,2,4000,8000
8285,2026-06-06,13:14,10,9,2000,18000
8286,2026-06-06,07:51,10,12,2000,24000
8287,2026-06-06,18:38,11,6,12000,72000
8288,2026-06-06,13:45,12,7,5000,35000
8289,2026-06-06,11:08,13,35,1500,52500
8290,2026-06-06,16:28,14,7,30000,210000
8291,2026-06-06,09:33,14,1,30000,30000
8292,2026-06-06,10:15,14,1,30000,30000
8293,2026-06-06,08:09,15,12,31000,372000
8294,2026-06-06,07:25,16,6,2500,15000
8295,2026-06-06,21:52,16,2,2500,5000
8296,2026-06-06,09:56,16,1,2500,2500
8297,2026-06-06,09:33,17,3,16000,48000
8298,2026-06-06,18:36,18,1,3500,3500
8299,2026-06-06,15:59,18,5,3500,17500
8300,2026-06-06,09:07,19,7,5500,38500
8301,2026-06-06,08:00,20,5,10000,50000
8302,2026-06-07,09:56,1,17,95000,1615000
8303,2026-06-07,08:44,2,8,95000,760000
8304,2026-06-07,14:27,3,20,72000,1440000
8305,2026-06-07,07:58,4,8,62000,496000
8306,2026-06-07,20:40,5,14,36000,504000
8307,2026-06-07,20:35,6,12,18000,216000
8308,2026-06-07,18:24,7,6,17000,102000
8309,2026-06-07,08:00,7,2,17000,34000
8310,2026-06-07,15:05,7,1,17000,17000
8311,2026-06-07,12:24,8,1,5000,5000
8312,2026-06-07,19:05,8,1,5000,5000
8313,2026-06-07,21:46,9,41,4000,164000
8314,2026-06-07,15:18,10,43,2000,86000
8315,2026-06-07,17:05,11,3,12000,36000
8316,2026-06-07,16:32,11,1,12000,12000
8317,2026-06-07,19:03,11,1,12000,12000
8318,2026-06-07,13:50,12,3,5000,15000
8319,2026-06-07,19:49,12,5,5000,25000
8320,2026-06-07,09:12,13,21,1500,31500
8321,2026-06-07,12:19,13,10,1500,15000
8322,2026-06-07,16:20,14,11,30000,330000
8323,2026-06-07,07:00,15,4,31000,124000
8324,2026-06-07,10:46,15,15,31000,465000
8325,2026-06-07,14:53,16,1,2500,2500
8326,2026-06-07,19:25,16,9,2500,22500
8327,2026-06-07,20:52,17,1,16000,16000
8328,2026-06-07,11:21,17,3,16000,48000
8329,2026-06-07,18:37,17,2,16000,32000
8330,2026-06-07,20:04,18,5,3500,17500
8331,2026-06-07,21:44,19,14,5500,77000
8332,2026-06-07,13:57,20,6,10000,60000
8333,2026-06-08,11:05,1,4,95000,380000
8334,2026-06-08,08:00,1,3,95000,285000
8335,2026-06-08,11:55,2,2,95000,190000
8336,2026-06-08,08:45,2,1,95000,95000
8337,2026-06-08,08:45,2,1,95000,95000
8338,2026-06-08,11:00,3,4,72000,288000
8339,2026-06-08,19:28,3,7,72000,504000
8340,2026-06-08,08:25,4,9,62000,558000
8341,2026-06-08,11:49,5,10,36000,360000
8342,2026-06-08,16:30,5,1,36000,36000
8343,2026-06-08,16:00,6,14,18000,252000
8344,2026-06-08,15:48,7,6,17000,102000
8345,2026-06-08,13:35,8,15,5000,75000
8346,2026-06-08,15:09,9,27,4000,108000
8347,2026-06-08,18:36,10,25,2000,50000
8348,2026-06-08,13:10,11,7,12000,84000
8349,2026-06-08,14:50,12,12,5000,60000
8350,2026-06-08,10:34,13,37,1500,55500
8351,2026-06-08,15:33,14,8,30000,240000
8352,2026-06-08,08:30,15,10,31000,310000
8353,2026-06-08,15:43,15,3,31000,93000
8354,2026-06-08,19:39,16,2,2500,5000
8355,2026-06-08,08:23,16,2,2500,5000
8356,2026-06-08,19:37,17,3,16000,48000
8357,2026-06-08,12:29,18,5,3500,17500
8358,2026-06-08,14:57,19,10,5500,55000
8359,2026-06-08,13:01,19,1,5500,5500
8360,2026-06-08,09:01,20,1,10000,10000
8361,2026-06-08,08:08,20,3,10000,30000
8362,2026-06-09,18:48,1,7,95000,665000
8363,2026-06-09,13:00,2,1,95000,95000
8364,2026-06-09,11:05,2,1,95000,95000
8365,2026-06-09,15:54,2,1,95000,95000
8366,2026-06-09,21:36,3,9,72000,648000
8367,2026-06-09,09:04,4,8,62000,496000
8368,2026-06-09,12:32,5,6,36000,216000
8369,2026-06-09,12:07,5,8,36000,288000
8370,2026-06-09,14:18,6,13,18000,234000
8371,2026-06-09,14:18,7,3,17000,51000
8372,2026-06-09,13:38,7,6,17000,102000
8373,2026-06-09,08:06,8,24,5000,120000
8374,2026-06-09,19:53,9,16,4000,64000
8375,2026-06-09,11:05,10,5,2000,10000
8376,2026-06-09,16:45,10,22,2000,44000
8377,2026-06-09,09:27,11,4,12000,48000
8378,2026-06-09,09:09,12,10,5000,50000
8379,2026-06-09,12:32,13,16,1500,24000
8380,2026-06-09,16:04,13,15,1500,22500
8381,2026-06-09,19:45,14,8,30000,240000
8382,2026-06-09,18:46,15,5,31000,155000
8383,2026-06-09,12:17,15,7,31000,217000
8384,2026-06-09,12:43,16,4,2500,10000
8385,2026-06-09,11:23,16,18,2500,45000
8386,2026-06-09,14:53,16,2,2500,5000
8387,2026-06-09,13:49,17,3,16000,48000
8388,2026-06-09,15:08,17,4,16000,64000
8389,2026-06-09,16:09,18,4,3500,14000
8390,2026-06-09,20:23,19,8,5500,44000
8391,2026-06-09,07:45,20,5,10000,50000
8392,2026-06-10,18:03,1,9,95000,855000
8393,2026-06-10,13:14,2,4,95000,380000
8394,2026-06-10,11:03,3,1,72000,72000
8395,2026-06-10,14:10,3,1,72000,72000
8396,2026-06-10,10:52,3,1,72000,72000
8397,2026-06-10,20:55,4,9,62000,558000
8398,2026-06-10,09:32,5,11,36000,396000
8399,2026-06-10,15:39,6,6,18000,108000
8400,2026-06-10,18:56,7,7,17000,119000
8401,2026-06-10,07:05,8,1,5000,5000
8402,2026-06-10,14:33,8,26,5000,130000
8403,2026-06-10,20:33,9,30,4000,120000
8404,2026-06-10,09:10,9,1,4000,4000
8405,2026-06-10,14:15,10,23,2000,46000
8406,2026-06-10,08:08,10,9,2000,18000
8407,2026-06-10,21:34,11,1,12000,12000
8408,2026-06-10,21:59,11,2,12000,24000
8409,2026-06-10,19:49,11,2,12000,24000
8410,2026-06-10,14:04,12,8,5000,40000
8411,2026-06-10,12:35,13,29,1500,43500
8412,2026-06-10,08:07,14,1,30000,30000
8413,2026-06-10,16:23,14,10,30000,300000
8414,2026-06-10,20:29,15,10,31000,310000
8415,2026-06-10,21:51,15,1,31000,31000
8416,2026-06-10,08:52,15,1,31000,31000
8417,2026-06-10,09:27,16,6,2500,15000
8418,2026-06-10,08:47,16,9,2500,22500
8419,2026-06-10,10:52,17,3,16000,48000
8420,2026-06-10,20:50,17,2,16000,32000
8421,2026-06-10,20:36,18,5,3500,17500
8422,2026-06-10,07:02,19,14,5500,77000
8423,2026-06-10,19:27,20,3,10000,30000
8424,2026-06-11,17:00,1,7,95000,665000
8425,2026-06-11,14:16,2,3,95000,285000
8426,2026-06-11,16:50,3,2,72000,144000
8427,2026-06-11,11:35,3,9,72000,648000
8428,2026-06-11,18:20,3,1,72000,72000
8429,2026-06-11,19:41,4,1,62000,62000
8430,2026-06-11,09:51,4,2,62000,124000
8431,2026-06-11,14:26,5,8,36000,288000
8432,2026-06-11,16:13,6,7,18000,126000
8433,2026-06-11,12:08,7,7,17000,119000
8434,2026-06-11,16:16,7,3,17000,51000
8435,2026-06-11,14:49,8,22,5000,110000
8436,2026-06-11,20:46,9,10,4000,40000
8437,2026-06-11,16:50,10,35,2000,70000
8438,2026-06-11,14:12,11,3,12000,36000
8439,2026-06-11,19:19,11,8,12000,96000
8440,2026-06-11,10:57,12,1,5000,5000
8441,2026-06-11,19:46,12,7,5000,35000
8442,2026-06-11,11:21,13,2,1500,3000
8443,2026-06-11,07:09,13,23,1500,34500
8444,2026-06-11,15:42,14,15,30000,450000
8445,2026-06-11,17:11,15,4,31000,124000
8446,2026-06-11,08:29,15,7,31000,217000
8447,2026-06-11,21:50,16,7,2500,17500
8448,2026-06-11,19:46,16,13,2500,32500
8449,2026-06-11,11:33,17,4,16000,64000
8450,2026-06-11,10:21,18,7,3500,24500
8451,2026-06-11,20:58,18,1,3500,3500
8452,2026-06-11,15:03,19,11,5500,60500
8453,2026-06-11,11:34,20,4,10000,40000
8454,2026-06-12,18:27,1,5,95000,475000
8455,2026-06-12,16:35,2,4,95000,380000
8456,2026-06-12,18:16,3,8,72000,576000
8457,2026-06-12,15:12,4,5,62000,310000
8458,2026-06-12,15:19,4,2,62000,124000
8459,2026-06-12,13:58,5,3,36000,108000
8460,2026-06-12,19:58,5,2,36000,72000
8461,2026-06-12,17:54,5,3,36000,108000
8462,2026-06-12,21:08,6,7,18000,126000
8463,2026-06-12,12:21,7,11,17000,187000
8464,2026-06-12,20:28,8,14,5000,70000
8465,2026-06-12,12:28,9,1,4000,4000
8466,2026-06-12,16:21,9,7,4000,28000
8467,2026-06-12,12:05,9,5,4000,20000
8468,2026-06-12,13:10,10,23,2000,46000
8469,2026-06-12,09:46,11,6,12000,72000
8470,2026-06-12,15:59,12,1,5000,5000
8471,2026-06-12,12:57,12,2,5000,10000
8472,2026-06-12,07:31,13,4,1500,6000
8473,2026-06-12,17:44,13,28,1500,42000
8474,2026-06-12,07:42,14,5,30000,150000
8475,2026-06-12,10:06,15,4,31000,124000
8476,2026-06-12,08:06,15,15,31000,465000
8477,2026-06-12,14:49,15,1,31000,31000
8478,2026-06-12,13:06,16,23,2500,57500
8479,2026-06-12,09:21,17,1,16000,16000
8480,2026-06-12,19:18,17,2,16000,32000
8481,2026-06-12,17:24,18,2,3500,7000
8482,2026-06-12,07:43,18,2,3500,7000
8483,2026-06-12,17:01,19,3,5500,16500
8484,2026-06-12,13:45,19,6,5500,33000
8485,2026-06-12,12:52,20,2,10000,20000
8486,2026-06-12,21:59,20,3,10000,30000
8487,2026-06-13,08:43,1,11,95000,1045000
8488,2026-06-13,07:57,2,6,95000,570000
8489,2026-06-13,09:11,3,14,72000,1008000
8490,2026-06-13,12:50,4,6,62000,372000
8491,2026-06-13,20:03,5,6,36000,216000
8492,2026-06-13,07:10,5,4,36000,144000
8493,2026-06-13,08:20,6,1,18000,18000
8494,2026-06-13,08:21,6,4,18000,72000
8495,2026-06-13,18:59,7,13,17000,221000
8496,2026-06-13,21:22,8,29,5000,145000
8497,2026-06-13,14:40,9,21,4000,84000
8498,2026-06-13,21:39,9,1,4000,4000
8499,2026-06-13,12:02,9,1,4000,4000
8500,2026-06-13,07:53,10,47,2000,94000
8501,2026-06-13,19:28,11,7,12000,84000
8502,2026-06-13,14:38,12,2,5000,10000
8503,2026-06-13,15:03,12,4,5000,20000
8504,2026-06-13,17:01,13,38,1500,57000
8505,2026-06-13,21:14,13,6,1500,9000
8506,2026-06-13,17:48,13,3,1500,4500
8507,2026-06-13,07:25,14,1,30000,30000
8508,2026-06-13,11:43,14,10,30000,300000
8509,2026-06-13,19:46,15,5,31000,155000
8510,2026-06-13,07:13,15,11,31000,341000
8511,2026-06-13,08:00,16,19,2500,47500
8512,2026-06-13,11:22,16,1,2500,2500
8513,2026-06-13,07:56,17,6,16000,96000
8514,2026-06-13,07:32,18,5,3500,17500
8515,2026-06-13,11:04,19,13,5500,71500
8516,2026-06-13,08:34,19,3,5500,16500
8517,2026-06-13,16:58,20,2,10000,20000
8518,2026-06-14,10:41,1,9,95000,855000
8519,2026-06-14,16:39,2,10,95000,950000
8520,2026-06-14,12:22,3,9,72000,648000
8521,2026-06-14,19:48,3,2,72000,144000
8522,2026-06-14,12:43,4,6,62000,372000
8523,2026-06-14,09:02,5,10,36000,360000
8524,2026-06-14,08:02,6,9,18000,162000
8525,2026-06-14,14:36,7,4,17000,68000
8526,2026-06-14,07:25,8,1,5000,5000
8527,2026-06-14,16:27,8,21,5000,105000
8528,2026-06-14,21:58,8,2,5000,10000
8529,2026-06-14,08:34,9,2,4000,8000
8530,2026-06-14,13:45,9,30,4000,120000
8531,2026-06-14,11:02,10,29,2000,58000
8532,2026-06-14,14:32,11,2,12000,24000
8533,2026-06-14,11:44,11,4,12000,48000
8534,2026-06-14,21:13,12,6,5000,30000
8535,2026-06-14,17:12,12,2,5000,10000
8536,2026-06-14,11:19,13,48,1500,72000
8537,2026-06-14,12:55,14,9,30000,270000
8538,2026-06-14,07:25,15,13,31000,403000
8539,2026-06-14,13:48,16,21,2500,52500
8540,2026-06-14,12:20,17,2,16000,32000
8541,2026-06-14,07:13,17,4,16000,64000
8542,2026-06-14,12:53,18,8,3500,28000
8543,2026-06-14,14:13,19,10,5500,55000
8544,2026-06-14,09:57,20,2,10000,20000
8545,2026-06-14,13:11,20,2,10000,20000
8546,2026-06-14,11:06,20,1,10000,10000
8547,2026-06-15,11:11,1,8,95000,760000
8548,2026-06-15,17:11,2,3,95000,285000
8549,2026-06-15,18:49,3,10,72000,720000
8550,2026-06-15,09:14,3,2,72000,144000
8551,2026-06-15,12:54,4,2,62000,124000
8552,2026-06-15,08:04,4,1,62000,62000
8553,2026-06-15,19:02,5,5,36000,180000
8554,2026-06-15,17:57,6,15,18000,270000
8555,2026-06-15,17:02,7,7,17000,119000
8556,2026-06-15,12:15,7,1,17000,17000
8557,2026-06-15,19:34,8,19,5000,95000
8558,2026-06-15,13:32,9,21,4000,84000
8559,2026-06-15,07:09,10,17,2000,34000
8560,2026-06-15,08:24,11,1,12000,12000
8561,2026-06-15,13:28,11,4,12000,48000
8562,2026-06-15,09:39,12,5,5000,25000
8563,2026-06-15,21:58,13,19,1500,28500
8564,2026-06-15,14:21,13,11,1500,16500
8565,2026-06-15,19:56,13,10,1500,15000
8566,2026-06-15,20:36,14,2,30000,60000
8567,2026-06-15,20:11,14,1,30000,30000
8568,2026-06-15,08:10,14,1,30000,30000
8569,2026-06-15,16:49,15,14,31000,434000
8570,2026-06-15,09:25,16,13,2500,32500
8571,2026-06-15,20:15,17,4,16000,64000
8572,2026-06-15,19:56,18,5,3500,17500
8573,2026-06-15,07:56,19,8,5500,44000
8574,2026-06-15,12:22,20,4,10000,40000
8575,2026-06-15,15:11,20,2,10000,20000
8576,2026-06-16,14:29,1,8,95000,760000
8577,2026-06-16,07:58,2,2,95000,190000
8578,2026-06-16,14:07,2,3,95000,285000
8579,2026-06-16,12:53,3,9,72000,648000
8580,2026-06-16,18:48,4,4,62000,248000
8581,2026-06-16,09:12,5,10,36000,360000
8582,2026-06-16,09:06,6,12,18000,216000
8583,2026-06-16,08:22,7,3,17000,51000
8584,2026-06-16,21:58,7,7,17000,119000
8585,2026-06-16,08:33,8,17,5000,85000
8586,2026-06-16,14:46,9,23,4000,92000
8587,2026-06-16,12:36,10,12,2000,24000
8588,2026-06-16,08:49,11,9,12000,108000
8589,2026-06-16,13:13,12,7,5000,35000
8590,2026-06-16,12:35,13,35,1500,52500
8591,2026-06-16,18:37,14,5,30000,150000
8592,2026-06-16,18:29,15,10,31000,310000
8593,2026-06-16,18:30,15,5,31000,155000
8594,2026-06-16,18:06,16,12,2500,30000
8595,2026-06-16,15:02,17,4,16000,64000
8596,2026-06-16,21:15,18,3,3500,10500
8597,2026-06-16,14:34,18,2,3500,7000
8598,2026-06-16,08:35,19,4,5500,22000
8599,2026-06-16,13:38,19,6,5500,33000
8600,2026-06-16,19:32,20,4,10000,40000
8601,2026-06-16,11:21,20,1,10000,10000
8602,2026-06-16,21:19,20,1,10000,10000
8603,2026-06-17,15:08,1,1,95000,95000
8604,2026-06-17,09:46,1,4,95000,380000
8605,2026-06-17,07:03,2,1,95000,95000
8606,2026-06-17,09:35,2,2,95000,190000
8607,2026-06-17,11:34,3,13,72000,936000
8608,2026-06-17,21:53,4,11,62000,682000
8609,2026-06-17,09:03,5,2,36000,72000
8610,2026-06-17,11:05,5,6,36000,216000
8611,2026-06-17,11:17,5,1,36000,36000
8612,2026-06-17,11:41,6,16,18000,288000
8613,2026-06-17,09:59,7,8,17000,136000
8614,2026-06-17,18:07,8,17,5000,85000
8615,2026-06-17,08:26,8,13,5000,65000
8616,2026-06-17,16:45,9,6,4000,24000
8617,2026-06-17,10:44,9,3,4000,12000
8618,2026-06-17,07:43,9,1,4000,4000
8619,2026-06-17,17:47,10,25,2000,50000
8620,2026-06-17,07:40,11,2,12000,24000
8621,2026-06-17,07:17,12,1,5000,5000
8622,2026-06-17,10:54,13,23,1500,34500
8623,2026-06-17,09:08,13,3,1500,4500
8624,2026-06-17,18:28,13,6,1500,9000
8625,2026-06-17,20:59,14,8,30000,240000
8626,2026-06-17,21:06,15,14,31000,434000
8627,2026-06-17,18:12,16,19,2500,47500
8628,2026-06-17,19:48,17,8,16000,128000
8629,2026-06-17,08:26,18,5,3500,17500
8630,2026-06-17,07:26,19,11,5500,60500
8631,2026-06-17,10:00,20,4,10000,40000
8632,2026-06-18,07:22,1,7,95000,665000
8633,2026-06-18,18:50,1,1,95000,95000
8634,2026-06-18,21:53,2,4,95000,380000
8635,2026-06-18,14:22,3,10,72000,720000
8636,2026-06-18,16:06,4,10,62000,620000
8637,2026-06-18,09:49,5,4,36000,144000
8638,2026-06-18,08:43,5,8,36000,288000
8639,2026-06-18,09:38,6,14,18000,252000
8640,2026-06-18,17:56,7,3,17000,51000
8641,2026-06-18,08:30,8,12,5000,60000
8642,2026-06-18,11:24,8,3,5000,15000
8643,2026-06-18,20:10,9,3,4000,12000
8644,2026-06-18,16:47,9,36,4000,144000
8645,2026-06-18,19:01,10,7,2000,14000
8646,2026-06-18,11:15,10,2,2000,4000
8647,2026-06-18,20:47,10,14,2000,28000
8648,2026-06-18,11:04,11,8,12000,96000
8649,2026-06-18,09:09,12,7,5000,35000
8650,2026-06-18,16:05,12,4,5000,20000
8651,2026-06-18,08:26,13,7,1500,10500
8652,2026-06-18,14:00,13,24,1500,36000
8653,2026-06-18,12:25,14,5,30000,150000
8654,2026-06-18,12:53,15,7,31000,217000
8655,2026-06-18,21:25,16,24,2500,60000
8656,2026-06-18,19:56,17,2,16000,32000
8657,2026-06-18,10:44,18,4,3500,14000
8658,2026-06-18,13:59,18,2,3500,7000
8659,2026-06-18,16:32,19,5,5500,27500
8660,2026-06-18,12:03,20,2,10000,20000
8661,2026-06-18,11:37,20,2,10000,20000
8662,2026-06-19,19:50,1,8,95000,760000
8663,2026-06-19,17:02,2,5,95000,475000
8664,2026-06-19,13:25,3,8,72000,576000
8665,2026-06-19,16:49,4,6,62000,372000
8666,2026-06-19,10:45,4,2,62000,124000
8667,2026-06-19,10:36,4,1,62000,62000
8668,2026-06-19,07:19,5,8,36000,288000
8669,2026-06-19,09:29,6,4,18000,72000
8670,2026-06-19,10:08,6,2,18000,36000
8671,2026-06-19,09:27,7,4,17000,68000
8672,2026-06-19,21:53,7,4,17000,68000
8673,2026-06-19,11:09,8,18,5000,90000
8674,2026-06-19,19:26,9,23,4000,92000
8675,2026-06-19,17:35,10,22,2000,44000
8676,2026-06-19,18:20,10,13,2000,26000
8677,2026-06-19,09:06,11,5,12000,60000
8678,2026-06-19,17:56,12,5,5000,25000
8679,2026-06-19,07:34,12,2,5000,10000
8680,2026-06-19,17:39,13,20,1500,30000
8681,2026-06-19,08:47,13,1,1500,1500
8682,2026-06-19,09:40,14,7,30000,210000
8683,2026-06-19,10:46,14,3,30000,90000
8684,2026-06-19,20:45,15,15,31000,465000
8685,2026-06-19,16:36,16,17,2500,42500
8686,2026-06-19,10:12,18,3,3500,10500
8687,2026-06-19,15:21,18,5,3500,17500
8688,2026-06-19,18:18,19,2,5500,11000
8689,2026-06-19,14:11,19,3,5500,16500
8690,2026-06-19,07:23,20,3,10000,30000
8691,2026-06-19,15:15,20,1,10000,10000
8692,2026-06-20,11:12,1,12,95000,1140000
8693,2026-06-20,08:05,2,1,95000,95000
8694,2026-06-20,18:53,2,1,95000,95000
8695,2026-06-20,12:54,2,1,95000,95000
8696,2026-06-20,13:01,3,8,72000,576000
8697,2026-06-20,12:46,3,1,72000,72000
8698,2026-06-20,20:29,4,2,62000,124000
8699,2026-06-20,21:44,5,7,36000,252000
8700,2026-06-20,16:43,5,6,36000,216000
8701,2026-06-20,12:50,6,12,18000,216000
8702,2026-06-20,16:45,7,18,17000,306000
8703,2026-06-20,18:49,8,9,5000,45000
8704,2026-06-20,21:58,8,8,5000,40000
8705,2026-06-20,12:15,9,7,4000,28000
8706,2026-06-20,13:23,9,15,4000,60000
8707,2026-06-20,20:17,10,24,2000,48000
8708,2026-06-20,21:46,11,7,12000,84000
8709,2026-06-20,15:24,12,7,5000,35000
8710,2026-06-20,10:57,13,5,1500,7500
8711,2026-06-20,11:08,13,28,1500,42000
8712,2026-06-20,08:11,13,11,1500,16500
8713,2026-06-20,12:01,14,6,30000,180000
8714,2026-06-20,21:00,15,11,31000,341000
8715,2026-06-20,21:53,16,10,2500,25000
8716,2026-06-20,20:21,18,2,3500,7000
8717,2026-06-20,09:48,18,1,3500,3500
8718,2026-06-20,13:38,18,2,3500,7000
8719,2026-06-20,19:23,19,12,5500,66000
8720,2026-06-20,13:19,20,4,10000,40000
8721,2026-06-21,08:54,1,3,95000,285000
8722,2026-06-21,21:15,1,12,95000,1140000
8723,2026-06-21,20:17,2,9,95000,855000
8724,2026-06-21,12:49,3,13,72000,936000
8725,2026-06-21,11:11,4,1,62000,62000
8726,2026-06-21,13:07,4,2,62000,124000
8727,2026-06-21,17:16,5,3,36000,108000
8728,2026-06-21,17:34,5,1,36000,36000
8729,2026-06-21,16:12,5,5,36000,180000
8730,2026-06-21,21:10,6,12,18000,216000
8731,2026-06-21,11:49,7,7,17000,119000
8732,2026-06-21,12:56,7,1,17000,17000
8733,2026-06-21,11:13,7,1,17000,17000
8734,2026-06-21,14:36,8,2,5000,10000
8735,2026-06-21,13:14,8,18,5000,90000
8736,2026-06-21,10:06,9,15,4000,60000
8737,2026-06-21,21:43,9,9,4000,36000
8738,2026-06-21,17:43,10,1,2000,2000
8739,2026-06-21,18:07,10,18,2000,36000
8740,2026-06-21,14:33,10,7,2000,14000
8741,2026-06-21,09:59,11,2,12000,24000
8742,2026-06-21,08:05,11,3,12000,36000
8743,2026-06-21,15:28,12,9,5000,45000
8744,2026-06-21,21:35,13,42,1500,63000
8745,2026-06-21,09:13,14,7,30000,210000
8746,2026-06-21,17:17,15,19,31000,589000
8747,2026-06-21,13:56,16,3,2500,7500
8748,2026-06-21,21:32,16,13,2500,32500
8749,2026-06-21,11:54,17,1,16000,16000
8750,2026-06-21,17:41,17,1,16000,16000
8751,2026-06-21,07:07,18,4,3500,14000
8752,2026-06-21,14:12,18,3,3500,10500
8753,2026-06-21,20:41,19,3,5500,16500
8754,2026-06-21,21:52,19,6,5500,33000
8755,2026-06-21,13:50,20,5,10000,50000
8756,2026-06-21,12:56,20,1,10000,10000
8757,2026-06-22,10:57,1,1,95000,95000
8758,2026-06-22,14:29,1,1,95000,95000
8759,2026-06-22,16:27,2,7,95000,665000
8760,2026-06-22,12:26,3,14,72000,1008000
8761,2026-06-22,14:00,4,3,62000,186000
8762,2026-06-22,21:03,5,6,36000,216000
8763,2026-06-22,21:48,6,2,18000,36000
8764,2026-06-22,17:44,6,19,18000,342000
8765,2026-06-22,09:52,7,7,17000,119000
8766,2026-06-22,15:04,8,12,5000,60000
8767,2026-06-22,21:23,9,7,4000,28000
8768,2026-06-22,15:42,10,22,2000,44000
8769,2026-06-22,21:09,11,1,12000,12000
8770,2026-06-22,14:54,11,1,12000,12000
8771,2026-06-22,17:11,11,3,12000,36000
8772,2026-06-22,11:11,12,2,5000,10000
8773,2026-06-22,12:29,12,7,5000,35000
8774,2026-06-22,08:27,13,7,1500,10500
8775,2026-06-22,07:38,13,12,1500,18000
8776,2026-06-22,16:44,14,3,30000,90000
8777,2026-06-22,21:13,15,13,31000,403000
8778,2026-06-22,19:25,15,3,31000,93000
8779,2026-06-22,17:44,16,26,2500,65000
8780,2026-06-22,09:58,17,1,16000,16000
8781,2026-06-22,08:12,18,7,3500,24500
8782,2026-06-22,12:22,19,10,5500,55000
8783,2026-06-22,19:25,20,5,10000,50000
8784,2026-06-22,09:58,20,1,10000,10000
8785,2026-06-23,17:11,1,5,95000,475000
8786,2026-06-23,16:46,1,2,95000,190000
8787,2026-06-23,19:15,3,8,72000,576000
8788,2026-06-23,12:08,3,3,72000,216000
8789,2026-06-23,20:57,4,6,62000,372000
8790,2026-06-23,20:42,4,3,62000,186000
8791,2026-06-23,09:10,5,2,36000,72000
8792,2026-06-23,09:40,5,5,36000,180000
8793,2026-06-23,10:44,6,8,18000,144000
8794,2026-06-23,16:12,6,4,18000,72000
8795,2026-06-23,16:11,7,5,17000,85000
8796,2026-06-23,07:18,7,3,17000,51000
8797,2026-06-23,14:44,9,33,4000,132000
8798,2026-06-23,19:22,10,8,2000,16000
8799,2026-06-23,10:08,10,10,2000,20000
8800,2026-06-23,13:05,11,7,12000,84000
8801,2026-06-23,07:30,12,7,5000,35000
8802,2026-06-23,21:03,13,39,1500,58500
8803,2026-06-23,14:02,14,9,30000,270000
8804,2026-06-23,13:38,15,14,31000,434000
8805,2026-06-23,08:48,16,14,2500,35000
8806,2026-06-23,09:53,17,5,16000,80000
8807,2026-06-23,07:06,18,1,3500,3500
8808,2026-06-23,07:31,18,1,3500,3500
8809,2026-06-23,13:06,19,12,5500,66000
8810,2026-06-23,20:52,20,3,10000,30000
8811,2026-06-24,17:35,1,4,95000,380000
8812,2026-06-24,17:11,1,5,95000,475000
8813,2026-06-24,18:05,1,2,95000,190000
8814,2026-06-24,21:45,2,2,95000,190000
8815,2026-06-24,19:16,2,2,95000,190000
8816,2026-06-24,15:55,2,1,95000,95000
8817,2026-06-24,13:30,3,13,72000,936000
8818,2026-06-24,14:48,4,7,62000,434000
8819,2026-06-24,09:13,5,5,36000,180000
8820,2026-06-24,09:10,6,4,18000,72000
8821,2026-06-24,21:45,6,2,18000,36000
8822,2026-06-24,15:01,6,4,18000,72000
8823,2026-06-24,11:09,7,5,17000,85000
8824,2026-06-24,12:35,7,5,17000,85000
8825,2026-06-24,20:42,8,5,5000,25000
8826,2026-06-24,17:40,8,12,5000,60000
8827,2026-06-24,20:11,8,2,5000,10000
8828,2026-06-24,12:25,9,29,4000,116000
8829,2026-06-24,09:52,10,28,2000,56000
8830,2026-06-24,10:23,11,2,12000,24000
8831,2026-06-24,17:03,11,1,12000,12000
8832,2026-06-24,19:46,12,2,5000,10000
8833,2026-06-24,14:55,12,3,5000,15000
8834,2026-06-24,19:15,12,1,5000,5000
8835,2026-06-24,17:07,13,30,1500,45000
8836,2026-06-24,11:25,14,1,30000,30000
8837,2026-06-24,11:06,15,16,31000,496000
8838,2026-06-24,20:15,15,4,31000,124000
8839,2026-06-24,17:20,16,22,2500,55000
8840,2026-06-24,15:19,17,5,16000,80000
8841,2026-06-24,09:00,18,2,3500,7000
8842,2026-06-24,21:42,18,1,3500,3500
8843,2026-06-24,19:24,19,14,5500,77000
8844,2026-06-24,17:03,20,8,10000,80000
8845,2026-06-25,11:42,1,4,95000,380000
8846,2026-06-25,16:53,2,6,95000,570000
8847,2026-06-25,12:24,3,11,72000,792000
8848,2026-06-25,08:20,3,1,72000,72000
8849,2026-06-25,07:23,4,2,62000,124000
8850,2026-06-25,12:16,4,1,62000,62000
8851,2026-06-25,19:11,5,11,36000,396000
8852,2026-06-25,12:05,6,11,18000,198000
8853,2026-06-25,13:46,6,1,18000,18000
8854,2026-06-25,11:04,6,5,18000,90000
8855,2026-06-25,19:58,7,7,17000,119000
8856,2026-06-25,13:17,8,11,5000,55000
8857,2026-06-25,07:36,8,14,5000,70000
8858,2026-06-25,18:24,9,2,4000,8000
8859,2026-06-25,16:13,9,5,4000,20000
8860,2026-06-25,16:20,9,3,4000,12000
8861,2026-06-25,14:22,10,13,2000,26000
8862,2026-06-25,14:51,11,1,12000,12000
8863,2026-06-25,07:51,11,5,12000,60000
8864,2026-06-25,11:10,12,8,5000,40000
8865,2026-06-25,09:42,13,24,1500,36000
8866,2026-06-25,16:55,14,10,30000,300000
8867,2026-06-25,09:46,15,2,31000,62000
8868,2026-06-25,17:05,15,14,31000,434000
8869,2026-06-25,08:12,16,25,2500,62500
8870,2026-06-25,19:45,17,3,16000,48000
8871,2026-06-25,16:25,18,7,3500,24500
8872,2026-06-25,16:41,19,8,5500,44000
8873,2026-06-25,07:36,20,8,10000,80000
8874,2026-06-26,08:10,1,4,95000,380000
8875,2026-06-26,13:31,1,1,95000,95000
8876,2026-06-26,21:30,1,1,95000,95000
8877,2026-06-26,19:38,2,8,95000,760000
8878,2026-06-26,14:41,3,3,72000,216000
8879,2026-06-26,13:43,3,3,72000,216000
8880,2026-06-26,19:01,3,6,72000,432000
8881,2026-06-26,12:44,4,4,62000,248000
8882,2026-06-26,15:34,5,13,36000,468000
8883,2026-06-26,15:26,6,11,18000,198000
8884,2026-06-26,12:15,6,3,18000,54000
8885,2026-06-26,17:43,7,4,17000,68000
8886,2026-06-26,16:57,7,6,17000,102000
8887,2026-06-26,10:07,8,23,5000,115000
8888,2026-06-26,16:05,8,1,5000,5000
8889,2026-06-26,17:49,8,1,5000,5000
8890,2026-06-26,11:12,9,24,4000,96000
8891,2026-06-26,15:43,10,20,2000,40000
8892,2026-06-26,17:21,11,5,12000,60000
8893,2026-06-26,09:14,11,3,12000,36000
8894,2026-06-26,07:10,12,8,5000,40000
8895,2026-06-26,08:22,13,35,1500,52500
8896,2026-06-26,14:51,14,1,30000,30000
8897,2026-06-26,13:17,14,1,30000,30000
8898,2026-06-26,19:58,15,10,31000,310000
8899,2026-06-26,11:30,15,4,31000,124000
8900,2026-06-26,07:45,15,2,31000,62000
8901,2026-06-26,09:26,16,16,2500,40000
8902,2026-06-26,11:19,17,4,16000,64000
8903,2026-06-26,15:42,17,1,16000,16000
8904,2026-06-26,19:27,17,1,16000,16000
8905,2026-06-26,11:36,18,7,3500,24500
8906,2026-06-26,14:59,19,10,5500,55000
8907,2026-06-26,08:26,20,5,10000,50000
8908,2026-06-27,21:22,1,4,95000,380000
8909,2026-06-27,13:44,1,3,95000,285000
8910,2026-06-27,07:01,2,5,95000,475000
8911,2026-06-27,13:15,2,3,95000,285000
8912,2026-06-27,12:20,2,2,95000,190000
8913,2026-06-27,10:02,3,16,72000,1152000
8914,2026-06-27,16:47,3,5,72000,360000
8915,2026-06-27,11:36,4,8,62000,496000
8916,2026-06-27,09:29,5,16,36000,576000
8917,2026-06-27,08:56,6,12,18000,216000
8918,2026-06-27,12:08,7,6,17000,102000
8919,2026-06-27,16:44,7,2,17000,34000
8920,2026-06-27,12:13,8,27,5000,135000
8921,2026-06-27,12:37,9,34,4000,136000
8922,2026-06-27,07:11,10,26,2000,52000
8923,2026-06-27,08:10,11,8,12000,96000
8924,2026-06-27,14:26,12,9,5000,45000
8925,2026-06-27,11:15,13,14,1500,21000
8926,2026-06-27,08:54,13,15,1500,22500
8927,2026-06-27,11:58,14,12,30000,360000
8928,2026-06-27,20:35,15,18,31000,558000
8929,2026-06-27,16:25,16,11,2500,27500
8930,2026-06-27,12:59,16,13,2500,32500
8931,2026-06-27,17:27,17,7,16000,112000
8932,2026-06-27,12:48,18,3,3500,10500
8933,2026-06-27,21:59,19,16,5500,88000
8934,2026-06-27,10:19,20,3,10000,30000
8935,2026-06-28,19:57,1,1,95000,95000
8936,2026-06-28,11:39,1,6,95000,570000
8937,2026-06-28,16:59,2,5,95000,475000
8938,2026-06-28,19:38,3,4,72000,288000
8939,2026-06-28,10:53,3,7,72000,504000
8940,2026-06-28,11:37,4,3,62000,186000
8941,2026-06-28,14:18,4,3,62000,186000
8942,2026-06-28,21:17,5,10,36000,360000
8943,2026-06-28,07:33,6,9,18000,162000
8944,2026-06-28,19:43,6,10,18000,180000
8945,2026-06-28,09:14,7,3,17000,51000
8946,2026-06-28,07:37,7,6,17000,102000
8947,2026-06-28,13:08,8,12,5000,60000
8948,2026-06-28,18:59,9,31,4000,124000
8949,2026-06-28,10:36,9,10,4000,40000
8950,2026-06-28,17:49,10,18,2000,36000
8951,2026-06-28,21:33,10,4,2000,8000
8952,2026-06-28,21:17,11,6,12000,72000
8953,2026-06-28,09:06,12,9,5000,45000
8954,2026-06-28,09:03,13,37,1500,55500
8955,2026-06-28,18:11,13,2,1500,3000
8956,2026-06-28,08:55,13,1,1500,1500
8957,2026-06-28,07:30,14,14,30000,420000
8958,2026-06-28,21:54,15,17,31000,527000
8959,2026-06-28,10:18,16,17,2500,42500
8960,2026-06-28,12:21,17,7,16000,112000
8961,2026-06-28,14:51,17,2,16000,32000
8962,2026-06-28,20:49,18,6,3500,21000
8963,2026-06-28,10:00,19,13,5500,71500
8964,2026-06-28,11:36,20,7,10000,70000
8965,2026-06-29,11:24,1,8,95000,760000
8966,2026-06-29,16:14,2,1,95000,95000
8967,2026-06-29,16:03,2,3,95000,285000
8968,2026-06-29,20:01,2,1,95000,95000
8969,2026-06-29,18:55,3,19,72000,1368000
8970,2026-06-29,09:49,4,6,62000,372000
8971,2026-06-29,18:55,5,9,36000,324000
8972,2026-06-29,20:25,6,14,18000,252000
8973,2026-06-29,18:38,7,9,17000,153000
8974,2026-06-29,13:12,7,2,17000,34000
8975,2026-06-29,12:40,8,8,5000,40000
8976,2026-06-29,07:35,9,8,4000,32000
8977,2026-06-29,13:51,9,1,4000,4000
8978,2026-06-29,16:39,10,20,2000,40000
8979,2026-06-29,08:16,11,2,12000,24000
8980,2026-06-29,11:12,12,5,5000,25000
8981,2026-06-29,11:44,12,1,5000,5000
8982,2026-06-29,13:14,13,33,1500,49500
8983,2026-06-29,10:59,14,5,30000,150000
8984,2026-06-29,12:03,15,10,31000,310000
8985,2026-06-29,21:11,16,10,2500,25000
8986,2026-06-29,10:53,16,10,2500,25000
8987,2026-06-29,21:42,17,5,16000,80000
8988,2026-06-29,20:15,18,1,3500,3500
8989,2026-06-29,10:19,18,1,3500,3500
8990,2026-06-29,09:16,19,12,5500,66000
8991,2026-06-29,17:06,20,6,10000,60000
8992,2026-06-30,10:42,1,10,95000,950000
8993,2026-06-30,16:26,2,7,95000,665000
8994,2026-06-30,18:43,3,18,72000,1296000
8995,2026-06-30,19:52,4,4,62000,248000
8996,2026-06-30,15:53,4,2,62000,124000
8997,2026-06-30,15:50,5,10,36000,360000
8998,2026-06-30,16:55,6,6,18000,108000
8999,2026-06-30,11:24,6,2,18000,36000
9000,2026-06-30,19:37,6,4,18000,72000
9001,2026-06-30,08:41,7,2,17000,34000
9002,2026-06-30,17:31,7,6,17000,102000
9003,2026-06-30,14:56,7,1,17000,17000
9004,2026-06-30,14:16,8,27,5000,135000
9005,2026-06-30,07:19,9,13,4000,52000
9006,2026-06-30,12:03,10,18,2000,36000
9007,2026-06-30,15:50,11,8,12000,96000
9008,2026-06-30,07:10,12,6,5000,30000
9009,2026-06-30,09:52,12,4,5000,20000
9010,2026-06-30,11:27,13,27,1500,40500
9011,2026-06-30,09:28,14,10,30000,300000
9012,2026-06-30,20:48,15,12,31000,372000
9013,2026-06-30,21:48,15,4,31000,124000
9014,2026-06-30,10:08,16,29,2500,72500
9015,2026-06-30,09:39,17,4,16000,64000
9016,2026-06-30,09:01,18,1,3500,3500
9017,2026-06-30,09:21,18,6,3500,21000
9018,2026-06-30,08:13,19,19,5500,104500
9019,2026-06-30,07:14,20,5,10000,50000
9020,2026-07-01,10:16,1,9,95000,855000
9021,2026-07-01,14:04,2,7,95000,665000
9022,2026-07-01,17:57,3,2,72000,144000
9023,2026-07-01,13:50,3,10,72000,720000
9024,2026-07-01,21:52,4,13,62000,806000
9025,2026-07-01,20:27,5,12,36000,432000
9026,2026-07-01,14:39,6,14,18000,252000
9027,2026-07-01,20:20,7,7,17000,119000
9028,2026-07-01,10:57,7,1,17000,17000
9029,2026-07-01,11:41,8,6,5000,30000
9030,2026-07-01,12:13,8,22,5000,110000
9031,2026-07-01,21:11,9,31,4000,124000
9032,2026-07-01,20:31,10,19,2000,38000
9033,2026-07-01,09:15,10,3,2000,6000
9034,2026-07-01,07:13,10,2,2000,4000
9035,2026-07-01,21:50,11,8,12000,96000
9036,2026-07-01,09:34,12,5,5000,25000
9037,2026-07-01,08:51,13,36,1500,54000
9038,2026-07-01,18:51,14,10,30000,300000
9039,2026-07-01,14:45,15,1,31000,31000
9040,2026-07-01,09:10,15,3,31000,93000
9041,2026-07-01,17:51,15,19,31000,589000
9042,2026-07-01,07:56,16,17,2500,42500
9043,2026-07-01,14:52,17,2,16000,32000
9044,2026-07-01,21:53,18,4,3500,14000
9045,2026-07-01,11:42,18,1,3500,3500
9046,2026-07-01,18:49,19,4,5500,22000
9047,2026-07-01,08:53,19,2,5500,11000
9048,2026-07-01,12:52,20,6,10000,60000
9049,2026-07-01,11:26,20,1,10000,10000
9050,2026-07-01,08:39,20,1,10000,10000
9051,2026-07-02,21:55,1,10,95000,950000
9052,2026-07-02,09:59,1,3,95000,285000
9053,2026-07-02,13:23,2,6,95000,570000
9054,2026-07-02,15:55,3,8,72000,576000
9055,2026-07-02,21:28,3,10,72000,720000
9056,2026-07-02,17:30,4,8,62000,496000
9057,2026-07-02,15:55,5,6,36000,216000
9058,2026-07-02,21:04,5,5,36000,180000
9059,2026-07-02,12:38,6,14,18000,252000
9060,2026-07-02,16:50,7,9,17000,153000
9061,2026-07-02,13:48,8,7,5000,35000
9062,2026-07-02,15:18,8,2,5000,10000
9063,2026-07-02,18:47,9,17,4000,68000
9064,2026-07-02,09:15,9,10,4000,40000
9065,2026-07-02,17:12,10,28,2000,56000
9066,2026-07-02,19:04,11,8,12000,96000
9067,2026-07-02,09:05,12,2,5000,10000
9068,2026-07-02,08:03,12,7,5000,35000
9069,2026-07-02,14:32,13,33,1500,49500
9070,2026-07-02,18:22,14,6,30000,180000
9071,2026-07-02,19:58,15,9,31000,279000
9072,2026-07-02,18:39,15,4,31000,124000
9073,2026-07-02,07:42,15,4,31000,124000
9074,2026-07-02,20:03,16,3,2500,7500
9075,2026-07-02,20:52,16,15,2500,37500
9076,2026-07-02,14:18,16,10,2500,25000
9077,2026-07-02,16:09,17,1,16000,16000
9078,2026-07-02,12:06,17,1,16000,16000
9079,2026-07-02,16:39,18,7,3500,24500
9080,2026-07-02,12:11,19,12,5500,66000
9081,2026-07-02,18:56,20,4,10000,40000
9082,2026-07-03,14:06,1,1,95000,95000
9083,2026-07-03,09:11,1,6,95000,570000
9084,2026-07-03,14:24,2,6,95000,570000
9085,2026-07-03,10:35,3,4,72000,288000
9086,2026-07-03,14:11,3,5,72000,360000
9087,2026-07-03,12:54,4,8,62000,496000
9088,2026-07-03,09:07,5,8,36000,288000
9089,2026-07-03,13:43,6,21,18000,378000
9090,2026-07-03,19:16,7,16,17000,272000
9091,2026-07-03,17:24,8,14,5000,70000
9092,2026-07-03,21:12,9,7,4000,28000
9093,2026-07-03,18:47,9,22,4000,88000
9094,2026-07-03,15:52,10,22,2000,44000
9095,2026-07-03,11:18,11,9,12000,108000
9096,2026-07-03,21:57,12,5,5000,25000
9097,2026-07-03,15:53,13,20,1500,30000
9098,2026-07-03,15:31,13,18,1500,27000
9099,2026-07-03,16:59,14,6,30000,180000
9100,2026-07-03,11:29,15,16,31000,496000
9101,2026-07-03,09:00,16,15,2500,37500
9102,2026-07-03,17:24,17,5,16000,80000
9103,2026-07-03,19:32,17,1,16000,16000
9104,2026-07-03,16:49,18,1,3500,3500
9105,2026-07-03,20:20,18,4,3500,14000
9106,2026-07-03,17:28,19,13,5500,71500
9107,2026-07-03,16:44,20,5,10000,50000
9108,2026-07-04,17:42,1,7,95000,665000
9109,2026-07-04,10:10,1,4,95000,380000
9110,2026-07-04,21:38,1,1,95000,95000
9111,2026-07-04,10:17,2,4,95000,380000
9112,2026-07-04,09:28,2,3,95000,285000
9113,2026-07-04,19:10,3,8,72000,576000
9114,2026-07-04,09:58,3,3,72000,216000
9115,2026-07-04,12:36,3,2,72000,144000
9116,2026-07-04,13:05,4,9,62000,558000
9117,2026-07-04,15:05,5,12,36000,432000
9118,2026-07-04,09:51,5,6,36000,216000
9119,2026-07-04,17:23,6,1,18000,18000
9120,2026-07-04,16:46,6,12,18000,216000
9121,2026-07-04,11:07,7,3,17000,51000
9122,2026-07-04,08:20,7,10,17000,170000
9123,2026-07-04,21:55,7,3,17000,51000
9124,2026-07-04,07:09,8,27,5000,135000
9125,2026-07-04,16:20,8,7,5000,35000
9126,2026-07-04,12:48,8,13,5000,65000
9127,2026-07-04,13:14,9,19,4000,76000
9128,2026-07-04,13:15,9,7,4000,28000
9129,2026-07-04,18:51,10,19,2000,38000
9130,2026-07-04,13:11,11,8,12000,96000
9131,2026-07-04,11:42,12,6,5000,30000
9132,2026-07-04,19:11,12,2,5000,10000
9133,2026-07-04,13:04,13,65,1500,97500
9134,2026-07-04,11:39,14,12,30000,360000
9135,2026-07-04,17:42,15,15,31000,465000
9136,2026-07-04,08:12,16,17,2500,42500
9137,2026-07-04,08:14,17,8,16000,128000
9138,2026-07-04,07:17,18,1,3500,3500
9139,2026-07-04,16:34,18,5,3500,17500
9140,2026-07-04,18:54,19,4,5500,22000
9141,2026-07-04,09:04,19,12,5500,66000
9142,2026-07-04,09:54,20,1,10000,10000
9143,2026-07-04,09:06,20,7,10000,70000
9144,2026-07-05,08:23,1,3,95000,285000
9145,2026-07-05,18:18,1,7,95000,665000
9146,2026-07-05,15:42,1,1,95000,95000
9147,2026-07-05,15:09,2,1,95000,95000
9148,2026-07-05,20:27,2,3,95000,285000
9149,2026-07-05,15:26,2,3,95000,285000
9150,2026-07-05,13:19,3,16,72000,1152000
9151,2026-07-05,19:37,4,2,62000,124000
9152,2026-07-05,08:33,4,8,62000,496000
9153,2026-07-05,15:34,5,15,36000,540000
9154,2026-07-05,11:19,6,16,18000,288000
9155,2026-07-05,07:02,7,11,17000,187000
9156,2026-07-05,19:24,7,1,17000,17000
9157,2026-07-05,21:32,8,27,5000,135000
9158,2026-07-05,17:33,9,16,4000,64000
9159,2026-07-05,14:15,9,2,4000,8000
9160,2026-07-05,20:20,9,1,4000,4000
9161,2026-07-05,19:47,10,37,2000,74000
9162,2026-07-05,11:55,11,11,12000,132000
9163,2026-07-05,13:47,11,1,12000,12000
9164,2026-07-05,11:49,11,1,12000,12000
9165,2026-07-05,13:46,12,5,5000,25000
9166,2026-07-05,09:13,12,2,5000,10000
9167,2026-07-05,09:07,13,36,1500,54000
9168,2026-07-05,21:27,14,6,30000,180000
9169,2026-07-05,19:09,14,2,30000,60000
9170,2026-07-05,10:11,15,20,31000,620000
9171,2026-07-05,18:04,16,30,2500,75000
9172,2026-07-05,09:39,17,5,16000,80000
9173,2026-07-05,10:50,18,5,3500,17500
9174,2026-07-05,15:58,19,5,5500,27500
9175,2026-07-05,21:36,19,8,5500,44000
9176,2026-07-05,19:55,19,3,5500,16500
9177,2026-07-05,08:30,20,1,10000,10000
9178,2026-07-05,20:39,20,2,10000,20000
9179,2026-07-06,20:48,1,8,95000,760000
9180,2026-07-06,16:38,2,6,95000,570000
9181,2026-07-06,17:10,3,3,72000,216000
9182,2026-07-06,15:44,3,1,72000,72000
9183,2026-07-06,10:07,3,4,72000,288000
9184,2026-07-06,07:14,4,1,62000,62000
9185,2026-07-06,21:27,4,2,62000,124000
9186,2026-07-06,07:47,5,13,36000,468000
9187,2026-07-06,18:00,6,3,18000,54000
9188,2026-07-06,07:00,6,8,18000,144000
9189,2026-07-06,10:47,7,11,17000,187000
9190,2026-07-06,12:12,8,17,5000,85000
9191,2026-07-06,10:55,9,20,4000,80000
9192,2026-07-06,12:40,10,28,2000,56000
9193,2026-07-06,19:11,11,4,12000,48000
9194,2026-07-06,21:33,12,8,5000,40000
9195,2026-07-06,18:00,13,18,1500,27000
9196,2026-07-06,21:22,13,9,1500,13500
9197,2026-07-06,09:59,14,4,30000,120000
9198,2026-07-06,19:39,15,16,31000,496000
9199,2026-07-06,19:36,16,18,2500,45000
9200,2026-07-06,07:28,17,1,16000,16000
9201,2026-07-06,13:34,17,2,16000,32000
9202,2026-07-06,20:29,18,1,3500,3500
9203,2026-07-06,19:27,18,2,3500,7000
9204,2026-07-06,20:35,19,4,5500,22000
9205,2026-07-06,21:13,19,3,5500,16500
9206,2026-07-06,21:55,19,8,5500,44000
9207,2026-07-06,21:24,20,6,10000,60000
9208,2026-07-07,10:52,1,4,95000,380000
9209,2026-07-07,14:26,1,6,95000,570000
9210,2026-07-07,17:07,2,1,95000,95000
9211,2026-07-07,21:40,2,2,95000,190000
9212,2026-07-07,15:58,2,1,95000,95000
9213,2026-07-07,09:25,3,4,72000,288000
9214,2026-07-07,14:06,3,2,72000,144000
9215,2026-07-07,15:19,4,11,62000,682000
9216,2026-07-07,08:12,5,1,36000,36000
9217,2026-07-07,09:42,5,1,36000,36000
9218,2026-07-07,15:50,5,7,36000,252000
9219,2026-07-07,21:14,6,10,18000,180000
9220,2026-07-07,08:43,7,3,17000,51000
9221,2026-07-07,15:54,7,6,17000,102000
9222,2026-07-07,10:22,8,25,5000,125000
9223,2026-07-07,18:38,9,15,4000,60000
9224,2026-07-07,18:54,9,6,4000,24000
9225,2026-07-07,14:20,10,34,2000,68000
9226,2026-07-07,18:44,11,7,12000,84000
9227,2026-07-07,07:25,11,1,12000,12000
9228,2026-07-07,13:06,12,2,5000,10000
9229,2026-07-07,17:02,12,2,5000,10000
9230,2026-07-07,13:48,12,1,5000,5000
9231,2026-07-07,20:37,13,12,1500,18000
9232,2026-07-07,09:00,13,12,1500,18000
9233,2026-07-07,15:06,14,9,30000,270000
9234,2026-07-07,20:41,14,1,30000,30000
9235,2026-07-07,19:04,15,2,31000,62000
9236,2026-07-07,16:08,15,4,31000,124000
9237,2026-07-07,14:26,16,19,2500,47500
9238,2026-07-07,21:32,17,1,16000,16000
9239,2026-07-07,16:26,18,3,3500,10500
9240,2026-07-07,16:54,18,2,3500,7000
9241,2026-07-07,10:34,19,8,5500,44000
9242,2026-07-07,17:31,20,2,10000,20000
9243,2026-07-07,09:47,20,2,10000,20000
9244,2026-07-08,18:25,1,2,95000,190000
9245,2026-07-08,13:23,1,4,95000,380000
9246,2026-07-08,15:24,2,2,95000,190000
9247,2026-07-08,19:10,2,1,95000,95000
9248,2026-07-08,16:53,3,12,72000,864000
9249,2026-07-08,08:08,3,6,72000,432000
9250,2026-07-08,10:19,4,10,62000,620000
9251,2026-07-08,16:57,5,5,36000,180000
9252,2026-07-08,09:21,5,2,36000,72000
9253,2026-07-08,16:17,6,20,18000,360000
9254,2026-07-08,17:00,7,6,17000,102000
9255,2026-07-08,19:28,7,2,17000,34000
9256,2026-07-08,16:55,8,5,5000,25000
9257,2026-07-08,16:01,8,13,5000,65000
9258,2026-07-08,17:30,9,21,4000,84000
9259,2026-07-08,16:26,10,20,2000,40000
9260,2026-07-08,11:04,11,8,12000,96000
9261,2026-07-08,16:25,12,5,5000,25000
9262,2026-07-08,14:01,12,3,5000,15000
9263,2026-07-08,15:50,13,26,1500,39000
9264,2026-07-08,11:43,14,4,30000,120000
9265,2026-07-08,15:22,15,5,31000,155000
9266,2026-07-08,17:39,15,7,31000,217000
9267,2026-07-08,13:17,16,5,2500,12500
9268,2026-07-08,08:32,16,5,2500,12500
9269,2026-07-08,16:51,17,4,16000,64000
9270,2026-07-08,11:07,18,3,3500,10500
9271,2026-07-08,10:18,19,9,5500,49500
9272,2026-07-08,17:21,20,5,10000,50000
9273,2026-07-08,10:25,20,2,10000,20000
9274,2026-07-09,19:34,1,9,95000,855000
9275,2026-07-09,08:24,1,1,95000,95000
9276,2026-07-09,16:34,2,4,95000,380000
9277,2026-07-09,11:20,3,11,72000,792000
9278,2026-07-09,16:10,4,10,62000,620000
9279,2026-07-09,19:25,5,9,36000,324000
9280,2026-07-09,21:00,5,2,36000,72000
9281,2026-07-09,09:07,6,12,18000,216000
9282,2026-07-09,09:25,7,1,17000,17000
9283,2026-07-09,09:29,7,4,17000,68000
9284,2026-07-09,13:18,8,20,5000,100000
9285,2026-07-09,21:03,9,27,4000,108000
9286,2026-07-09,15:11,10,20,2000,40000
9287,2026-07-09,20:16,11,6,12000,72000
9288,2026-07-09,08:49,12,7,5000,35000
9289,2026-07-09,15:56,13,28,1500,42000
9290,2026-07-09,15:12,14,1,30000,30000
9291,2026-07-09,07:21,15,13,31000,403000
9292,2026-07-09,14:19,15,1,31000,31000
9293,2026-07-09,15:15,16,18,2500,45000
9294,2026-07-09,16:38,16,7,2500,17500
9295,2026-07-09,20:54,17,1,16000,16000
9296,2026-07-09,18:06,17,1,16000,16000
9297,2026-07-09,13:55,18,6,3500,21000
9298,2026-07-09,09:59,19,7,5500,38500
9299,2026-07-09,07:00,20,2,10000,20000
9300,2026-07-09,10:02,20,1,10000,10000
9301,2026-07-09,17:22,20,2,10000,20000
9302,2026-07-10,13:06,1,6,95000,570000
9303,2026-07-10,16:56,1,1,95000,95000
9304,2026-07-10,17:13,2,2,95000,190000
9305,2026-07-10,07:58,2,1,95000,95000
9306,2026-07-10,11:06,3,6,72000,432000
9307,2026-07-10,15:16,3,7,72000,504000
9308,2026-07-10,19:36,3,2,72000,144000
9309,2026-07-10,14:34,4,8,62000,496000
9310,2026-07-10,13:28,5,3,36000,108000
9311,2026-07-10,16:03,5,5,36000,180000
9312,2026-07-10,14:58,6,16,18000,288000
9313,2026-07-10,17:07,7,1,17000,17000
9314,2026-07-10,15:30,7,9,17000,153000
9315,2026-07-10,21:41,8,22,5000,110000
9316,2026-07-10,08:40,9,1,4000,4000
9317,2026-07-10,19:13,9,9,4000,36000
9318,2026-07-10,21:44,10,32,2000,64000
9319,2026-07-10,10:17,11,4,12000,48000
9320,2026-07-10,09:38,12,3,5000,15000
9321,2026-07-10,16:02,12,2,5000,10000
9322,2026-07-10,13:30,12,2,5000,10000
9323,2026-07-10,12:27,13,49,1500,73500
9324,2026-07-10,21:25,14,8,30000,240000
9325,2026-07-10,09:19,15,6,31000,186000
9326,2026-07-10,07:24,15,7,31000,217000
9327,2026-07-10,19:08,16,6,2500,15000
9328,2026-07-10,21:22,17,6,16000,96000
9329,2026-07-10,20:30,18,2,3500,7000
9330,2026-07-10,09:20,18,1,3500,3500
9331,2026-07-10,20:11,19,2,5500,11000
9332,2026-07-10,08:38,19,1,5500,5500
9333,2026-07-10,07:21,19,3,5500,16500
9334,2026-07-10,21:40,20,4,10000,40000
9335,2026-07-11,14:50,1,5,95000,475000
9336,2026-07-11,07:16,1,10,95000,950000
9337,2026-07-11,14:57,2,8,95000,760000
9338,2026-07-11,15:18,3,13,72000,936000
9339,2026-07-11,12:38,4,3,62000,186000
9340,2026-07-11,10:38,4,5,62000,310000
9341,2026-07-11,09:06,5,9,36000,324000
9342,2026-07-11,10:34,6,14,18000,252000
9343,2026-07-11,10:20,6,2,18000,36000
9344,2026-07-11,20:05,7,10,17000,170000
9345,2026-07-11,18:22,8,19,5000,95000
9346,2026-07-11,10:06,8,11,5000,55000
9347,2026-07-11,09:44,8,6,5000,30000
9348,2026-07-11,07:47,9,4,4000,16000
9349,2026-07-11,10:25,9,35,4000,140000
9350,2026-07-11,09:05,10,34,2000,68000
9351,2026-07-11,10:59,11,1,12000,12000
9352,2026-07-11,19:40,11,4,12000,48000
9353,2026-07-11,09:40,11,1,12000,12000
9354,2026-07-11,13:49,12,8,5000,40000
9355,2026-07-11,11:34,12,1,5000,5000
9356,2026-07-11,17:34,12,1,5000,5000
9357,2026-07-11,15:20,13,23,1500,34500
9358,2026-07-11,18:43,13,15,1500,22500
9359,2026-07-11,12:10,14,6,30000,180000
9360,2026-07-11,17:19,15,14,31000,434000
9361,2026-07-11,20:22,16,23,2500,57500
9362,2026-07-11,20:20,17,7,16000,112000
9363,2026-07-11,08:32,18,5,3500,17500
9364,2026-07-11,12:39,19,8,5500,44000
9365,2026-07-11,08:03,20,5,10000,50000
9366,2026-07-12,07:33,1,11,95000,1045000
9367,2026-07-12,12:19,2,1,95000,95000
9368,2026-07-12,16:05,2,5,95000,475000
9369,2026-07-12,14:19,3,17,72000,1224000
9370,2026-07-12,10:48,4,10,62000,620000
9371,2026-07-12,10:22,5,9,36000,324000
9372,2026-07-12,14:55,6,5,18000,90000
9373,2026-07-12,15:46,6,7,18000,126000
9374,2026-07-12,11:07,7,6,17000,102000
9375,2026-07-12,20:50,7,1,17000,17000
9376,2026-07-12,12:37,8,8,5000,40000
9377,2026-07-12,11:44,8,25,5000,125000
9378,2026-07-12,14:12,9,37,4000,148000
9379,2026-07-12,11:18,9,7,4000,28000
9380,2026-07-12,10:02,10,20,2000,40000
9381,2026-07-12,12:14,10,7,2000,14000
9382,2026-07-12,15:01,11,6,12000,72000
9383,2026-07-12,08:33,12,12,5000,60000
9384,2026-07-12,08:55,13,43,1500,64500
9385,2026-07-12,10:52,14,4,30000,120000
9386,2026-07-12,17:33,14,7,30000,210000
9387,2026-07-12,21:02,15,3,31000,93000
9388,2026-07-12,15:30,15,4,31000,124000
9389,2026-07-12,15:34,15,4,31000,124000
9390,2026-07-12,21:35,16,26,2500,65000
9391,2026-07-12,08:22,16,1,2500,2500
9392,2026-07-12,15:30,17,2,16000,32000
9393,2026-07-12,10:00,17,1,16000,16000
9394,2026-07-12,15:27,18,4,3500,14000
9395,2026-07-12,17:04,19,12,5500,66000
9396,2026-07-12,08:28,20,4,10000,40000
9397,2026-07-13,12:53,1,4,95000,380000
9398,2026-07-13,17:13,1,3,95000,285000
9399,2026-07-13,19:51,2,1,95000,95000
9400,2026-07-13,19:32,2,1,95000,95000
9401,2026-07-13,07:06,2,1,95000,95000
9402,2026-07-13,20:06,3,14,72000,1008000
9403,2026-07-13,17:30,4,9,62000,558000
9404,2026-07-13,11:55,5,5,36000,180000
9405,2026-07-13,08:47,6,18,18000,324000
9406,2026-07-13,18:24,7,7,17000,119000
9407,2026-07-13,16:59,8,19,5000,95000
9408,2026-07-13,08:19,8,2,5000,10000
9409,2026-07-13,10:13,8,2,5000,10000
9410,2026-07-13,16:38,9,5,4000,20000
9411,2026-07-13,16:16,9,16,4000,64000
9412,2026-07-13,19:27,10,21,2000,42000
9413,2026-07-13,11:57,10,4,2000,8000
9414,2026-07-13,16:37,11,5,12000,60000
9415,2026-07-13,19:01,12,10,5000,50000
9416,2026-07-13,07:34,13,4,1500,6000
9417,2026-07-13,16:35,13,16,1500,24000
9418,2026-07-13,10:36,14,9,30000,270000
9419,2026-07-13,21:14,15,18,31000,558000
9420,2026-07-13,18:21,16,22,2500,55000
9421,2026-07-13,09:06,16,2,2500,5000
9422,2026-07-13,16:26,17,5,16000,80000
9423,2026-07-13,17:33,17,2,16000,32000
9424,2026-07-13,11:10,18,5,3500,17500
9425,2026-07-13,11:47,19,7,5500,38500
9426,2026-07-13,15:49,19,6,5500,33000
9427,2026-07-13,16:48,20,4,10000,40000
9428,2026-07-14,14:10,1,8,95000,760000
9429,2026-07-14,15:58,1,1,95000,95000
9430,2026-07-14,21:23,1,1,95000,95000
9431,2026-07-14,12:40,2,2,95000,190000
9432,2026-07-14,18:36,2,2,95000,190000
9433,2026-07-14,15:08,3,10,72000,720000
9434,2026-07-14,20:37,4,6,62000,372000
9435,2026-07-14,07:11,4,1,62000,62000
9436,2026-07-14,09:04,4,2,62000,124000
9437,2026-07-14,16:29,5,8,36000,288000
9438,2026-07-14,17:57,6,5,18000,90000
9439,2026-07-14,17:54,6,3,18000,54000
9440,2026-07-14,20:08,7,1,17000,17000
9441,2026-07-14,11:33,7,6,17000,102000
9442,2026-07-14,17:38,8,21,5000,105000
9443,2026-07-14,08:29,9,15,4000,60000
9444,2026-07-14,07:59,9,15,4000,60000
9445,2026-07-14,12:48,9,1,4000,4000
9446,2026-07-14,11:58,10,25,2000,50000
9447,2026-07-14,19:17,11,3,12000,36000
9448,2026-07-14,19:59,11,1,12000,12000
9449,2026-07-14,10:27,11,4,12000,48000
9450,2026-07-14,20:10,12,4,5000,20000
9451,2026-07-14,13:33,13,26,1500,39000
9452,2026-07-14,09:46,14,7,30000,210000
9453,2026-07-14,07:13,15,14,31000,434000
9454,2026-07-14,12:48,16,20,2500,50000
9455,2026-07-14,15:07,17,5,16000,80000
9456,2026-07-14,16:31,18,2,3500,7000
9457,2026-07-14,20:34,18,3,3500,10500
9458,2026-07-14,21:21,19,10,5500,55000
9459,2026-07-14,21:52,20,4,10000,40000
9460,2026-07-15,19:39,1,5,95000,475000
9461,2026-07-15,16:40,2,3,95000,285000
9462,2026-07-15,20:10,2,1,95000,95000
9463,2026-07-15,14:36,3,8,72000,576000
9464,2026-07-15,07:23,3,3,72000,216000
9465,2026-07-15,15:55,4,6,62000,372000
9466,2026-07-15,13:37,5,10,36000,360000
9467,2026-07-15,20:50,6,14,18000,252000
9468,2026-07-15,17:53,7,8,17000,136000
9469,2026-07-15,15:34,8,24,5000,120000
9470,2026-07-15,19:01,8,2,5000,10000
9471,2026-07-15,18:00,9,8,4000,32000
9472,2026-07-15,19:53,9,6,4000,24000
9473,2026-07-15,09:43,10,7,2000,14000
9474,2026-07-15,13:01,10,12,2000,24000
9475,2026-07-15,08:36,11,2,12000,24000
9476,2026-07-15,10:50,11,9,12000,108000
9477,2026-07-15,07:15,12,5,5000,25000
9478,2026-07-15,14:19,13,5,1500,7500
9479,2026-07-15,09:41,13,10,1500,15000
9480,2026-07-15,20:20,13,4,1500,6000
9481,2026-07-15,10:46,14,10,30000,300000
9482,2026-07-15,16:03,15,8,31000,248000
9483,2026-07-15,20:34,16,11,2500,27500
9484,2026-07-15,19:06,16,7,2500,17500
9485,2026-07-15,08:02,17,6,16000,96000
9486,2026-07-15,11:20,17,1,16000,16000
9487,2026-07-15,09:19,18,3,3500,10500
9488,2026-07-15,14:13,19,3,5500,16500
9489,2026-07-15,21:21,20,2,10000,20000
9490,2026-07-16,13:48,1,8,95000,760000
9491,2026-07-16,13:08,1,1,95000,95000
9492,2026-07-16,21:28,1,1,95000,95000
9493,2026-07-16,18:22,2,6,95000,570000
9494,2026-07-16,16:25,3,10,72000,720000
9495,2026-07-16,10:22,4,8,62000,496000
9496,2026-07-16,16:03,5,13,36000,468000
9497,2026-07-16,15:20,6,11,18000,198000
9498,2026-07-16,20:48,6,10,18000,180000
9499,2026-07-16,08:23,7,4,17000,68000
9500,2026-07-16,17:18,7,4,17000,68000
9501,2026-07-16,10:05,8,3,5000,15000
9502,2026-07-16,13:52,9,14,4000,56000
9503,2026-07-16,13:15,9,2,4000,8000
9504,2026-07-16,16:11,10,21,2000,42000
9505,2026-07-16,19:56,11,5,12000,60000
9506,2026-07-16,13:18,12,7,5000,35000
9507,2026-07-16,17:39,13,38,1500,57000
9508,2026-07-16,09:53,14,11,30000,330000
9509,2026-07-16,10:30,15,14,31000,434000
9510,2026-07-16,14:01,16,26,2500,65000
9511,2026-07-16,16:26,17,3,16000,48000
9512,2026-07-16,19:41,17,1,16000,16000
9513,2026-07-16,07:21,18,6,3500,21000
9514,2026-07-16,15:05,19,5,5500,27500
9515,2026-07-16,13:51,19,2,5500,11000
9516,2026-07-16,11:16,19,6,5500,33000
9517,2026-07-16,18:43,20,5,10000,50000
9518,2026-07-17,07:57,1,12,95000,1140000
9519,2026-07-17,18:29,2,2,95000,190000
9520,2026-07-17,21:13,3,6,72000,432000
9521,2026-07-17,12:34,3,3,72000,216000
9522,2026-07-17,20:52,3,1,72000,72000
9523,2026-07-17,13:53,4,3,62000,186000
9524,2026-07-17,11:02,4,3,62000,186000
9525,2026-07-17,10:42,5,2,36000,72000
9526,2026-07-17,15:34,5,1,36000,36000
9527,2026-07-17,07:08,5,8,36000,288000
9528,2026-07-17,10:00,6,19,18000,342000
9529,2026-07-17,14:26,7,8,17000,136000
9530,2026-07-17,09:59,8,9,5000,45000
9531,2026-07-17,11:40,9,4,4000,16000
9532,2026-07-17,11:43,9,23,4000,92000
9533,2026-07-17,08:33,10,30,2000,60000
9534,2026-07-17,16:20,11,1,12000,12000
9535,2026-07-17,19:13,11,1,12000,12000
9536,2026-07-17,16:51,12,5,5000,25000
9537,2026-07-17,07:26,12,1,5000,5000
9538,2026-07-17,14:25,12,1,5000,5000
9539,2026-07-17,19:55,13,18,1500,27000
9540,2026-07-17,09:32,14,1,30000,30000
9541,2026-07-17,15:48,14,2,30000,60000
9542,2026-07-17,20:17,14,3,30000,90000
9543,2026-07-17,19:17,15,9,31000,279000
9544,2026-07-17,20:20,15,2,31000,62000
9545,2026-07-17,19:22,15,1,31000,31000
9546,2026-07-17,18:15,16,24,2500,60000
9547,2026-07-17,15:47,17,2,16000,32000
9548,2026-07-17,21:29,17,2,16000,32000
9549,2026-07-17,14:07,18,3,3500,10500
9550,2026-07-17,21:12,19,13,5500,71500
9551,2026-07-17,13:51,20,2,10000,20000
9552,2026-07-18,15:07,1,12,95000,1140000
9553,2026-07-18,20:53,2,2,95000,190000
9554,2026-07-18,20:17,2,2,95000,190000
9555,2026-07-18,10:19,3,1,72000,72000
9556,2026-07-18,10:37,3,12,72000,864000
9557,2026-07-18,15:57,4,8,62000,496000
9558,2026-07-18,14:13,5,12,36000,432000
9559,2026-07-18,14:41,6,21,18000,378000
9560,2026-07-18,10:46,7,9,17000,153000
9561,2026-07-18,10:13,7,1,17000,17000
9562,2026-07-18,19:30,8,29,5000,145000
9563,2026-07-18,20:16,9,26,4000,104000
9564,2026-07-18,18:00,10,31,2000,62000
9565,2026-07-18,21:07,11,5,12000,60000
9566,2026-07-18,12:12,11,2,12000,24000
9567,2026-07-18,17:55,12,8,5000,40000
9568,2026-07-18,07:11,13,21,1500,31500
9569,2026-07-18,13:08,14,11,30000,330000
9570,2026-07-18,19:10,15,16,31000,496000
9571,2026-07-18,17:54,16,9,2500,22500
9572,2026-07-18,09:55,16,2,2500,5000
9573,2026-07-18,20:14,16,7,2500,17500
9574,2026-07-18,18:41,17,1,16000,16000
9575,2026-07-18,12:28,17,1,16000,16000
9576,2026-07-18,07:17,18,9,3500,31500
9577,2026-07-18,07:03,19,2,5500,11000
9578,2026-07-18,18:44,19,14,5500,77000
9579,2026-07-18,16:53,20,5,10000,50000
9580,2026-07-19,16:13,1,1,95000,95000
9581,2026-07-19,09:17,1,6,95000,570000
9582,2026-07-19,19:15,2,4,95000,380000
9583,2026-07-19,07:39,3,3,72000,216000
9584,2026-07-19,14:45,3,16,72000,1152000
9585,2026-07-19,17:59,4,1,62000,62000
9586,2026-07-19,09:09,4,7,62000,434000
9587,2026-07-19,07:37,5,8,36000,288000
9588,2026-07-19,18:47,5,1,36000,36000
9589,2026-07-19,09:47,6,17,18000,306000
9590,2026-07-19,11:55,7,8,17000,136000
9591,2026-07-19,09:11,8,27,5000,135000
9592,2026-07-19,12:05,8,4,5000,20000
9593,2026-07-19,14:53,8,10,5000,50000
9594,2026-07-19,09:11,9,43,4000,172000
9595,2026-07-19,11:53,10,25,2000,50000
9596,2026-07-19,09:26,11,2,12000,24000
9597,2026-07-19,08:06,11,3,12000,36000
9598,2026-07-19,16:03,12,1,5000,5000
9599,2026-07-19,11:24,13,24,1500,36000
9600,2026-07-19,08:44,14,5,30000,150000
9601,2026-07-19,07:30,15,16,31000,496000
9602,2026-07-19,15:25,16,20,2500,50000
9603,2026-07-19,17:10,17,2,16000,32000
9604,2026-07-19,21:09,18,5,3500,17500
9605,2026-07-19,16:21,19,1,5500,5500
9606,2026-07-19,19:50,19,15,5500,82500
9607,2026-07-19,21:51,20,6,10000,60000
9608,2026-07-20,09:04,1,3,95000,285000
9609,2026-07-20,10:26,2,4,95000,380000
9610,2026-07-20,07:21,3,5,72000,360000
9611,2026-07-20,14:30,3,1,72000,72000
9612,2026-07-20,16:20,3,1,72000,72000
9613,2026-07-20,08:31,4,8,62000,496000
9614,2026-07-20,12:51,5,11,36000,396000
9615,2026-07-20,07:01,6,10,18000,180000
9616,2026-07-20,16:29,7,2,17000,34000
9617,2026-07-20,08:12,7,5,17000,85000
9618,2026-07-20,17:28,8,1,5000,5000
9619,2026-07-20,09:10,8,14,5000,70000
9620,2026-07-20,10:34,9,7,4000,28000
9621,2026-07-20,07:47,10,19,2000,38000
9622,2026-07-20,15:30,10,8,2000,16000
9623,2026-07-20,14:09,11,4,12000,48000
9624,2026-07-20,09:07,11,1,12000,12000
9625,2026-07-20,20:16,12,10,5000,50000
9626,2026-07-20,21:45,13,21,1500,31500
9627,2026-07-20,19:07,14,4,30000,120000
9628,2026-07-20,14:07,14,2,30000,60000
9629,2026-07-20,15:51,15,10,31000,310000
9630,2026-07-20,20:00,16,2,2500,5000
9631,2026-07-20,14:16,16,8,2500,20000
9632,2026-07-20,11:15,16,3,2500,7500
9633,2026-07-20,09:52,17,2,16000,32000
9634,2026-07-20,11:18,18,7,3500,24500
9635,2026-07-20,09:23,19,2,5500,11000
9636,2026-07-20,09:05,19,5,5500,27500
9637,2026-07-20,09:21,20,1,10000,10000
9638,2026-07-20,09:13,20,4,10000,40000
9639,2026-07-21,09:46,1,3,95000,285000
9640,2026-07-21,21:59,1,1,95000,95000
9641,2026-07-21,17:46,1,3,95000,285000
9642,2026-07-21,11:19,2,2,95000,190000
9643,2026-07-21,19:53,3,8,72000,576000
9644,2026-07-21,14:56,3,3,72000,216000
9645,2026-07-21,16:01,4,8,62000,496000
9646,2026-07-21,09:26,5,6,36000,216000
9647,2026-07-21,12:06,6,12,18000,216000
9648,2026-07-21,10:59,6,5,18000,90000
9649,2026-07-21,13:05,7,7,17000,119000
9650,2026-07-21,20:19,8,10,5000,50000
9651,2026-07-21,18:35,8,4,5000,20000
9652,2026-07-21,17:08,9,25,4000,100000
9653,2026-07-21,12:52,10,20,2000,40000
9654,2026-07-21,15:22,11,5,12000,60000
9655,2026-07-21,08:24,11,1,12000,12000
9656,2026-07-21,08:06,12,7,5000,35000
9657,2026-07-21,08:20,13,30,1500,45000
9658,2026-07-21,19:27,14,1,30000,30000
9659,2026-07-21,15:56,14,1,30000,30000
9660,2026-07-21,13:48,14,1,30000,30000
9661,2026-07-21,11:30,15,7,31000,217000
9662,2026-07-21,15:27,15,2,31000,62000
9663,2026-07-21,17:26,16,17,2500,42500
9664,2026-07-21,09:13,16,6,2500,15000
9665,2026-07-21,07:58,17,5,16000,80000
9666,2026-07-21,15:17,18,4,3500,14000
9667,2026-07-21,11:01,19,9,5500,49500
9668,2026-07-21,10:28,20,5,10000,50000
9669,2026-07-22,16:07,1,2,95000,190000
9670,2026-07-22,16:02,1,7,95000,665000
9671,2026-07-22,16:54,2,1,95000,95000
9672,2026-07-22,08:27,3,9,72000,648000
9673,2026-07-22,07:25,4,6,62000,372000
9674,2026-07-22,18:48,5,11,36000,396000
9675,2026-07-22,20:49,6,24,18000,432000
9676,2026-07-22,13:38,7,2,17000,34000
9677,2026-07-22,18:40,7,6,17000,102000
9678,2026-07-22,10:50,8,9,5000,45000
9679,2026-07-22,10:17,9,24,4000,96000
9680,2026-07-22,15:27,10,34,2000,68000
9681,2026-07-22,07:32,11,6,12000,72000
9682,2026-07-22,10:36,12,5,5000,25000
9683,2026-07-22,11:27,13,27,1500,40500
9684,2026-07-22,09:09,13,6,1500,9000
9685,2026-07-22,18:54,13,4,1500,6000
9686,2026-07-22,08:10,14,9,30000,270000
9687,2026-07-22,18:31,15,11,31000,341000
9688,2026-07-22,20:00,16,5,2500,12500
9689,2026-07-22,12:57,16,17,2500,42500
9690,2026-07-22,21:13,17,5,16000,80000
9691,2026-07-22,07:01,18,1,3500,3500
9692,2026-07-22,07:35,18,7,3500,24500
9693,2026-07-22,10:50,19,9,5500,49500
9694,2026-07-22,18:25,20,4,10000,40000
9695,2026-07-23,16:07,1,10,95000,950000
9696,2026-07-23,15:33,2,1,95000,95000
9697,2026-07-23,16:49,2,1,95000,95000
9698,2026-07-23,08:16,3,2,72000,144000
9699,2026-07-23,08:25,3,11,72000,792000
9700,2026-07-23,16:54,4,1,62000,62000
9701,2026-07-23,20:05,4,3,62000,186000
9702,2026-07-23,19:47,5,12,36000,432000
9703,2026-07-23,09:43,6,4,18000,72000
9704,2026-07-23,14:12,6,8,18000,144000
9705,2026-07-23,18:45,7,9,17000,153000
9706,2026-07-23,16:02,7,1,17000,17000
9707,2026-07-23,13:00,7,1,17000,17000
9708,2026-07-23,18:21,8,21,5000,105000
9709,2026-07-23,20:05,9,13,4000,52000
9710,2026-07-23,11:24,10,28,2000,56000
9711,2026-07-23,10:02,10,4,2000,8000
9712,2026-07-23,07:01,10,3,2000,6000
9713,2026-07-23,17:14,11,7,12000,84000
9714,2026-07-23,10:27,11,1,12000,12000
9715,2026-07-23,08:56,11,1,12000,12000
9716,2026-07-23,20:15,12,10,5000,50000
9717,2026-07-23,15:56,13,3,1500,4500
9718,2026-07-23,08:20,13,4,1500,6000
9719,2026-07-23,08:42,13,17,1500,25500
9720,2026-07-23,12:44,14,6,30000,180000
9721,2026-07-23,11:21,14,1,30000,30000
9722,2026-07-23,19:36,15,15,31000,465000
9723,2026-07-23,07:12,16,5,2500,12500
9724,2026-07-23,17:16,16,3,2500,7500
9725,2026-07-23,19:54,16,7,2500,17500
9726,2026-07-23,12:13,17,1,16000,16000
9727,2026-07-23,12:48,17,5,16000,80000
9728,2026-07-23,13:26,18,6,3500,21000
9729,2026-07-23,12:24,20,5,10000,50000
9730,2026-07-24,11:37,1,5,95000,475000
9731,2026-07-24,21:45,1,1,95000,95000
9732,2026-07-24,11:55,1,1,95000,95000
9733,2026-07-24,14:09,2,4,95000,380000
9734,2026-07-24,07:35,3,2,72000,144000
9735,2026-07-24,09:17,3,8,72000,576000
9736,2026-07-24,07:51,4,6,62000,372000
9737,2026-07-24,09:45,4,2,62000,124000
9738,2026-07-24,18:32,5,2,36000,72000
9739,2026-07-24,09:58,5,10,36000,360000
9740,2026-07-24,10:32,6,15,18000,270000
9741,2026-07-24,21:49,7,8,17000,136000
9742,2026-07-24,07:09,8,17,5000,85000
9743,2026-07-24,07:33,9,13,4000,52000
9744,2026-07-24,12:32,9,3,4000,12000
9745,2026-07-24,21:04,9,6,4000,24000
9746,2026-07-24,18:20,10,18,2000,36000
9747,2026-07-24,19:58,11,4,12000,48000
9748,2026-07-24,12:40,11,1,12000,12000
9749,2026-07-24,10:26,11,2,12000,24000
9750,2026-07-24,21:14,12,9,5000,45000
9751,2026-07-24,14:01,13,41,1500,61500
9752,2026-07-24,08:10,14,11,30000,330000
9753,2026-07-24,09:35,15,9,31000,279000
9754,2026-07-24,18:21,15,3,31000,93000
9755,2026-07-24,08:43,16,24,2500,60000
9756,2026-07-24,08:40,17,2,16000,32000
9757,2026-07-24,17:20,18,7,3500,24500
9758,2026-07-24,07:18,19,8,5500,44000
9759,2026-07-24,08:56,20,2,10000,20000
9760,2026-07-24,07:03,20,1,10000,10000
9761,2026-07-25,09:14,1,12,95000,1140000
9762,2026-07-25,13:26,3,8,72000,576000
9763,2026-07-25,08:08,4,7,62000,434000
9764,2026-07-25,15:09,5,11,36000,396000
9765,2026-07-25,07:05,6,13,18000,234000
9766,2026-07-25,10:57,7,2,17000,34000
9767,2026-07-25,09:36,7,4,17000,68000
9768,2026-07-25,08:22,8,14,5000,70000
9769,2026-07-25,08:08,8,5,5000,25000
9770,2026-07-25,21:16,9,34,4000,136000
9771,2026-07-25,14:47,10,24,2000,48000
9772,2026-07-25,13:27,10,1,2000,2000
9773,2026-07-25,19:20,10,10,2000,20000
9774,2026-07-25,20:49,11,6,12000,72000
9775,2026-07-25,11:24,12,5,5000,25000
9776,2026-07-25,18:02,12,6,5000,30000
9777,2026-07-25,09:57,13,20,1500,30000
9778,2026-07-25,09:28,13,21,1500,31500
9779,2026-07-25,13:14,13,1,1500,1500
9780,2026-07-25,13:52,14,3,30000,90000
9781,2026-07-25,07:06,14,4,30000,120000
9782,2026-07-25,10:00,15,6,31000,186000
9783,2026-07-25,12:31,15,8,31000,248000
9784,2026-07-25,10:46,16,11,2500,27500
9785,2026-07-25,11:31,16,2,2500,5000
9786,2026-07-25,10:22,17,2,16000,32000
9787,2026-07-25,15:26,17,2,16000,32000
9788,2026-07-25,13:34,18,8,3500,28000
9789,2026-07-25,12:48,19,17,5500,93500
9790,2026-07-25,17:08,20,7,10000,70000
9791,2026-07-26,13:28,1,3,95000,285000
9792,2026-07-26,07:32,1,7,95000,665000
9793,2026-07-26,13:45,2,9,95000,855000
9794,2026-07-26,21:44,3,6,72000,432000
9795,2026-07-26,19:25,3,7,72000,504000
9796,2026-07-26,08:59,4,3,62000,186000
9797,2026-07-26,16:56,4,3,62000,186000
9798,2026-07-26,14:56,4,5,62000,310000
9799,2026-07-26,15:54,5,9,36000,324000
9800,2026-07-26,20:17,5,1,36000,36000
9801,2026-07-26,19:39,5,1,36000,36000
9802,2026-07-26,14:53,6,18,18000,324000
9803,2026-07-26,09:37,7,14,17000,238000
9804,2026-07-26,10:23,8,25,5000,125000
9805,2026-07-26,13:59,9,32,4000,128000
9806,2026-07-26,15:19,10,41,2000,82000
9807,2026-07-26,14:19,11,6,12000,72000
9808,2026-07-26,12:55,12,1,5000,5000
9809,2026-07-26,11:51,12,1,5000,5000
9810,2026-07-26,10:19,12,3,5000,15000
9811,2026-07-26,18:26,13,59,1500,88500
9812,2026-07-26,13:35,14,7,30000,210000
9813,2026-07-26,09:07,14,1,30000,30000
9814,2026-07-26,12:50,15,16,31000,496000
9815,2026-07-26,11:38,16,27,2500,67500
9816,2026-07-26,18:48,16,3,2500,7500
9817,2026-07-26,12:16,17,3,16000,48000
9818,2026-07-26,09:01,18,4,3500,14000
9819,2026-07-26,11:51,19,11,5500,60500
9820,2026-07-26,11:41,19,3,5500,16500
9821,2026-07-26,20:05,19,1,5500,5500
9822,2026-07-26,17:45,20,1,10000,10000
9823,2026-07-26,16:31,20,1,10000,10000
9824,2026-07-27,15:05,1,5,95000,475000
9825,2026-07-27,15:09,1,2,95000,190000
9826,2026-07-27,07:54,2,5,95000,475000
9827,2026-07-27,11:14,3,4,72000,288000
9828,2026-07-27,12:43,3,7,72000,504000
9829,2026-07-27,11:32,4,3,62000,186000
9830,2026-07-27,19:11,5,9,36000,324000
9831,2026-07-27,18:04,5,4,36000,144000
9832,2026-07-27,11:37,6,14,18000,252000
9833,2026-07-27,07:25,7,9,17000,153000
9834,2026-07-27,13:16,7,3,17000,51000
9835,2026-07-27,12:54,8,1,5000,5000
9836,2026-07-27,08:52,8,15,5000,75000
9837,2026-07-27,07:11,9,16,4000,64000
9838,2026-07-27,20:56,10,27,2000,54000
9839,2026-07-27,10:42,11,5,12000,60000
9840,2026-07-27,19:46,12,1,5000,5000
9841,2026-07-27,09:15,12,4,5000,20000
9842,2026-07-27,18:25,13,8,1500,12000
9843,2026-07-27,07:19,13,33,1500,49500
9844,2026-07-27,13:00,14,5,30000,150000
9845,2026-07-27,20:15,14,1,30000,30000
9846,2026-07-27,08:45,15,9,31000,279000
9847,2026-07-27,13:03,16,17,2500,42500
9848,2026-07-27,07:12,16,10,2500,25000
9849,2026-07-27,18:12,17,3,16000,48000
9850,2026-07-27,14:35,18,4,3500,14000
9851,2026-07-27,08:05,19,1,5500,5500
9852,2026-07-27,19:17,19,2,5500,11000
9853,2026-07-27,07:13,20,7,10000,70000
9854,2026-07-28,21:30,1,4,95000,380000
9855,2026-07-28,08:48,2,2,95000,190000
9856,2026-07-28,18:31,2,3,95000,285000
9857,2026-07-28,20:29,3,10,72000,720000
9858,2026-07-28,19:41,3,4,72000,288000
9859,2026-07-28,07:49,4,7,62000,434000
9860,2026-07-28,21:59,5,7,36000,252000
9861,2026-07-28,09:48,5,2,36000,72000
9862,2026-07-28,18:32,6,3,18000,54000
9863,2026-07-28,11:06,6,1,18000,18000
9864,2026-07-28,16:41,6,2,18000,36000
9865,2026-07-28,17:29,7,7,17000,119000
9866,2026-07-28,20:23,8,11,5000,55000
9867,2026-07-28,21:00,8,8,5000,40000
9868,2026-07-28,10:28,9,2,4000,8000
9869,2026-07-28,12:14,9,14,4000,56000
9870,2026-07-28,09:45,10,26,2000,52000
9871,2026-07-28,14:59,11,7,12000,84000
9872,2026-07-28,15:43,12,10,5000,50000
9873,2026-07-28,15:47,13,15,1500,22500
9874,2026-07-28,07:30,13,5,1500,7500
9875,2026-07-28,14:38,14,14,30000,420000
9876,2026-07-28,14:07,15,8,31000,248000
9877,2026-07-28,13:06,15,9,31000,279000
9878,2026-07-28,15:44,16,19,2500,47500
9879,2026-07-28,19:39,17,5,16000,80000
9880,2026-07-28,20:09,18,10,3500,35000
9881,2026-07-28,10:43,19,4,5500,22000
9882,2026-07-28,19:37,20,4,10000,40000
9883,2026-07-29,11:30,1,1,95000,95000
9884,2026-07-29,14:49,1,1,95000,95000
9885,2026-07-29,10:31,2,5,95000,475000
9886,2026-07-29,10:02,3,13,72000,936000
9887,2026-07-29,13:35,4,6,62000,372000
9888,2026-07-29,09:51,5,1,36000,36000
9889,2026-07-29,11:35,5,7,36000,252000
9890,2026-07-29,18:45,6,5,18000,90000
9891,2026-07-29,19:22,7,9,17000,153000
9892,2026-07-29,15:02,8,27,5000,135000
9893,2026-07-29,17:16,9,18,4000,72000
9894,2026-07-29,10:51,10,10,2000,20000
9895,2026-07-29,19:08,10,18,2000,36000
9896,2026-07-29,13:11,11,2,12000,24000
9897,2026-07-29,20:07,12,9,5000,45000
9898,2026-07-29,07:50,13,27,1500,40500
9899,2026-07-29,15:22,14,3,30000,90000
9900,2026-07-29,20:29,14,1,30000,30000
9901,2026-07-29,11:25,14,1,30000,30000
9902,2026-07-29,13:51,15,1,31000,31000
9903,2026-07-29,14:43,15,11,31000,341000
9904,2026-07-29,13:39,16,3,2500,7500
9905,2026-07-29,18:07,16,14,2500,35000
9906,2026-07-29,20:58,17,4,16000,64000
9907,2026-07-29,12:03,18,1,3500,3500
9908,2026-07-29,18:07,18,1,3500,3500
9909,2026-07-29,20:26,18,1,3500,3500
9910,2026-07-29,09:24,19,7,5500,38500
9911,2026-07-29,08:00,19,1,5500,5500
9912,2026-07-29,07:13,20,4,10000,40000
9913,2026-07-30,07:52,1,5,95000,475000
9914,2026-07-30,11:57,2,7,95000,665000
9915,2026-07-30,19:10,2,1,95000,95000
9916,2026-07-30,10:44,3,9,72000,648000
9917,2026-07-30,16:34,4,1,62000,62000
9918,2026-07-30,20:14,4,4,62000,248000
9919,2026-07-30,11:34,5,7,36000,252000
9920,2026-07-30,08:14,6,17,18000,306000
9921,2026-07-30,07:00,6,4,18000,72000
9922,2026-07-30,08:47,7,10,17000,170000
9923,2026-07-30,19:51,8,12,5000,60000
9924,2026-07-30,07:20,9,29,4000,116000
9925,2026-07-30,09:06,10,2,2000,4000
9926,2026-07-30,12:58,10,24,2000,48000
9927,2026-07-30,14:46,11,6,12000,72000
9928,2026-07-30,19:45,12,7,5000,35000
9929,2026-07-30,13:44,13,24,1500,36000
9930,2026-07-30,18:50,14,8,30000,240000
9931,2026-07-30,17:55,15,13,31000,403000
9932,2026-07-30,10:19,16,28,2500,70000
9933,2026-07-30,15:05,16,1,2500,2500
9934,2026-07-30,08:00,16,1,2500,2500
9935,2026-07-30,20:07,17,1,16000,16000
9936,2026-07-30,21:31,18,3,3500,10500
9937,2026-07-30,13:16,18,5,3500,17500
9938,2026-07-30,14:32,19,3,5500,16500
9939,2026-07-30,20:51,19,6,5500,33000
9940,2026-07-30,13:54,20,5,10000,50000
9941,2026-07-31,10:35,1,3,95000,285000
9942,2026-07-31,12:20,1,4,95000,380000
9943,2026-07-31,18:48,1,2,95000,190000
9944,2026-07-31,15:49,2,1,95000,95000
9945,2026-07-31,08:57,2,1,95000,95000
9946,2026-07-31,14:58,2,1,95000,95000
9947,2026-07-31,19:06,3,14,72000,1008000
9948,2026-07-31,16:23,4,1,62000,62000
9949,2026-07-31,15:06,5,4,36000,144000
9950,2026-07-31,12:23,5,4,36000,144000
9951,2026-07-31,13:54,6,10,18000,180000
9952,2026-07-31,09:14,7,1,17000,17000
9953,2026-07-31,18:24,7,4,17000,68000
9954,2026-07-31,07:09,7,1,17000,17000
9955,2026-07-31,11:27,8,16,5000,80000
9956,2026-07-31,19:17,9,12,4000,48000
9957,2026-07-31,13:49,9,12,4000,48000
9958,2026-07-31,09:02,10,30,2000,60000
9959,2026-07-31,14:06,11,6,12000,72000
9960,2026-07-31,10:03,12,6,5000,30000
9961,2026-07-31,08:23,13,15,1500,22500
9962,2026-07-31,13:51,13,17,1500,25500
9963,2026-07-31,17:30,14,8,30000,240000
9964,2026-07-31,17:48,15,17,31000,527000
9965,2026-07-31,17:46,16,24,2500,60000
9966,2026-07-31,08:31,17,4,16000,64000
9967,2026-07-31,10:33,18,4,3500,14000
9968,2026-07-31,09:56,19,7,5500,38500
9969,2026-07-31,20:04,20,4,10000,40000
9970,2026-08-01,20:20,1,9,95000,855000
9971,2026-08-01,18:29,1,2,95000,190000
9972,2026-08-01,07:10,2,4,95000,380000
9973,2026-08-01,16:11,2,4,95000,380000
9974,2026-08-01,19:48,3,19,72000,1368000
9975,2026-08-01,15:25,4,8,62000,496000
9976,2026-08-01,15:33,5,8,36000,288000
9977,2026-08-01,20:19,5,2,36000,72000
9978,2026-08-01,07:28,5,3,36000,108000
9979,2026-08-01,11:08,6,18,18000,324000
9980,2026-08-01,17:57,7,10,17000,170000
9981,2026-08-01,10:09,8,20,5000,100000
9982,2026-08-01,08:55,9,16,4000,64000
9983,2026-08-01,12:13,10,7,2000,14000
9984,2026-08-01,18:35,10,20,2000,40000
9985,2026-08-01,13:44,11,4,12000,48000
9986,2026-08-01,09:22,11,4,12000,48000
9987,2026-08-01,16:08,11,1,12000,12000
9988,2026-08-01,15:27,12,7,5000,35000
9989,2026-08-01,16:03,13,31,1500,46500
9990,2026-08-01,13:57,13,11,1500,16500
9991,2026-08-01,19:16,14,1,30000,30000
9992,2026-08-01,15:58,14,12,30000,360000
9993,2026-08-01,17:14,15,13,31000,403000
9994,2026-08-01,09:03,15,5,31000,155000
9995,2026-08-01,18:21,15,1,31000,31000
9996,2026-08-01,11:00,16,8,2500,20000
9997,2026-08-01,12:50,16,9,2500,22500
9998,2026-08-01,15:53,17,8,16000,128000
9999,2026-08-01,14:12,18,3,3500,10500
10000,2026-08-01,16:26,18,6,3500,21000
10001,2026-08-01,16:54,19,6,5500,33000
10002,2026-08-01,14:27,19,3,5500,16500
10003,2026-08-01,10:43,20,1,10000,10000
10004,2026-08-01,17:47,20,2,10000,20000
10005,2026-08-01,12:26,20,1,10000,10000
10006,2026-08-02,18:30,1,17,95000,1615000
10007,2026-08-02,21:29,2,7,95000,665000
10008,2026-08-02,12:22,3,7,72000,504000
10009,2026-08-02,13:54,4,5,62000,310000
10010,2026-08-02,18:55,5,12,36000,432000
10011,2026-08-02,20:50,6,11,18000,198000
10012,2026-08-02,09:54,7,11,17000,187000
10013,2026-08-02,10:55,8,31,5000,155000
10014,2026-08-02,20:08,9,50,4000,200000
10015,2026-08-02,10:11,10,31,2000,62000
10016,2026-08-02,09:11,11,10,12000,120000
10017,2026-08-02,08:06,12,3,5000,15000
10018,2026-08-02,19:04,12,8,5000,40000
10019,2026-08-02,20:29,12,3,5000,15000
10020,2026-08-02,21:31,13,42,1500,63000
10021,2026-08-02,13:38,13,18,1500,27000
10022,2026-08-02,14:06,14,13,30000,390000
10023,2026-08-02,07:49,15,11,31000,341000
10024,2026-08-02,16:56,16,30,2500,75000
10025,2026-08-02,08:18,17,8,16000,128000
10026,2026-08-02,15:25,18,7,3500,24500
10027,2026-08-02,10:02,19,25,5500,137500
10028,2026-08-02,08:53,20,7,10000,70000
10029,2026-08-03,16:00,1,10,95000,950000
10030,2026-08-03,20:51,2,7,95000,665000
10031,2026-08-03,07:57,3,14,72000,1008000
10032,2026-08-03,13:36,4,2,62000,124000
10033,2026-08-03,08:56,5,1,36000,36000
10034,2026-08-03,11:11,5,9,36000,324000
10035,2026-08-03,14:53,6,9,18000,162000
10036,2026-08-03,08:03,6,12,18000,216000
10037,2026-08-03,07:55,7,8,17000,136000
10038,2026-08-03,14:56,8,19,5000,95000
10039,2026-08-03,21:13,9,1,4000,4000
10040,2026-08-03,19:05,9,16,4000,64000
10041,2026-08-03,10:28,10,44,2000,88000
10042,2026-08-03,21:21,11,1,12000,12000
10043,2026-08-03,17:00,11,9,12000,108000
10044,2026-08-03,10:11,12,3,5000,15000
10045,2026-08-03,13:53,12,1,5000,5000
10046,2026-08-03,14:11,12,2,5000,10000
10047,2026-08-03,11:24,13,35,1500,52500
10048,2026-08-03,20:07,14,7,30000,210000
10049,2026-08-03,09:36,15,15,31000,465000
10050,2026-08-03,11:50,15,4,31000,124000
10051,2026-08-03,10:58,16,26,2500,65000
10052,2026-08-03,15:14,17,6,16000,96000
10053,2026-08-03,19:59,18,1,3500,3500
10054,2026-08-03,12:16,18,4,3500,14000
10055,2026-08-03,07:10,18,2,3500,7000
10056,2026-08-03,18:39,19,20,5500,110000
10057,2026-08-03,20:35,19,3,5500,16500
10058,2026-08-03,18:38,20,3,10000,30000
10059,2026-08-04,16:14,1,4,95000,380000
10060,2026-08-04,18:10,2,4,95000,380000
10061,2026-08-04,15:55,3,4,72000,288000
10062,2026-08-04,08:10,3,1,72000,72000
10063,2026-08-04,21:36,3,3,72000,216000
10064,2026-08-04,13:14,4,4,62000,248000
10065,2026-08-04,07:19,5,8,36000,288000
10066,2026-08-04,09:53,6,7,18000,126000
10067,2026-08-04,13:45,6,1,18000,18000
10068,2026-08-04,13:28,6,3,18000,54000
10069,2026-08-04,12:52,7,7,17000,119000
10070,2026-08-04,20:10,8,24,5000,120000
10071,2026-08-04,11:22,9,21,4000,84000
10072,2026-08-04,11:39,10,19,2000,38000
10073,2026-08-04,18:40,10,4,2000,8000
10074,2026-08-04,16:23,10,4,2000,8000
10075,2026-08-04,18:00,11,9,12000,108000
10076,2026-08-04,15:27,12,7,5000,35000
10077,2026-08-04,07:26,13,32,1500,48000
10078,2026-08-04,19:26,14,6,30000,180000
10079,2026-08-04,20:55,14,4,30000,120000
10080,2026-08-04,07:34,15,10,31000,310000
10081,2026-08-04,18:59,16,6,2500,15000
10082,2026-08-04,20:54,17,5,16000,80000
10083,2026-08-04,07:10,18,7,3500,24500
10084,2026-08-04,08:57,19,19,5500,104500
10085,2026-08-04,20:19,20,6,10000,60000
10086,2026-08-05,16:02,1,4,95000,380000
10087,2026-08-05,11:16,1,7,95000,665000
10088,2026-08-05,21:02,2,5,95000,475000
10089,2026-08-05,09:57,3,14,72000,1008000
10090,2026-08-05,10:15,4,12,62000,744000
10091,2026-08-05,07:10,5,5,36000,180000
10092,2026-08-05,08:02,6,18,18000,324000
10093,2026-08-05,12:57,7,15,17000,255000
10094,2026-08-05,12:54,8,11,5000,55000
10095,2026-08-05,07:07,8,11,5000,55000
10096,2026-08-05,12:18,9,15,4000,60000
10097,2026-08-05,12:50,9,22,4000,88000
10098,2026-08-05,10:54,10,2,2000,4000
10099,2026-08-05,13:37,10,21,2000,42000
10100,2026-08-05,15:51,11,6,12000,72000
10101,2026-08-05,18:50,12,9,5000,45000
10102,2026-08-05,10:48,13,15,1500,22500
10103,2026-08-05,21:10,14,2,30000,60000
10104,2026-08-05,11:54,14,3,30000,90000
10105,2026-08-05,21:10,15,13,31000,403000
10106,2026-08-05,09:00,16,28,2500,70000
10107,2026-08-05,12:36,17,1,16000,16000
10108,2026-08-05,18:47,17,5,16000,80000
10109,2026-08-05,17:14,18,7,3500,24500
10110,2026-08-05,20:50,19,14,5500,77000
10111,2026-08-05,11:05,20,5,10000,50000
10112,2026-08-06,16:03,1,10,95000,950000
10113,2026-08-06,12:48,2,5,95000,475000
10114,2026-08-06,12:58,3,12,72000,864000
10115,2026-08-06,16:08,4,5,62000,310000
10116,2026-08-06,07:07,4,1,62000,62000
10117,2026-08-06,14:25,5,11,36000,396000
10118,2026-08-06,14:29,6,12,18000,216000
10119,2026-08-06,12:17,7,11,17000,187000
10120,2026-08-06,21:00,8,10,5000,50000
10121,2026-08-06,16:49,9,14,4000,56000
10122,2026-08-06,08:36,10,21,2000,42000
10123,2026-08-06,10:57,10,9,2000,18000
10124,2026-08-06,16:50,11,5,12000,60000
10125,2026-08-06,09:11,12,6,5000,30000
10126,2026-08-06,08:44,13,36,1500,54000
10127,2026-08-06,14:23,14,6,30000,180000
10128,2026-08-06,13:08,15,14,31000,434000
10129,2026-08-06,12:09,16,9,2500,22500
10130,2026-08-06,17:54,16,16,2500,40000
10131,2026-08-06,15:40,16,3,2500,7500
10132,2026-08-06,08:57,17,3,16000,48000
10133,2026-08-06,21:09,17,2,16000,32000
10134,2026-08-06,18:01,17,1,16000,16000
10135,2026-08-06,08:28,18,4,3500,14000
10136,2026-08-06,19:49,18,4,3500,14000
10137,2026-08-06,07:36,19,9,5500,49500
10138,2026-08-06,17:47,20,6,10000,60000
10139,2026-08-07,12:55,1,3,95000,285000
10140,2026-08-07,09:17,1,2,95000,190000
10141,2026-08-07,09:45,2,3,95000,285000
10142,2026-08-07,12:44,3,4,72000,288000
10143,2026-08-07,12:22,4,10,62000,620000
10144,2026-08-07,08:17,5,7,36000,252000
10145,2026-08-07,19:08,6,13,18000,234000
10146,2026-08-07,17:06,7,6,17000,102000
10147,2026-08-07,17:53,8,22,5000,110000
10148,2026-08-07,20:28,9,19,4000,76000
10149,2026-08-07,16:29,10,15,2000,30000
10150,2026-08-07,14:38,11,3,12000,36000
10151,2026-08-07,09:23,11,3,12000,36000
10152,2026-08-07,20:08,12,2,5000,10000
10153,2026-08-07,09:05,12,2,5000,10000
10154,2026-08-07,10:45,13,23,1500,34500
10155,2026-08-07,18:59,14,1,30000,30000
10156,2026-08-07,15:50,14,1,30000,30000
10157,2026-08-07,09:47,15,10,31000,310000
10158,2026-08-07,19:34,16,1,2500,2500
10159,2026-08-07,14:31,16,10,2500,25000
10160,2026-08-07,07:27,16,10,2500,25000
10161,2026-08-07,13:53,18,3,3500,10500
10162,2026-08-07,10:56,19,9,5500,49500
10163,2026-08-07,09:37,20,4,10000,40000
10164,2026-08-08,15:27,1,17,95000,1615000
10165,2026-08-08,12:55,2,10,95000,950000
10166,2026-08-08,09:21,3,1,72000,72000
10167,2026-08-08,14:45,3,10,72000,720000
10168,2026-08-08,11:27,4,8,62000,496000
10169,2026-08-08,21:33,5,13,36000,468000
10170,2026-08-08,15:50,6,12,18000,216000
10171,2026-08-08,15:12,7,5,17000,85000
10172,2026-08-08,20:47,7,1,17000,17000
10173,2026-08-08,19:20,8,26,5000,130000
10174,2026-08-08,19:30,9,23,4000,92000
10175,2026-08-08,09:25,9,6,4000,24000
10176,2026-08-08,18:32,10,1,2000,2000
10177,2026-08-08,11:25,10,25,2000,50000
10178,2026-08-08,17:37,11,7,12000,84000
10179,2026-08-08,11:59,12,3,5000,15000
10180,2026-08-08,10:55,12,3,5000,15000
10181,2026-08-08,18:23,13,11,1500,16500
10182,2026-08-08,08:50,13,16,1500,24000
10183,2026-08-08,09:35,14,10,30000,300000
10184,2026-08-08,09:55,15,16,31000,496000
10185,2026-08-08,19:06,16,14,2500,35000
10186,2026-08-08,12:46,17,7,16000,112000
10187,2026-08-08,09:48,18,1,3500,3500
10188,2026-08-08,21:19,18,1,3500,3500
10189,2026-08-08,15:26,19,11,5500,60500
10190,2026-08-08,19:16,20,5,10000,50000
10191,2026-08-09,08:54,1,1,95000,95000
10192,2026-08-09,09:50,1,8,95000,760000
10193,2026-08-09,21:17,2,5,95000,475000
10194,2026-08-09,16:36,3,21,72000,1512000
10195,2026-08-09,07:50,4,5,62000,310000
10196,2026-08-09,18:41,5,18,36000,648000
10197,2026-08-09,09:53,6,17,18000,306000
10198,2026-08-09,09:26,7,1,17000,17000
10199,2026-08-09,13:00,7,10,17000,170000
10200,2026-08-09,20:57,8,31,5000,155000
10201,2026-08-09,20:03,9,54,4000,216000
10202,2026-08-09,10:11,10,12,2000,24000
10203,2026-08-09,08:30,10,7,2000,14000
10204,2026-08-09,20:18,10,2,2000,4000
10205,2026-08-09,18:14,11,1,12000,12000
10206,2026-08-09,16:04,11,3,12000,36000
10207,2026-08-09,19:05,12,6,5000,30000
10208,2026-08-09,10:23,13,39,1500,58500
10209,2026-08-09,16:11,14,3,30000,90000
10210,2026-08-09,09:10,14,1,30000,30000
10211,2026-08-09,14:05,15,15,31000,465000
10212,2026-08-09,16:14,16,34,2500,85000
10213,2026-08-09,07:44,17,5,16000,80000
10214,2026-08-09,07:59,18,5,3500,17500
10215,2026-08-09,14:31,19,10,5500,55000
10216,2026-08-09,13:17,20,3,10000,30000
10217,2026-08-09,13:07,20,3,10000,30000
10218,2026-08-10,14:27,1,4,95000,380000
10219,2026-08-10,20:08,1,1,95000,95000
10220,2026-08-10,13:18,1,1,95000,95000
10221,2026-08-10,15:45,2,8,95000,760000
10222,2026-08-10,16:20,3,1,72000,72000
10223,2026-08-10,10:29,3,1,72000,72000
10224,2026-08-10,09:12,3,15,72000,1080000
10225,2026-08-10,08:28,4,7,62000,434000
10226,2026-08-10,20:14,5,3,36000,108000
10227,2026-08-10,17:07,5,6,36000,216000
10228,2026-08-10,20:56,6,18,18000,324000
10229,2026-08-10,13:07,7,11,17000,187000
10230,2026-08-10,21:50,8,12,5000,60000
10231,2026-08-10,18:05,9,10,4000,40000
10232,2026-08-10,13:19,9,8,4000,32000
10233,2026-08-10,10:45,10,15,2000,30000
10234,2026-08-10,12:17,11,6,12000,72000
10235,2026-08-10,08:58,12,5,5000,25000
10236,2026-08-10,18:12,12,4,5000,20000
10237,2026-08-10,14:30,13,19,1500,28500
10238,2026-08-10,15:23,14,4,30000,120000
10239,2026-08-10,14:26,14,2,30000,60000
10240,2026-08-10,13:54,15,1,31000,31000
10241,2026-08-10,18:13,15,9,31000,279000
10242,2026-08-10,11:11,16,10,2500,25000
10243,2026-08-10,16:02,16,4,2500,10000
10244,2026-08-10,19:04,17,2,16000,32000
10245,2026-08-10,14:20,17,2,16000,32000
10246,2026-08-10,15:35,18,1,3500,3500
10247,2026-08-10,14:01,18,3,3500,10500
10248,2026-08-10,16:36,19,4,5500,22000
10249,2026-08-10,10:11,19,3,5500,16500
10250,2026-08-10,11:44,19,1,5500,5500
10251,2026-08-10,21:10,20,2,10000,20000
10252,2026-08-11,10:28,1,8,95000,760000
10253,2026-08-11,19:17,2,4,95000,380000
10254,2026-08-11,14:10,3,9,72000,648000
10255,2026-08-11,12:27,4,6,62000,372000
10256,2026-08-11,15:52,5,4,36000,144000
10257,2026-08-11,13:36,5,6,36000,216000
10258,2026-08-11,16:48,6,10,18000,180000
10259,2026-08-11,20:18,7,1,17000,17000
10260,2026-08-11,19:34,7,2,17000,34000
10261,2026-08-11,12:47,7,2,17000,34000
10262,2026-08-11,20:48,8,29,5000,145000
10263,2026-08-11,15:36,9,17,4000,68000
10264,2026-08-11,18:29,10,24,2000,48000
10265,2026-08-11,15:27,11,8,12000,96000
10266,2026-08-11,08:41,12,5,5000,25000
10267,2026-08-11,07:00,12,11,5000,55000
10268,2026-08-11,10:32,13,20,1500,30000
10269,2026-08-11,14:47,14,6,30000,180000
10270,2026-08-11,11:11,14,3,30000,90000
10271,2026-08-11,18:17,15,12,31000,372000
10272,2026-08-11,19:37,16,16,2500,40000
10273,2026-08-11,16:49,17,1,16000,16000
10274,2026-08-11,10:30,17,1,16000,16000
10275,2026-08-11,11:43,18,3,3500,10500
10276,2026-08-11,11:31,19,9,5500,49500
10277,2026-08-11,18:06,20,1,10000,10000
10278,2026-08-11,11:14,20,1,10000,10000
10279,2026-08-12,21:33,1,10,95000,950000
10280,2026-08-12,10:29,2,5,95000,475000
10281,2026-08-12,18:24,3,13,72000,936000
10282,2026-08-12,19:28,4,6,62000,372000
10283,2026-08-12,21:26,5,6,36000,216000
10284,2026-08-12,11:57,5,3,36000,108000
10285,2026-08-12,14:08,6,15,18000,270000
10286,2026-08-12,19:14,7,4,17000,68000
10287,2026-08-12,13:35,7,2,17000,34000
10288,2026-08-12,12:42,8,13,5000,65000
10289,2026-08-12,11:56,8,1,5000,5000
10290,2026-08-12,18:05,8,1,5000,5000
10291,2026-08-12,20:33,9,16,4000,64000
10292,2026-08-12,07:09,10,2,2000,4000
10293,2026-08-12,14:30,10,16,2000,32000
10294,2026-08-12,07:49,11,1,12000,12000
10295,2026-08-12,15:19,11,1,12000,12000
10296,2026-08-12,12:02,11,1,12000,12000
10297,2026-08-12,13:01,12,9,5000,45000
10298,2026-08-12,11:15,12,2,5000,10000
10299,2026-08-12,19:56,13,24,1500,36000
10300,2026-08-12,12:57,14,11,30000,330000
10301,2026-08-12,18:15,15,18,31000,558000
10302,2026-08-12,21:27,16,12,2500,30000
10303,2026-08-12,10:13,17,2,16000,32000
10304,2026-08-12,14:41,18,10,3500,35000
10305,2026-08-12,10:01,19,16,5500,88000
10306,2026-08-12,18:50,20,2,10000,20000
10307,2026-08-12,21:57,20,2,10000,20000
10308,2026-08-13,21:08,1,8,95000,760000
10309,2026-08-13,09:26,2,3,95000,285000
10310,2026-08-13,20:30,3,13,72000,936000
10311,2026-08-13,19:05,4,3,62000,186000
10312,2026-08-13,16:01,4,1,62000,62000
10313,2026-08-13,19:32,4,1,62000,62000
10314,2026-08-13,17:32,5,4,36000,144000
10315,2026-08-13,10:32,6,8,18000,144000
10316,2026-08-13,13:30,7,1,17000,17000
10317,2026-08-13,19:13,7,8,17000,136000
10318,2026-08-13,10:19,8,10,5000,50000
10319,2026-08-13,18:32,9,6,4000,24000
10320,2026-08-13,18:39,9,15,4000,60000
10321,2026-08-13,19:30,10,9,2000,18000
10322,2026-08-13,13:01,10,7,2000,14000
10323,2026-08-13,19:40,11,2,12000,24000
10324,2026-08-13,12:54,11,2,12000,24000
10325,2026-08-13,17:40,12,10,5000,50000
10326,2026-08-13,09:08,13,31,1500,46500
10327,2026-08-13,14:03,14,6,30000,180000
10328,2026-08-13,11:41,14,1,30000,30000
10329,2026-08-13,19:44,15,14,31000,434000
10330,2026-08-13,19:04,15,3,31000,93000
10331,2026-08-13,13:43,16,22,2500,55000
10332,2026-08-13,13:25,17,1,16000,16000
10333,2026-08-13,10:11,17,5,16000,80000
10334,2026-08-13,13:48,18,1,3500,3500
10335,2026-08-13,09:36,18,4,3500,14000
10336,2026-08-13,14:12,19,6,5500,33000
10337,2026-08-13,19:37,19,1,5500,5500
10338,2026-08-13,16:11,19,1,5500,5500
10339,2026-08-13,17:36,20,1,10000,10000
10340,2026-08-13,20:34,20,2,10000,20000
10341,2026-08-14,15:09,1,4,95000,380000
10342,2026-08-14,13:44,1,1,95000,95000
10343,2026-08-14,12:56,1,1,95000,95000
10344,2026-08-14,14:05,2,2,95000,190000
10345,2026-08-14,14:47,2,4,95000,380000
10346,2026-08-14,13:52,3,1,72000,72000
10347,2026-08-14,20:19,3,9,72000,648000
10348,2026-08-14,16:16,3,5,72000,360000
10349,2026-08-14,16:18,4,9,62000,558000
10350,2026-08-14,10:45,5,5,36000,180000
10351,2026-08-14,21:05,6,8,18000,144000
10352,2026-08-14,17:49,6,10,18000,180000
10353,2026-08-14,12:19,7,4,17000,68000
10354,2026-08-14,16:44,8,21,5000,105000
10355,2026-08-14,07:07,8,2,5000,10000
10356,2026-08-14,19:36,9,19,4000,76000
10357,2026-08-14,14:01,10,14,2000,28000
10358,2026-08-14,13:38,10,16,2000,32000
10359,2026-08-14,16:21,11,3,12000,36000
10360,2026-08-14,10:00,12,8,5000,40000
10361,2026-08-14,12:16,12,2,5000,10000
10362,2026-08-14,11:14,13,17,1500,25500
10363,2026-08-14,15:58,13,1,1500,1500
10364,2026-08-14,15:47,13,1,1500,1500
10365,2026-08-14,19:03,14,2,30000,60000
10366,2026-08-14,18:09,14,4,30000,120000
10367,2026-08-14,20:47,15,11,31000,341000
10368,2026-08-14,08:29,15,1,31000,31000
10369,2026-08-14,13:30,16,2,2500,5000
10370,2026-08-14,15:55,16,7,2500,17500
10371,2026-08-14,17:17,17,2,16000,32000
10372,2026-08-14,17:14,17,1,16000,16000
10373,2026-08-14,17:07,17,1,16000,16000
10374,2026-08-14,17:33,18,9,3500,31500
10375,2026-08-14,19:48,19,19,5500,104500
10376,2026-08-14,13:41,20,1,10000,10000
10377,2026-08-14,20:16,20,1,10000,10000
10378,2026-08-14,21:49,20,3,10000,30000
10379,2026-08-15,18:42,1,14,95000,1330000
10380,2026-08-15,20:41,2,7,95000,665000
10381,2026-08-15,12:00,3,16,72000,1152000
10382,2026-08-15,14:49,4,6,62000,372000
10383,2026-08-15,14:03,5,12,36000,432000
10384,2026-08-15,17:19,6,3,18000,54000
10385,2026-08-15,07:28,6,7,18000,126000
10386,2026-08-15,21:03,6,7,18000,126000
10387,2026-08-15,15:40,7,9,17000,153000
10388,2026-08-15,15:40,8,26,5000,130000
10389,2026-08-15,08:29,9,28,4000,112000
10390,2026-08-15,09:25,9,2,4000,8000
10391,2026-08-15,09:38,10,37,2000,74000
10392,2026-08-15,20:19,11,1,12000,12000
10393,2026-08-15,20:33,11,2,12000,24000
10394,2026-08-15,12:48,11,1,12000,12000
10395,2026-08-15,14:09,12,6,5000,30000
10396,2026-08-15,15:32,12,1,5000,5000
10397,2026-08-15,17:37,12,1,5000,5000
10398,2026-08-15,17:41,13,37,1500,55500
10399,2026-08-15,14:40,13,6,1500,9000
10400,2026-08-15,11:05,13,14,1500,21000
10401,2026-08-15,15:00,14,14,30000,420000
10402,2026-08-15,16:43,15,19,31000,589000
10403,2026-08-15,16:56,16,23,2500,57500
10404,2026-08-15,09:51,17,1,16000,16000
10405,2026-08-15,14:25,17,4,16000,64000
10406,2026-08-15,07:35,18,8,3500,28000
10407,2026-08-15,09:53,19,21,5500,115500
10408,2026-08-15,16:07,20,2,10000,20000
10409,2026-08-16,17:48,1,6,95000,570000
10410,2026-08-16,10:43,2,7,95000,665000
10411,2026-08-16,21:56,2,2,95000,190000
10412,2026-08-16,11:13,3,13,72000,936000
10413,2026-08-16,16:24,4,6,62000,372000
10414,2026-08-16,17:16,5,2,36000,72000
10415,2026-08-16,12:33,5,5,36000,180000
10416,2026-08-16,21:00,6,8,18000,144000
10417,2026-08-16,08:11,6,4,18000,72000
10418,2026-08-16,18:18,7,7,17000,119000
10419,2026-08-16,09:19,8,43,5000,215000
10420,2026-08-16,09:42,8,3,5000,15000
10421,2026-08-16,13:38,9,7,4000,28000
10422,2026-08-16,07:37,9,23,4000,92000
10423,2026-08-16,21:09,10,29,2000,58000
10424,2026-08-16,10:00,11,4,12000,48000
10425,2026-08-16,09:35,11,2,12000,24000
10426,2026-08-16,21:17,11,2,12000,24000
10427,2026-08-16,13:52,12,11,5000,55000
10428,2026-08-16,07:15,13,46,1500,69000
10429,2026-08-16,16:24,13,2,1500,3000
10430,2026-08-16,07:08,14,8,30000,240000
10431,2026-08-16,21:48,14,6,30000,180000
10432,2026-08-16,13:20,15,13,31000,403000
10433,2026-08-16,19:57,16,20,2500,50000
10434,2026-08-16,12:22,17,1,16000,16000
10435,2026-08-16,10:44,17,5,16000,80000
10436,2026-08-16,15:48,18,3,3500,10500
10437,2026-08-16,08:44,18,2,3500,7000
10438,2026-08-16,14:50,19,13,5500,71500
10439,2026-08-16,11:43,20,6,10000,60000
10440,2026-08-17,10:55,1,9,95000,855000
10441,2026-08-17,18:17,2,1,95000,95000
10442,2026-08-17,15:09,3,9,72000,648000
10443,2026-08-17,08:22,3,5,72000,360000
10444,2026-08-17,14:31,4,5,62000,310000
10445,2026-08-17,10:33,4,1,62000,62000
10446,2026-08-17,18:25,5,11,36000,396000
10447,2026-08-17,10:08,6,17,18000,306000
10448,2026-08-17,07:24,7,12,17000,204000
10449,2026-08-17,14:38,8,26,5000,130000
10450,2026-08-17,13:18,9,17,4000,68000
10451,2026-08-17,16:04,9,13,4000,52000
10452,2026-08-17,16:19,10,35,2000,70000
10453,2026-08-17,14:58,11,6,12000,72000
10454,2026-08-17,21:11,12,6,5000,30000
10455,2026-08-17,09:47,12,2,5000,10000
10456,2026-08-17,11:11,13,36,1500,54000
10457,2026-08-17,09:10,14,7,30000,210000
10458,2026-08-17,13:36,14,3,30000,90000
10459,2026-08-17,13:26,15,1,31000,31000
10460,2026-08-17,13:04,15,13,31000,403000
10461,2026-08-17,09:12,16,19,2500,47500
10462,2026-08-17,21:22,16,2,2500,5000
10463,2026-08-17,13:39,16,1,2500,2500
10464,2026-08-17,10:20,17,1,16000,16000
10465,2026-08-17,19:35,17,1,16000,16000
10466,2026-08-17,18:30,17,1,16000,16000
10467,2026-08-17,15:32,18,2,3500,7000
10468,2026-08-17,14:45,18,2,3500,7000
10469,2026-08-17,16:11,19,14,5500,77000
10470,2026-08-17,19:27,20,5,10000,50000
10471,2026-08-18,08:15,1,12,95000,1140000
10472,2026-08-18,09:03,2,2,95000,190000
10473,2026-08-18,20:51,3,10,72000,720000
10474,2026-08-18,16:52,4,7,62000,434000
10475,2026-08-18,12:12,5,12,36000,432000
10476,2026-08-18,10:48,6,12,18000,216000
10477,2026-08-18,16:05,6,3,18000,54000
10478,2026-08-18,09:25,7,9,17000,153000
10479,2026-08-18,07:57,8,10,5000,50000
10480,2026-08-18,11:03,9,14,4000,56000
10481,2026-08-18,18:29,10,22,2000,44000
10482,2026-08-18,21:25,10,5,2000,10000
10483,2026-08-18,16:46,11,3,12000,36000
10484,2026-08-18,19:19,12,1,5000,5000
10485,2026-08-18,18:41,12,5,5000,25000
10486,2026-08-18,20:18,13,3,1500,4500
10487,2026-08-18,18:59,13,30,1500,45000
10488,2026-08-18,10:19,14,5,30000,150000
10489,2026-08-18,10:33,15,19,31000,589000
10490,2026-08-18,12:09,16,16,2500,40000
10491,2026-08-18,21:40,16,11,2500,27500
10492,2026-08-18,09:02,17,1,16000,16000
10493,2026-08-18,16:39,17,1,16000,16000
10494,2026-08-18,17:20,18,4,3500,14000
10495,2026-08-18,11:10,19,1,5500,5500
10496,2026-08-18,18:50,19,1,5500,5500
10497,2026-08-18,11:58,20,1,10000,10000
10498,2026-08-18,07:21,20,2,10000,20000
10499,2026-08-19,07:33,1,3,95000,285000
10500,2026-08-19,09:14,1,6,95000,570000
10501,2026-08-19,10:01,2,4,95000,380000
10502,2026-08-19,14:27,3,13,72000,936000
10503,2026-08-19,19:06,4,3,62000,186000
10504,2026-08-19,15:57,5,5,36000,180000
10505,2026-08-19,16:25,5,6,36000,216000
10506,2026-08-19,16:52,6,11,18000,198000
10507,2026-08-19,17:54,7,1,17000,17000
10508,2026-08-19,12:25,7,8,17000,136000
10509,2026-08-19,21:00,8,17,5000,85000
10510,2026-08-19,17:23,9,13,4000,52000
10511,2026-08-19,21:00,10,16,2000,32000
10512,2026-08-19,13:26,11,8,12000,96000
10513,2026-08-19,15:27,12,8,5000,40000
10514,2026-08-19,14:09,13,37,1500,55500
10515,2026-08-19,21:46,14,6,30000,180000
10516,2026-08-19,17:49,14,2,30000,60000
10517,2026-08-19,20:00,15,15,31000,465000
10518,2026-08-19,19:19,16,9,2500,22500
10519,2026-08-19,08:45,17,3,16000,48000
10520,2026-08-19,10:04,18,5,3500,17500
10521,2026-08-19,17:39,19,8,5500,44000
10522,2026-08-19,12:54,19,8,5500,44000
10523,2026-08-19,07:03,20,6,10000,60000
10524,2026-08-20,14:12,1,11,95000,1045000
10525,2026-08-20,14:22,2,1,95000,95000
10526,2026-08-20,07:14,2,5,95000,475000
10527,2026-08-20,19:36,3,9,72000,648000
10528,2026-08-20,07:09,4,2,62000,124000
10529,2026-08-20,18:21,4,5,62000,310000
10530,2026-08-20,16:12,5,2,36000,72000
10531,2026-08-20,15:30,5,8,36000,288000
10532,2026-08-20,14:02,6,10,18000,180000
10533,2026-08-20,18:11,7,8,17000,136000
10534,2026-08-20,11:17,8,14,5000,70000
10535,2026-08-20,20:28,8,2,5000,10000
10536,2026-08-20,16:00,9,32,4000,128000
10537,2026-08-20,13:01,10,8,2000,16000
10538,2026-08-20,14:47,10,1,2000,2000
10539,2026-08-20,19:14,11,4,12000,48000
10540,2026-08-20,12:04,11,1,12000,12000
10541,2026-08-20,21:56,11,3,12000,36000
10542,2026-08-20,20:30,12,5,5000,25000
10543,2026-08-20,08:49,13,19,1500,28500
10544,2026-08-20,19:30,14,2,30000,60000
10545,2026-08-20,17:02,14,9,30000,270000
10546,2026-08-20,08:30,15,12,31000,372000
10547,2026-08-20,18:15,15,3,31000,93000
10548,2026-08-20,17:10,15,2,31000,62000
10549,2026-08-20,12:05,16,19,2500,47500
10550,2026-08-20,11:22,16,8,2500,20000
10551,2026-08-20,11:02,17,5,16000,80000
10552,2026-08-20,15:50,18,2,3500,7000
10553,2026-08-20,12:32,18,7,3500,24500
10554,2026-08-20,12:34,19,11,5500,60500
10555,2026-08-20,18:51,20,3,10000,30000
10556,2026-08-20,08:20,20,1,10000,10000
10557,2026-08-21,11:17,1,4,95000,380000
10558,2026-08-21,18:51,1,4,95000,380000
10559,2026-08-21,12:15,2,6,95000,570000
10560,2026-08-21,16:42,2,1,95000,95000
10561,2026-08-21,13:03,3,9,72000,648000
10562,2026-08-21,07:03,4,4,62000,248000
10563,2026-08-21,11:00,4,1,62000,62000
10564,2026-08-21,21:53,5,9,36000,324000
10565,2026-08-21,12:57,6,3,18000,54000
10566,2026-08-21,11:07,6,2,18000,36000
10567,2026-08-21,07:48,7,9,17000,153000
10568,2026-08-21,21:50,8,6,5000,30000
10569,2026-08-21,09:05,9,5,4000,20000
10570,2026-08-21,19:34,9,17,4000,68000
10571,2026-08-21,10:37,10,31,2000,62000
10572,2026-08-21,19:10,11,4,12000,48000
10573,2026-08-21,10:32,12,1,5000,5000
10574,2026-08-21,12:58,12,11,5000,55000
10575,2026-08-21,13:43,13,18,1500,27000
10576,2026-08-21,11:40,13,1,1500,1500
10577,2026-08-21,15:34,14,1,30000,30000
10578,2026-08-21,07:09,14,8,30000,240000
10579,2026-08-21,13:20,14,2,30000,60000
10580,2026-08-21,18:21,15,17,31000,527000
10581,2026-08-21,21:24,16,9,2500,22500
10582,2026-08-21,13:45,17,8,16000,128000
10583,2026-08-21,18:15,18,2,3500,7000
10584,2026-08-21,12:46,18,3,3500,10500
10585,2026-08-21,10:03,19,6,5500,33000
10586,2026-08-21,11:54,20,1,10000,10000
10587,2026-08-21,07:32,20,1,10000,10000
10588,2026-08-21,21:32,20,1,10000,10000
10589,2026-08-22,07:32,1,7,95000,665000
10590,2026-08-22,18:38,1,2,95000,190000
10591,2026-08-22,15:30,1,1,95000,95000
10592,2026-08-22,07:43,2,1,95000,95000
10593,2026-08-22,18:07,2,2,95000,190000
10594,2026-08-22,16:44,2,3,95000,285000
10595,2026-08-22,20:46,3,9,72000,648000
10596,2026-08-22,20:44,3,5,72000,360000
10597,2026-08-22,20:14,4,3,62000,186000
10598,2026-08-22,08:05,4,4,62000,248000
10599,2026-08-22,20:58,5,13,36000,468000
10600,2026-08-22,13:24,6,13,18000,234000
10601,2026-08-22,12:34,7,5,17000,85000
10602,2026-08-22,12:35,8,25,5000,125000
10603,2026-08-22,09:51,9,8,4000,32000
10604,2026-08-22,09:42,10,33,2000,66000
10605,2026-08-22,16:41,11,4,12000,48000
10606,2026-08-22,11:29,12,9,5000,45000
10607,2026-08-22,09:09,13,44,1500,66000
10608,2026-08-22,07:20,13,7,1500,10500
10609,2026-08-22,21:30,14,6,30000,180000
10610,2026-08-22,14:17,15,16,31000,496000
10611,2026-08-22,12:45,15,3,31000,93000
10612,2026-08-22,14:46,16,20,2500,50000
10613,2026-08-22,07:55,17,7,16000,112000
10614,2026-08-22,15:43,17,1,16000,16000
10615,2026-08-22,21:40,18,2,3500,7000
10616,2026-08-22,21:12,18,3,3500,10500
10617,2026-08-22,19:04,19,9,5500,49500
10618,2026-08-22,18:04,20,6,10000,60000
10619,2026-08-23,18:15,1,6,95000,570000
10620,2026-08-23,16:17,1,3,95000,285000
10621,2026-08-23,19:31,2,4,95000,380000
10622,2026-08-23,09:55,3,7,72000,504000
10623,2026-08-23,13:11,3,5,72000,360000
10624,2026-08-23,18:48,4,7,62000,434000
10625,2026-08-23,21:00,5,15,36000,540000
10626,2026-08-23,07:08,6,6,18000,108000
10627,2026-08-23,18:34,7,2,17000,34000
10628,2026-08-23,11:01,7,8,17000,136000
10629,2026-08-23,14:52,8,32,5000,160000
10630,2026-08-23,14:00,9,32,4000,128000
10631,2026-08-23,13:33,10,41,2000,82000
10632,2026-08-23,12:59,11,6,12000,72000
10633,2026-08-23,10:02,12,4,5000,20000
10634,2026-08-23,13:25,12,4,5000,20000
10635,2026-08-23,20:00,13,44,1500,66000
10636,2026-08-23,09:46,14,10,30000,300000
10637,2026-08-23,17:05,15,14,31000,434000
10638,2026-08-23,11:53,16,14,2500,35000
10639,2026-08-23,07:39,16,12,2500,30000
10640,2026-08-23,08:00,17,3,16000,48000
10641,2026-08-23,16:07,18,1,3500,3500
10642,2026-08-23,09:03,18,4,3500,14000
10643,2026-08-23,17:01,19,4,5500,22000
10644,2026-08-23,09:23,19,7,5500,38500
10645,2026-08-23,16:16,20,7,10000,70000
10646,2026-08-24,18:12,2,5,95000,475000
10647,2026-08-24,19:23,3,8,72000,576000
10648,2026-08-24,16:29,3,4,72000,288000
10649,2026-08-24,10:54,4,2,62000,124000
10650,2026-08-24,08:36,4,1,62000,62000
10651,2026-08-24,13:02,5,3,36000,108000
10652,2026-08-24,07:39,5,7,36000,252000
10653,2026-08-24,07:08,6,7,18000,126000
10654,2026-08-24,20:29,6,8,18000,144000
10655,2026-08-24,20:31,7,10,17000,170000
10656,2026-08-24,19:17,8,1,5000,5000
10657,2026-08-24,17:37,8,1,5000,5000
10658,2026-08-24,09:02,8,1,5000,5000
10659,2026-08-24,18:35,9,31,4000,124000
10660,2026-08-24,21:21,10,10,2000,20000
10661,2026-08-24,10:32,10,5,2000,10000
10662,2026-08-24,08:07,10,4,2000,8000
10663,2026-08-24,17:35,11,7,12000,84000
10664,2026-08-24,15:38,12,9,5000,45000
10665,2026-08-24,17:22,13,23,1500,34500
10666,2026-08-24,11:56,14,9,30000,270000
10667,2026-08-24,19:21,15,5,31000,155000
10668,2026-08-24,13:25,15,8,31000,248000
10669,2026-08-24,09:38,16,7,2500,17500
10670,2026-08-24,09:07,17,3,16000,48000
10671,2026-08-24,14:39,17,2,16000,32000
10672,2026-08-24,12:44,18,4,3500,14000
10673,2026-08-24,07:15,19,7,5500,38500
10674,2026-08-24,19:26,20,2,10000,20000
10675,2026-08-24,20:08,20,1,10000,10000
10676,2026-08-24,11:34,20,1,10000,10000
10677,2026-08-25,14:00,1,8,95000,760000
10678,2026-08-25,20:40,2,4,95000,380000
10679,2026-08-25,13:57,3,13,72000,936000
10680,2026-08-25,10:22,4,1,62000,62000
10681,2026-08-25,19:04,4,1,62000,62000
10682,2026-08-25,12:32,4,2,62000,124000
10683,2026-08-25,08:23,5,8,36000,288000
10684,2026-08-25,08:28,6,11,18000,198000
10685,2026-08-25,10:43,6,1,18000,18000
10686,2026-08-25,18:40,6,1,18000,18000
10687,2026-08-25,19:06,7,7,17000,119000
10688,2026-08-25,12:27,7,4,17000,68000
10689,2026-08-25,07:22,7,2,17000,34000
10690,2026-08-25,16:03,8,17,5000,85000
10691,2026-08-25,09:16,9,29,4000,116000
10692,2026-08-25,10:15,10,25,2000,50000
10693,2026-08-25,11:28,11,4,12000,48000
10694,2026-08-25,07:45,12,7,5000,35000
10695,2026-08-25,11:46,13,28,1500,42000
10696,2026-08-25,08:43,14,4,30000,120000
10697,2026-08-25,19:20,14,5,30000,150000
10698,2026-08-25,16:03,15,15,31000,465000
10699,2026-08-25,12:46,15,4,31000,124000
10700,2026-08-25,16:59,16,22,2500,55000
10701,2026-08-25,13:47,17,4,16000,64000
10702,2026-08-25,21:19,17,1,16000,16000
10703,2026-08-25,16:13,18,2,3500,7000
10704,2026-08-25,13:21,18,2,3500,7000
10705,2026-08-25,08:35,19,8,5500,44000
10706,2026-08-25,21:20,20,3,10000,30000
10707,2026-08-26,11:40,1,4,95000,380000
10708,2026-08-26,17:35,1,4,95000,380000
10709,2026-08-26,15:00,2,4,95000,380000
10710,2026-08-26,14:03,3,14,72000,1008000
10711,2026-08-26,18:44,4,2,62000,124000
10712,2026-08-26,14:54,4,3,62000,186000
10713,2026-08-26,18:05,5,10,36000,360000
10714,2026-08-26,10:54,6,16,18000,288000
10715,2026-08-26,17:06,7,4,17000,68000
10716,2026-08-26,09:01,8,31,5000,155000
10717,2026-08-26,14:15,9,14,4000,56000
10718,2026-08-26,10:12,9,6,4000,24000
10719,2026-08-26,18:45,10,3,2000,6000
10720,2026-08-26,16:44,10,6,2000,12000
10721,2026-08-26,19:43,11,6,12000,72000
10722,2026-08-26,16:55,12,8,5000,40000
10723,2026-08-26,11:02,13,29,1500,43500
10724,2026-08-26,15:58,14,10,30000,300000
10725,2026-08-26,10:48,15,17,31000,527000
10726,2026-08-26,13:59,16,21,2500,52500
10727,2026-08-26,13:39,17,2,16000,32000
10728,2026-08-26,20:37,17,2,16000,32000
10729,2026-08-26,09:28,18,3,3500,10500
10730,2026-08-26,14:58,18,2,3500,7000
10731,2026-08-26,21:45,19,16,5500,88000
10732,2026-08-26,18:34,20,2,10000,20000
10733,2026-08-27,09:02,1,6,95000,570000
10734,2026-08-27,09:15,1,2,95000,190000
10735,2026-08-27,16:06,2,1,95000,95000
10736,2026-08-27,11:44,2,4,95000,380000
10737,2026-08-27,16:12,3,2,72000,144000
10738,2026-08-27,10:48,3,7,72000,504000
10739,2026-08-27,19:11,3,5,72000,360000
10740,2026-08-27,11:08,4,5,62000,310000
10741,2026-08-27,11:31,5,5,36000,180000
10742,2026-08-27,16:33,6,10,18000,180000
10743,2026-08-27,09:56,6,4,18000,72000
10744,2026-08-27,12:52,7,8,17000,136000
10745,2026-08-27,12:55,7,1,17000,17000
10746,2026-08-27,20:17,8,27,5000,135000
10747,2026-08-27,21:24,9,3,4000,12000
10748,2026-08-27,07:58,9,10,4000,40000
10749,2026-08-27,16:44,10,11,2000,22000
10750,2026-08-27,16:39,10,14,2000,28000
10751,2026-08-27,08:12,10,8,2000,16000
10752,2026-08-27,10:07,11,10,12000,120000
10753,2026-08-27,18:53,12,7,5000,35000
10754,2026-08-27,11:15,13,20,1500,30000
10755,2026-08-27,09:11,14,6,30000,180000
10756,2026-08-27,17:46,15,7,31000,217000
10757,2026-08-27,19:09,15,8,31000,248000
10758,2026-08-27,14:29,16,16,2500,40000
10759,2026-08-27,10:13,16,4,2500,10000
10760,2026-08-27,08:26,16,3,2500,7500
10761,2026-08-27,13:25,17,1,16000,16000
10762,2026-08-27,21:19,17,2,16000,32000
10763,2026-08-27,21:51,18,1,3500,3500
10764,2026-08-27,14:00,18,7,3500,24500
10765,2026-08-27,12:03,19,6,5500,33000
10766,2026-08-27,19:02,20,2,10000,20000
10767,2026-08-28,12:10,1,10,95000,950000
10768,2026-08-28,09:40,2,1,95000,95000
10769,2026-08-28,11:05,2,1,95000,95000
10770,2026-08-28,17:30,3,1,72000,72000
10771,2026-08-28,19:45,3,10,72000,720000
10772,2026-08-28,07:08,4,13,62000,806000
10773,2026-08-28,07:43,5,5,36000,180000
10774,2026-08-28,17:55,5,4,36000,144000
10775,2026-08-28,19:48,6,9,18000,162000
10776,2026-08-28,09:27,7,8,17000,136000
10777,2026-08-28,09:23,8,17,5000,85000
10778,2026-08-28,07:53,9,23,4000,92000
10779,2026-08-28,07:53,10,27,2000,54000
10780,2026-08-28,07:15,10,1,2000,2000
10781,2026-08-28,18:25,10,1,2000,2000
10782,2026-08-28,15:42,11,3,12000,36000
10783,2026-08-28,13:46,12,7,5000,35000
10784,2026-08-28,08:18,12,3,5000,15000
10785,2026-08-28,16:28,12,2,5000,10000
10786,2026-08-28,16:31,13,31,1500,46500
10787,2026-08-28,08:33,14,4,30000,120000
10788,2026-08-28,21:13,14,6,30000,180000
10789,2026-08-28,18:36,15,10,31000,310000
10790,2026-08-28,20:34,15,2,31000,62000
10791,2026-08-28,18:17,15,1,31000,31000
10792,2026-08-28,19:04,16,20,2500,50000
10793,2026-08-28,11:38,16,7,2500,17500
10794,2026-08-28,16:47,17,1,16000,16000
10795,2026-08-28,16:56,17,1,16000,16000
10796,2026-08-28,12:52,17,1,16000,16000
10797,2026-08-28,20:18,18,6,3500,21000
10798,2026-08-28,19:42,19,6,5500,33000
10799,2026-08-28,20:26,20,3,10000,30000
10800,2026-08-29,11:13,1,7,95000,665000
10801,2026-08-29,09:08,1,6,95000,570000
10802,2026-08-29,21:24,2,3,95000,285000
10803,2026-08-29,08:08,2,2,95000,190000
10804,2026-08-29,18:35,3,11,72000,792000
10805,2026-08-29,21:56,4,6,62000,372000
10806,2026-08-29,17:04,5,13,36000,468000
10807,2026-08-29,12:39,6,2,18000,36000
10808,2026-08-29,11:35,6,10,18000,180000
10809,2026-08-29,07:00,7,4,17000,68000
10810,2026-08-29,18:04,7,3,17000,51000
10811,2026-08-29,09:43,7,3,17000,51000
10812,2026-08-29,18:44,8,27,5000,135000
10813,2026-08-29,21:12,9,3,4000,12000
10814,2026-08-29,20:37,9,3,4000,12000
10815,2026-08-29,15:45,9,7,4000,28000
10816,2026-08-29,09:52,10,8,2000,16000
10817,2026-08-29,21:59,10,3,2000,6000
10818,2026-08-29,17:10,10,5,2000,10000
10819,2026-08-29,18:29,11,7,12000,84000
10820,2026-08-29,08:54,12,4,5000,20000
10821,2026-08-29,15:49,12,2,5000,10000
10822,2026-08-29,09:58,13,49,1500,73500
10823,2026-08-29,15:41,14,4,30000,120000
10824,2026-08-29,15:41,14,8,30000,240000
10825,2026-08-29,14:03,14,1,30000,30000
10826,2026-08-29,15:54,15,18,31000,558000
10827,2026-08-29,13:33,16,35,2500,87500
10828,2026-08-29,18:04,17,5,16000,80000
10829,2026-08-29,16:41,18,2,3500,7000
10830,2026-08-29,12:25,18,3,3500,10500
10831,2026-08-29,11:29,18,2,3500,7000
10832,2026-08-29,16:34,19,10,5500,55000
10833,2026-08-29,20:17,19,1,5500,5500
10834,2026-08-29,19:43,20,9,10000,90000
10835,2026-08-30,13:43,1,17,95000,1615000
10836,2026-08-30,11:36,2,6,95000,570000
10837,2026-08-30,10:56,3,7,72000,504000
10838,2026-08-30,17:34,3,8,72000,576000
10839,2026-08-30,07:54,4,10,62000,620000
10840,2026-08-30,09:12,5,8,36000,288000
10841,2026-08-30,13:51,5,3,36000,108000
10842,2026-08-30,20:34,6,12,18000,216000
10843,2026-08-30,21:09,7,13,17000,221000
10844,2026-08-30,13:25,8,27,5000,135000
10845,2026-08-30,08:26,9,32,4000,128000
10846,2026-08-30,21:20,10,22,2000,44000
10847,2026-08-30,11:21,11,1,12000,12000
10848,2026-08-30,14:42,11,1,12000,12000
10849,2026-08-30,12:48,12,4,5000,20000
10850,2026-08-30,19:22,12,3,5000,15000
10851,2026-08-30,21:31,12,2,5000,10000
10852,2026-08-30,09:16,13,47,1500,70500
10853,2026-08-30,11:00,14,9,30000,270000
10854,2026-08-30,13:33,15,20,31000,620000
10855,2026-08-30,15:50,16,18,2500,45000
10856,2026-08-30,11:43,17,1,16000,16000
10857,2026-08-30,07:22,17,2,16000,32000
10858,2026-08-30,13:22,18,6,3500,21000
10859,2026-08-30,08:09,19,13,5500,71500
10860,2026-08-30,11:55,20,6,10000,60000
10861,2026-08-31,08:49,1,6,95000,570000
10862,2026-08-31,16:30,2,7,95000,665000
10863,2026-08-31,19:54,3,1,72000,72000
10864,2026-08-31,20:12,3,3,72000,216000
10865,2026-08-31,10:33,3,13,72000,936000
10866,2026-08-31,15:27,4,6,62000,372000
10867,2026-08-31,19:14,5,13,36000,468000
10868,2026-08-31,20:02,6,8,18000,144000
10869,2026-08-31,18:04,6,1,18000,18000
10870,2026-08-31,10:26,7,11,17000,187000
10871,2026-08-31,21:39,8,24,5000,120000
10872,2026-08-31,21:17,9,27,4000,108000
10873,2026-08-31,10:32,10,24,2000,48000
10874,2026-08-31,09:02,12,1,5000,5000
10875,2026-08-31,19:44,12,5,5000,25000
10876,2026-08-31,07:34,13,25,1500,37500
10877,2026-08-31,07:38,14,2,30000,60000
10878,2026-08-31,19:55,14,3,30000,90000
10879,2026-08-31,08:13,15,15,31000,465000
10880,2026-08-31,16:00,16,17,2500,42500
10881,2026-08-31,13:40,17,2,16000,32000
10882,2026-08-31,16:30,18,4,3500,14000
10883,2026-08-31,20:54,19,7,5500,38500
10884,2026-08-31,20:17,20,4,10000,40000
10885,2026-08-31,12:09,20,1,10000,10000
10886,2026-08-31,15:17,20,1,10000,10000
